product_id,inventory_id,supplier_id,stock_quantity,reserved_quantity,minimum_stock_level,last_restocked_date,storage_cost,total_sold,avg_inventory,storage_cost_per_unit,stock_status,available_stock,stock_coverage_days,reorder_point_breach,stock_turnover_ratio
88,148,9,0,0,28,2025-10-10,7.36,1.0,72.5,,Out of Stock,0,0.0,1,0.013793103448275862
287,471,12,454,23,23,2025-07-19,9.4,,214.0,0.020704845814977973,High Stock,431,0.2461456688491023,0,
302,496,19,291,15,13,2025-11-19,3.44,3.0,291.0,0.011821305841924399,High Stock,276,0.15777178333719993,0,0.010309278350515464
283,463,38,0,0,28,2025-09-08,26.48,,0.0,,Out of Stock,0,0.0,1,
146,243,35,153,28,9,2025-09-02,18.9,1.0,153.0,0.12352941176470587,High Stock,125,0.082952174744301,0,0.006535947712418301
444,737,42,1,0,0,2025-07-23,1.79,,3.5,1.79,In Stock,1,0.0005421710767601372,0,
325,540,22,282,24,7,2025-07-15,7.78,,95.0,0.027588652482269504,High Stock,258,0.1528922436463587,0,
239,392,9,13,5,16,2025-09-07,8.65,,54.0,0.6653846153846155,Low Stock,8,0.007048223997881784,1,
313,516,7,0,0,23,2025-05-05,21.27,,0.0,,Out of Stock,0,0.0,1,
20,31,13,9,2,0,2025-08-29,3.45,,9.5,0.38333333333333336,In Stock,7,0.004879539690841235,0,
53,85,12,14,0,18,2025-09-03,20.87,2.0,33.5,1.4907142857142859,Low Stock,14,0.007590395074641921,1,0.05970149253731343
347,580,27,2,1,0,2025-07-19,2.17,,8.333333333333334,1.085,In Stock,1,0.0010843421535202745,0,
83,137,28,245,3,16,2025-10-18,0.95,,216.0,0.003877551020408163,High Stock,242,0.13283191380623363,0,
276,451,17,0,0,24,2025-09-18,3.71,7.0,0.0,,Out of Stock,0,0.0,1,
281,458,10,440,8,16,2025-11-28,2.57,3.0,440.0,0.00584090909090909,High Stock,432,0.23855527377446037,0,0.006818181818181818
295,481,42,0,0,16,2025-07-08,3.39,4.0,0.0,,Out of Stock,0,0.0,1,
34,53,5,0,0,5,2025-11-12,16.58,3.0,139.33333333333334,,Out of Stock,0,0.0,1,0.021531100478468897
484,799,19,314,5,19,2025-07-17,1.89,,147.0,0.006019108280254776,High Stock,309,0.1702417181026831,0,
353,588,20,259,2,25,2025-10-13,4.89,,169.5,0.01888030888030888,High Stock,257,0.14042230888087553,0,
81,133,47,57,28,18,2025-12-22,3.7,,28.5,0.0649122807017544,High Stock,29,0.03090375137532782,0,
179,296,47,200,29,5,2025-10-12,9.62,,100.0,0.0481,High Stock,171,0.10843421535202745,0,
288,472,3,0,0,17,2025-11-19,0.92,4.0,0.0,,Out of Stock,0,0.0,1,
196,322,50,428,9,5,2025-08-16,5.65,3.0,428.0,0.013200934579439253,High Stock,419,0.23204922085333873,0,0.007009345794392523
50,78,6,368,21,10,2025-07-03,2.99,,310.5,0.008125,High Stock,347,0.1995189562477305,0,
379,633,40,199,33,17,2025-10-22,0.65,,308.0,0.0032663316582914573,High Stock,166,0.10789204427526732,0,
222,362,11,45,20,6,2025-11-24,7.1,,45.0,0.15777777777777777,In Stock,25,0.024397698454206175,0,
365,613,8,4,3,0,2025-07-11,3.66,,8.0,0.915,In Stock,1,0.002168684307040549,0,
230,375,31,0,0,5,2025-10-14,8.81,,1.5,,Out of Stock,0,0.0,1,
356,593,19,205,27,20,2025-10-12,11.19,,205.0,0.054585365853658536,High Stock,178,0.11114507073582813,0,
358,597,29,18,7,0,2025-10-12,26.06,,17.0,1.4477777777777776,In Stock,11,0.00975907938168247,0,
448,744,42,0,0,11,2025-09-11,2.13,1.0,0.0,,Out of Stock,0,0.0,1,
65,108,25,151,21,7,2025-08-08,1.31,,108.5,0.008675496688741723,High Stock,130,0.08186783259078072,0,
91,155,24,0,0,18,2025-07-20,0.65,6.0,0.0,,Out of Stock,0,0.0,1,
411,683,45,390,41,10,2025-09-20,1.16,6.0,371.5,0.002974358974358974,High Stock,349,0.21144671993645353,0,0.016150740242261104
320,530,48,185,23,20,2025-08-24,7.28,,220.0,0.03935135135135135,High Stock,162,0.10030164920062538,0,
226,368,18,166,21,6,2025-07-20,25.01,2.0,199.66666666666666,0.15066265060240966,High Stock,145,0.09000039874218278,0,0.01001669449081803
124,211,39,379,16,5,2025-07-30,6.88,1.0,192.0,0.018153034300791557,High Stock,363,0.205482838092092,0,0.005208333333333333
483,796,43,395,15,23,2025-12-22,23.35,,395.0,0.05911392405063291,High Stock,380,0.2141575753202542,0,
387,642,45,51,3,8,2025-11-30,2.48,,51.0,0.04862745098039216,High Stock,48,0.027650724914767,0,
464,772,18,43,21,22,2025-07-15,1.87,6.0,43.0,0.04348837209302326,In Stock,22,0.0233133563006859,0,0.13953488372093023
69,115,17,302,11,29,2025-08-10,2.38,,357.0,0.007880794701986755,High Stock,291,0.16373566518156144,0,
51,81,37,306,14,11,2025-07-07,4.69,4.0,157.5,0.015326797385620917,High Stock,292,0.165904349488602,0,0.025396825396825397
124,210,9,5,5,5,2025-08-21,1.52,1.0,192.0,0.304,Low Stock,0,0.002710855383800686,0,0.005208333333333333
108,183,17,257,22,24,2025-07-20,4.07,,257.0,0.015836575875486383,High Stock,235,0.13933796672735527,0,
19,28,15,177,16,14,2025-12-08,4.71,,177.0,0.026610169491525424,High Stock,161,0.09596428058654428,0,
269,436,29,10,5,12,2025-10-04,4.79,,10.0,0.479,Low Stock,5,0.005421710767601372,1,
459,762,43,0,0,19,2025-05-05,4.69,,0.0,,Out of Stock,0,0.0,1,
254,412,16,416,27,15,2025-09-08,11.39,3.0,334.0,0.027379807692307693,High Stock,389,0.2255431679322171,0,0.008982035928143712
474,784,46,5,3,0,2025-11-25,1.37,,8.0,0.274,In Stock,2,0.002710855383800686,0,
353,587,6,80,10,8,2025-11-08,5.08,,169.5,0.0635,High Stock,70,0.043373686140810976,0,
440,731,39,316,43,20,2025-11-16,9.21,4.0,316.0,0.029145569620253168,High Stock,273,0.17132606025620337,0,0.012658227848101266
414,688,45,167,41,26,2025-11-25,5.22,1.0,167.0,0.03125748502994012,High Stock,126,0.09054256981894292,0,0.005988023952095809
434,723,11,288,20,5,2025-12-09,8.83,1.0,134.0,0.030659722222222224,High Stock,268,0.15614527010691953,0,0.007462686567164179
401,667,38,132,13,25,2025-07-05,1.79,,164.33333333333334,0.013560606060606061,High Stock,119,0.07156658213233812,0,
204,332,50,34,14,18,2025-08-30,19.85,2.0,155.0,0.5838235294117647,In Stock,20,0.018433816609844667,0,0.012903225806451613
346,577,38,8,2,8,2025-10-21,1.37,1.0,4.0,0.17125,In Stock,6,0.004337368614081098,0,0.25
18,27,9,0,0,13,2025-01-30,4.42,,0.0,,Out of Stock,0,0.0,1,
375,626,45,5,0,24,2025-11-23,0.54,,147.0,0.10800000000000001,Low Stock,5,0.002710855383800686,1,
18,26,39,0,0,16,2025-02-01,13.66,,0.0,,Out of Stock,0,0.0,1,
235,384,9,10,4,0,2025-08-14,17.09,,10.0,1.709,In Stock,6,0.005421710767601372,0,
31,44,8,292,46,14,2025-08-24,1.1,1.0,146.0,0.003767123287671233,High Stock,246,0.15831395441396007,0,0.00684931506849315
165,271,40,0,0,24,2025-10-20,2.64,1.0,0.0,,Out of Stock,0,0.0,1,
448,743,29,0,0,13,2025-08-27,4.74,1.0,0.0,,Out of Stock,0,0.0,1,
94,159,29,363,40,26,2025-07-10,13.9,,298.0,0.03829201101928375,High Stock,323,0.1968081008639298,0,
362,606,31,154,31,28,2025-10-21,1.41,,154.0,0.009155844155844155,High Stock,123,0.08349434582106113,0,
153,253,19,0,0,19,2025-01-29,11.61,3.0,0.0,,Out of Stock,0,0.0,1,
202,329,10,173,3,25,2025-09-16,7.43,,283.0,0.042947976878612716,High Stock,170,0.09379559627950373,0,
142,236,4,294,6,14,2025-07-15,3.63,3.0,336.0,0.012346938775510203,High Stock,288,0.15939829656748034,0,0.008928571428571428
206,336,49,0,0,24,2025-09-18,1.49,,0.0,,Out of Stock,0,0.0,1,
215,350,18,182,28,11,2025-10-18,0.53,,182.0,0.0029120879120879124,High Stock,154,0.09867513597034498,0,
445,738,23,7,1,27,2025-09-11,8.33,,7.0,1.19,Low Stock,6,0.0037951975373209604,1,
133,223,2,10,4,22,2025-10-06,1.36,,10.0,0.136,Low Stock,6,0.005421710767601372,1,
360,602,41,0,0,16,2025-09-09,2.65,,0.0,,Out of Stock,0,0.0,1,
259,417,14,10,0,21,2025-11-23,1.74,3.0,10.0,0.174,Low Stock,10,0.005421710767601372,1,0.3
400,663,16,0,0,25,2025-10-20,4.61,3.0,0.0,,Out of Stock,0,0.0,1,
57,91,13,12,0,0,2025-10-28,3.51,,12.0,0.2925,In Stock,12,0.006506052921121647,0,
253,409,23,37,12,5,2025-10-22,3.24,,18.5,0.08756756756756758,In Stock,25,0.02006032984012508,0,
347,578,21,20,6,0,2025-06-30,3.02,,8.333333333333334,0.151,In Stock,14,0.010843421535202744,0,
204,333,7,426,23,24,2025-07-28,6.77,2.0,155.0,0.015892018779342723,High Stock,403,0.23096487869981847,0,0.012903225806451613
426,707,18,17,4,0,2025-10-01,18.36,,17.0,1.08,In Stock,13,0.009216908304922333,0,
132,222,1,8,2,29,2025-10-06,7.52,,8.0,0.94,Low Stock,6,0.004337368614081098,1,
174,285,23,0,0,11,2025-11-22,0.55,,0.0,,Out of Stock,0,0.0,1,
436,727,24,0,0,19,2025-09-24,1.37,8.0,0.0,,Out of Stock,0,0.0,1,
228,372,27,16,5,0,2025-10-31,0.62,,9.0,0.03875,In Stock,11,0.008674737228162196,0,
123,209,1,14,3,10,2025-07-20,13.24,,60.0,0.9457142857142857,In Stock,11,0.007590395074641921,0,
15,22,15,0,0,22,2025-03-16,1.11,1.0,0.0,,Out of Stock,0,0.0,1,
412,686,38,0,0,26,2025-07-05,6.21,,0.0,,Out of Stock,0,0.0,1,
375,625,3,289,34,20,2025-11-13,0.7,,147.0,0.002422145328719723,High Stock,255,0.15668744118367967,0,
137,230,10,11,2,18,2025-09-06,0.55,,11.0,0.05,Low Stock,9,0.005963881844361509,1,
93,157,46,344,36,18,2025-07-29,12.66,1.0,344.0,0.03680232558139535,High Stock,308,0.1865068504054872,0,0.0029069767441860465
456,758,46,0,0,26,2025-10-25,4.87,,0.0,,Out of Stock,0,0.0,1,
135,225,27,276,0,10,2025-09-30,2.16,,312.0,0.00782608695652174,High Stock,276,0.14963921718579787,0,
139,233,4,276,18,14,2025-12-24,3.09,2.0,276.0,0.011195652173913042,High Stock,258,0.14963921718579787,0,0.007246376811594203
58,93,18,93,28,8,2025-09-26,1.92,5.0,81.0,0.02064516129032258,High Stock,65,0.05042191013869276,0,0.06172839506172839
113,190,26,289,25,16,2025-12-17,1.92,2.0,289.0,0.006643598615916955,High Stock,264,0.15668744118367967,0,0.006920415224913495
435,725,2,18,2,0,2025-08-13,1.35,,9.0,0.07500000000000001,In Stock,16,0.00975907938168247,0,
221,360,28,9,1,0,2025-10-21,3.19,,10.5,0.35444444444444445,In Stock,8,0.004879539690841235,0,
226,367,4,300,21,22,2025-08-12,26.89,2.0,199.66666666666666,0.08963333333333333,High Stock,279,0.16265132302804117,0,0.01001669449081803
212,346,41,0,0,22,2025-04-16,1.29,4.0,0.0,,Out of Stock,0,0.0,1,
291,476,15,0,0,24,2025-07-06,1.36,,0.0,,Out of Stock,0,0.0,1,
359,599,11,0,0,11,2025-11-18,25.77,,0.0,,Out of Stock,0,0.0,1,
325,539,20,3,3,5,2025-09-07,1.35,,95.0,0.45,Low Stock,0,0.0016265132302804117,1,
395,654,8,287,33,11,2025-09-01,15.02,3.0,322.5,0.05233449477351916,High Stock,254,0.1556030990301594,0,0.009302325581395349
67,111,48,1,1,0,2025-12-11,1.03,,1.0,1.03,Low Stock,0,0.0005421710767601372,0,
315,519,2,4,3,0,2025-07-28,15.07,,3.5,3.7675,In Stock,1,0.002168684307040549,0,
134,224,47,0,0,19,2025-01-29,0.7,,0.0,,Out of Stock,0,0.0,1,
32,47,14,13,3,25,2025-09-13,6.61,,9.5,0.5084615384615385,Low Stock,10,0.007048223997881784,1,
84,140,12,14,1,23,2025-11-03,12.08,1.0,150.0,0.8628571428571429,Low Stock,13,0.007590395074641921,1,0.006666666666666667
428,711,31,0,0,19,2025-08-08,3.53,2.0,0.0,,Out of Stock,0,0.0,1,
105,177,1,132,0,22,2025-10-31,1.2,3.0,289.5,0.00909090909090909,High Stock,132,0.07156658213233812,0,0.010362694300518135
335,556,19,6,3,20,2025-08-16,19.27,,5.666666666666667,3.2116666666666664,Low Stock,3,0.0032530264605608234,1,
90,152,42,311,26,7,2025-07-21,1.13,5.0,157.5,0.003633440514469453,High Stock,285,0.16861520487240267,0,0.031746031746031744
401,665,32,306,10,19,2025-08-31,1.38,,164.33333333333334,0.004509803921568627,High Stock,296,0.165904349488602,0,
273,444,25,173,23,17,2025-10-10,1.85,,237.0,0.01069364161849711,High Stock,150,0.09379559627950373,0,
81,132,20,0,0,20,2025-02-23,3.35,,28.5,,Out of Stock,0,0.0,1,
110,185,4,11,3,17,2025-11-13,2.79,,221.0,0.25363636363636366,Low Stock,8,0.005963881844361509,1,
450,747,27,0,0,22,2025-07-23,6.67,,0.0,,Out of Stock,0,0.0,1,
419,694,45,0,0,16,2025-11-21,1.59,,0.0,,Out of Stock,0,0.0,1,
420,696,42,3,3,5,2025-07-12,4.28,2.0,1.5,1.4266666666666667,Low Stock,0,0.0016265132302804117,1,1.3333333333333333
218,355,7,0,0,16,2025-09-09,8.39,,0.0,,Out of Stock,0,0.0,1,
369,618,38,448,26,15,2025-12-19,5.3,,448.0,0.011830357142857142,High Stock,422,0.24289264238854147,0,
184,305,35,168,3,23,2025-11-12,3.34,,168.0,0.01988095238095238,High Stock,165,0.09108474089570305,0,
176,291,48,365,45,5,2025-10-24,2.36,,322.5,0.006465753424657534,High Stock,320,0.1978924430174501,0,
199,325,5,7,0,0,2025-07-16,3.56,,7.0,0.5085714285714286,In Stock,7,0.0037951975373209604,0,
348,581,1,15,3,14,2025-12-09,13.79,1.0,15.0,0.9193333333333332,In Stock,12,0.008132566151402058,0,0.06666666666666667
289,473,14,101,15,16,2025-11-04,3.87,,101.0,0.038316831683168316,High Stock,86,0.05475927875277386,0,
465,774,18,0,0,28,2025-07-12,2.8,,64.5,,Out of Stock,0,0.0,1,
361,603,7,0,0,22,2025-11-25,7.21,5.0,0.0,,Out of Stock,0,0.0,1,
268,435,24,455,25,12,2025-08-24,3.44,1.0,223.66666666666666,0.007560439560439561,High Stock,430,0.24668783992586243,0,0.004470938897168405
451,748,50,0,0,16,2025-01-28,2.0,,0.0,,Out of Stock,0,0.0,1,
87,146,38,180,3,19,2025-10-04,0.54,,232.5,0.003,High Stock,177,0.0975907938168247,0,
312,512,21,0,0,5,2025-08-02,1.82,,0.0,,Out of Stock,0,0.0,1,
484,797,32,12,3,17,2025-11-29,1.14,,147.0,0.09499999999999999,Low Stock,9,0.006506052921121647,1,
157,259,19,212,36,17,2025-09-09,1.35,6.0,212.0,0.006367924528301887,High Stock,176,0.1149402682731491,0,0.02830188679245283
1,1,36,276,21,5,2025-11-13,8.33,,276.0,0.030181159420289854,High Stock,255,0.14963921718579787,0,
121,206,46,32,13,5,2025-10-23,8.72,,137.33333333333334,0.2725,In Stock,19,0.01734947445632439,0,
468,777,50,175,21,19,2025-08-04,0.79,,175.0,0.004514285714285715,High Stock,154,0.09487993843302402,0,
180,297,49,0,0,11,2025-11-14,0.69,8.0,0.0,,Out of Stock,0,0.0,1,
223,363,7,173,1,14,2025-08-07,7.94,1.0,109.0,0.04589595375722544,High Stock,172,0.09379559627950373,0,0.009174311926605505
462,768,37,6,1,0,2025-12-21,6.66,,6.333333333333333,1.11,In Stock,5,0.0032530264605608234,0,
34,52,36,118,17,8,2025-11-24,26.39,3.0,139.33333333333334,0.22364406779661017,High Stock,101,0.0639761870576962,0,0.021531100478468897
462,770,18,3,3,0,2025-08-11,9.08,,6.333333333333333,3.026666666666667,Low Stock,0,0.0016265132302804117,0,
430,715,46,379,30,17,2025-12-13,5.76,,379.0,0.015197889182058047,High Stock,349,0.205482838092092,0,
125,212,18,201,38,26,2025-12-01,7.81,,201.0,0.03885572139303482,High Stock,163,0.10897638642878758,0,
168,274,16,0,0,12,2025-10-02,8.81,,0.0,,Out of Stock,0,0.0,1,
378,631,39,5,1,16,2025-07-09,2.6,6.0,5.0,0.52,Low Stock,4,0.002710855383800686,1,1.2
107,182,11,208,37,14,2025-07-23,2.58,3.0,118.5,0.012403846153846154,High Stock,171,0.11277158396610855,0,0.02531645569620253
480,792,3,0,0,7,2025-09-09,0.95,1.0,0.0,,Out of Stock,0,0.0,1,
272,442,28,75,16,23,2025-12-15,1.88,3.0,42.0,0.025066666666666664,High Stock,59,0.04066283075701029,0,0.07142857142857142
415,689,44,99,46,12,2025-11-10,6.96,1.0,99.0,0.0703030303030303,High Stock,53,0.053674936599253584,0,0.010101010101010102
271,440,43,0,0,19,2025-10-23,1.73,,0.0,,Out of Stock,0,0.0,1,
9,13,29,384,42,20,2025-08-15,4.77,4.0,384.0,0.012421874999999999,High Stock,342,0.2081936934758927,0,0.010416666666666666
214,348,39,0,0,21,2025-02-26,5.44,,0.0,,Out of Stock,0,0.0,1,
129,218,16,0,0,21,2025-07-30,21.68,,0.0,,Out of Stock,0,0.0,1,
442,734,35,6,3,0,2025-09-19,4.77,,8.0,0.7949999999999999,In Stock,3,0.0032530264605608234,0,
11,16,38,287,3,23,2025-08-25,18.8,,287.0,0.06550522648083625,High Stock,284,0.1556030990301594,0,
457,760,38,18,3,0,2025-12-10,3.77,,10.0,0.20944444444444443,In Stock,15,0.00975907938168247,0,
4,6,24,0,0,16,2025-10-20,6.74,2.0,3.0,,Out of Stock,0,0.0,1,0.6666666666666666
382,636,15,289,25,7,2025-10-04,2.86,,162.0,0.009896193771626297,High Stock,264,0.15668744118367967,0,
121,205,33,369,2,11,2025-12-03,6.52,,137.33333333333334,0.017669376693766937,High Stock,367,0.20006112732449063,0,
100,168,47,254,10,19,2025-08-05,1.81,1.0,167.33333333333334,0.007125984251968504,High Stock,244,0.13771145349707486,0,0.00597609561752988
105,178,19,447,31,8,2025-07-15,0.55,3.0,289.5,0.0012304250559284117,High Stock,416,0.24235047131178133,0,0.010362694300518135
86,142,41,68,13,21,2025-11-18,2.76,,34.0,0.04058823529411765,High Stock,55,0.03686763321968933,0,
3,3,36,15,3,0,2025-10-29,1.32,,15.0,0.08800000000000001,In Stock,12,0.008132566151402058,0,
186,308,27,8,3,0,2025-07-07,7.46,,4.5,0.9325,In Stock,5,0.004337368614081098,0,
202,328,8,393,0,13,2025-07-30,4.57,,283.0,0.01162849872773537,High Stock,393,0.21307323316673393,0,
266,429,16,20,0,0,2025-12-06,2.94,,13.666666666666666,0.147,In Stock,20,0.010843421535202744,0,
97,164,19,182,41,21,2025-07-26,1.84,4.0,301.5,0.01010989010989011,High Stock,141,0.09867513597034498,0,0.013266998341625208
14,20,28,250,4,18,2025-08-21,4.44,,125.0,0.01776,High Stock,246,0.1355427691900343,0,
287,470,27,0,0,25,2025-06-28,8.3,,214.0,,Out of Stock,0,0.0,1,
100,169,44,5,3,17,2025-07-05,2.06,1.0,167.33333333333334,0.41200000000000003,Low Stock,2,0.002710855383800686,1,0.00597609561752988
305,500,26,0,0,27,2025-07-16,3.46,3.0,0.0,,Out of Stock,0,0.0,1,
84,139,44,93,8,21,2025-08-24,6.12,1.0,150.0,0.06580645161290323,High Stock,85,0.05042191013869276,0,0.006666666666666667
220,359,42,452,46,8,2025-11-25,4.8,3.0,452.0,0.010619469026548672,High Stock,406,0.24506132669558203,0,0.00663716814159292
294,479,13,0,0,27,2025-02-26,19.72,,0.0,,Out of Stock,0,0.0,1,
173,283,30,20,0,0,2025-08-01,4.11,,10.0,0.20550000000000002,In Stock,20,0.010843421535202744,0,
266,431,18,7,0,0,2025-08-15,0.68,,13.666666666666666,0.09714285714285716,In Stock,7,0.0037951975373209604,0,
179,295,44,0,0,27,2025-01-24,7.32,,100.0,,Out of Stock,0,0.0,1,
417,692,25,195,1,16,2025-12-08,1.12,6.0,176.5,0.005743589743589744,High Stock,194,0.10572335996822677,0,0.0339943342776204
246,402,35,0,0,9,2025-11-04,6.31,5.0,69.0,,Out of Stock,0,0.0,1,0.07246376811594203
59,94,6,0,0,16,2025-09-06,9.49,1.0,0.0,,Out of Stock,0,0.0,1,
231,377,1,159,46,21,2025-09-10,28.62,,159.0,0.18,High Stock,113,0.08620520120486182,0,
267,432,19,0,0,15,2025-08-11,1.39,1.0,0.0,,Out of Stock,0,0.0,1,
349,582,8,178,46,9,2025-09-23,5.95,3.0,178.0,0.03342696629213483,High Stock,132,0.09650645166330443,0,0.016853932584269662
343,570,42,54,17,18,2025-12-09,0.59,7.0,122.66666666666667,0.010925925925925926,In Stock,37,0.02927723814504741,0,0.057065217391304345
185,306,21,121,7,11,2025-12-17,6.84,,121.0,0.05652892561983471,High Stock,114,0.0656027002879766,0,
176,292,6,280,46,14,2025-10-14,4.22,,322.5,0.01507142857142857,High Stock,234,0.15180790149283843,0,
407,676,8,87,43,22,2025-11-27,2.46,2.0,87.0,0.028275862068965516,High Stock,44,0.04716888367813194,0,0.022988505747126436
72,120,32,6,2,26,2025-07-27,9.05,5.0,194.0,1.5083333333333335,Low Stock,4,0.0032530264605608234,1,0.02577319587628866
337,559,5,19,4,0,2025-10-13,8.71,,19.0,0.458421052631579,In Stock,15,0.010301250458442608,0,
35,54,3,187,26,6,2025-11-05,17.47,6.0,264.3333333333333,0.09342245989304812,High Stock,161,0.10138599135414567,0,0.02269861286254729
300,491,31,130,33,17,2025-08-27,5.94,4.0,181.5,0.0456923076923077,High Stock,97,0.07048223997881783,0,0.02203856749311295
390,646,2,231,16,26,2025-08-01,2.41,1.0,231.0,0.010432900432900433,High Stock,215,0.1252415187315917,0,0.004329004329004329
371,620,19,219,3,10,2025-10-26,4.77,,219.0,0.021780821917808217,High Stock,216,0.11873546581047005,0,
467,776,34,0,0,12,2025-08-27,1.73,,0.0,,Out of Stock,0,0.0,1,
327,545,13,0,0,24,2025-07-01,0.72,1.0,0.0,,Out of Stock,0,0.0,1,
276,452,8,0,0,17,2025-03-03,5.18,7.0,0.0,,Out of Stock,0,0.0,1,
441,732,48,11,5,11,2025-08-07,2.55,5.0,11.0,0.2318181818181818,In Stock,6,0.005963881844361509,0,0.45454545454545453
32,48,30,6,1,12,2025-12-04,4.91,,9.5,0.8183333333333334,Low Stock,5,0.0032530264605608234,1,
392,650,28,351,36,27,2025-11-29,7.66,4.0,351.0,0.021823361823361823,High Stock,315,0.19030204794280817,0,0.011396011396011397
309,507,17,9,4,0,2025-09-11,1.3,,14.333333333333334,0.14444444444444446,In Stock,5,0.004879539690841235,0,
162,266,45,0,0,29,2025-04-22,22.19,,0.0,,Out of Stock,0,0.0,1,
326,544,23,14,1,0,2025-12-08,13.99,,9.666666666666666,0.9992857142857143,In Stock,13,0.007590395074641921,0,
97,163,13,421,33,21,2025-07-17,5.4,4.0,301.5,0.012826603325415678,High Stock,388,0.22825402331601777,0,0.013266998341625208
114,191,26,202,27,26,2025-08-24,9.58,1.0,202.0,0.047425742574257426,High Stock,175,0.10951855750554772,0,0.0049504950495049506
163,268,27,8,2,6,2025-07-08,3.13,,8.0,0.39125,In Stock,6,0.004337368614081098,0,
428,709,21,0,0,5,2025-10-19,12.4,2.0,0.0,,Out of Stock,0,0.0,1,
171,279,49,34,2,22,2025-08-09,14.12,,34.0,0.4152941176470588,In Stock,32,0.018433816609844667,0,
438,729,35,13,4,21,2025-09-10,6.77,,13.0,0.5207692307692308,Low Stock,9,0.007048223997881784,1,
13,19,16,324,14,26,2025-10-28,3.9,2.0,324.0,0.012037037037037037,High Stock,310,0.17566342887028447,0,0.006172839506172839
266,430,45,14,6,0,2025-08-11,0.74,,13.666666666666666,0.05285714285714286,In Stock,8,0.007590395074641921,0,
454,754,3,14,5,0,2025-09-28,1.19,,14.0,0.08499999999999999,In Stock,9,0.007590395074641921,0,
243,397,37,377,36,6,2025-09-28,6.38,9.0,377.0,0.016923076923076923,High Stock,341,0.20439849593857173,0,0.023872679045092837
334,553,39,0,0,26,2025-03-27,0.95,1.0,0.0,,Out of Stock,0,0.0,1,
326,542,23,6,3,0,2025-11-16,12.85,,9.666666666666666,2.1416666666666666,In Stock,3,0.0032530264605608234,0,
260,419,46,7,1,0,2025-11-15,5.8,,7.0,0.8285714285714285,In Stock,6,0.0037951975373209604,0,
58,92,1,69,21,5,2025-08-04,0.65,5.0,81.0,0.009420289855072464,High Stock,48,0.03740980429644947,0,0.06172839506172839
471,780,18,1,1,10,2025-11-03,5.49,1.0,1.0,5.49,Low Stock,0,0.0005421710767601372,1,1.0
257,415,19,0,0,7,2025-02-28,1.85,10.0,0.0,,Out of Stock,0,0.0,1,
181,299,18,7,0,22,2025-12-07,0.64,,7.0,0.09142857142857143,Low Stock,7,0.0037951975373209604,1,
386,641,42,0,0,6,2025-11-07,9.98,,0.0,,Out of Stock,0,0.0,1,
388,644,23,12,2,0,2025-07-17,2.24,,9.5,0.18666666666666668,In Stock,10,0.006506052921121647,0,
156,257,34,0,0,18,2024-12-26,0.68,,0.0,,Out of Stock,0,0.0,1,
347,579,4,3,3,0,2025-12-13,2.72,,8.333333333333334,0.9066666666666667,Low Stock,0,0.0016265132302804117,0,
41,64,24,0,0,22,2025-06-13,3.5,8.0,0.0,,Out of Stock,0,0.0,1,
70,117,27,0,0,21,2025-06-10,0.62,,0.0,,Out of Stock,0,0.0,1,
335,554,4,6,0,26,2025-07-16,13.49,,5.666666666666667,2.2483333333333335,Low Stock,6,0.0032530264605608234,1,
358,598,30,16,8,0,2025-08-02,20.43,,17.0,1.276875,In Stock,8,0.008674737228162196,0,
307,504,13,0,0,10,2025-01-08,4.25,3.0,0.0,,Out of Stock,0,0.0,1,
460,764,33,264,44,5,2025-09-21,1.38,5.0,264.0,0.005227272727272727,High Stock,220,0.14313316426467623,0,0.01893939393939394
187,309,5,214,22,21,2025-12-19,1.98,,187.66666666666666,0.00925233644859813,High Stock,192,0.11602461042666937,0,
29,41,44,123,43,8,2025-10-27,2.79,5.0,123.0,0.022682926829268292,High Stock,80,0.06668704244149688,0,0.04065040650406504
91,154,27,0,0,15,2025-08-21,1.19,6.0,0.0,,Out of Stock,0,0.0,1,
262,425,2,4,2,10,2025-08-08,4.53,,158.0,1.1325,Low Stock,2,0.002168684307040549,1,
213,347,47,75,22,17,2025-10-31,0.87,1.0,75.0,0.0116,High Stock,53,0.04066283075701029,0,0.013333333333333334
274,447,15,1,0,0,2025-08-18,5.56,,6.0,5.56,In Stock,1,0.0005421710767601372,0,
278,455,21,32,1,7,2025-10-07,2.32,3.0,32.0,0.0725,In Stock,31,0.01734947445632439,0,0.09375
30,43,25,269,14,18,2025-07-04,9.14,1.0,134.5,0.03397769516728625,High Stock,255,0.1458440196484769,0,0.007434944237918215
10,15,48,0,0,11,2025-08-20,21.53,,0.0,,Out of Stock,0,0.0,1,
158,262,13,139,15,8,2025-07-02,1.33,1.0,139.0,0.009568345323741007,High Stock,124,0.07536177966965907,0,0.007194244604316547
311,511,27,73,21,13,2025-10-14,3.96,2.0,73.0,0.054246575342465755,High Stock,52,0.03957848860349002,0,0.0273972602739726
164,269,5,13,4,22,2025-08-08,11.51,,13.0,0.8853846153846153,Low Stock,9,0.007048223997881784,1,
367,615,42,0,0,19,2025-05-18,9.41,,21.5,,Out of Stock,0,0.0,1,
339,563,26,11,2,0,2025-12-18,2.42,,13.333333333333334,0.22,In Stock,9,0.005963881844361509,0,
201,327,22,15,4,9,2025-09-13,27.91,,15.0,1.8606666666666667,In Stock,11,0.008132566151402058,0,
98,165,22,94,10,7,2025-11-28,8.23,,94.0,0.0875531914893617,High Stock,84,0.0509640812154529,0,
401,666,37,55,1,16,2025-11-27,0.74,,164.33333333333334,0.013454545454545455,High Stock,54,0.029819409221807546,0,
219,358,8,0,0,28,2025-10-09,6.65,5.0,0.0,,Out of Stock,0,0.0,1,
106,179,4,7,1,0,2025-10-10,24.65,,9.5,3.5214285714285714,In Stock,6,0.0037951975373209604,0,
122,207,26,0,0,12,2025-03-25,2.78,2.0,0.0,,Out of Stock,0,0.0,1,
112,189,24,18,9,0,2025-07-07,9.7,,13.5,0.5388888888888889,In Stock,9,0.00975907938168247,0,
299,489,26,7,2,6,2025-10-15,2.26,7.0,190.0,0.32285714285714284,In Stock,5,0.0037951975373209604,0,0.03684210526315789
354,590,33,348,7,5,2025-12-17,2.64,1.0,180.0,0.007586206896551724,High Stock,341,0.18867553471252776,0,0.005555555555555556
406,675,41,14,2,20,2025-08-01,9.41,,14.0,0.6721428571428572,Low Stock,12,0.007590395074641921,1,
398,659,42,13,1,0,2025-10-25,14.38,,14.5,1.1061538461538463,In Stock,12,0.007048223997881784,0,
317,523,15,306,25,10,2025-07-11,5.33,,186.5,0.017418300653594773,High Stock,281,0.165904349488602,0,
192,316,5,101,46,15,2025-11-14,1.22,,52.0,0.01207920792079208,High Stock,55,0.05475927875277386,0,
76,127,9,67,25,24,2025-10-20,6.75,5.0,67.0,0.10074626865671642,In Stock,42,0.03632546214292919,0,0.07462686567164178
306,502,21,0,0,20,2025-10-01,2.09,6.0,4.0,,Out of Stock,0,0.0,1,1.5
298,486,20,9,1,22,2025-11-05,12.42,,216.5,1.38,Low Stock,8,0.004879539690841235,1,
116,197,21,206,0,25,2025-08-07,14.98,,206.0,0.07271844660194175,High Stock,206,0.11168724181258827,0,
321,531,47,304,30,27,2025-09-13,1.27,8.0,304.0,0.004177631578947369,High Stock,274,0.16482000733508173,0,0.02631578947368421
283,462,31,0,0,27,2025-05-08,17.86,,0.0,,Out of Stock,0,0.0,1,
193,318,35,330,30,21,2025-10-04,0.89,,330.0,0.002696969696969697,High Stock,300,0.1789164553308453,0,
328,547,19,224,23,22,2025-08-05,0.89,,141.5,0.003973214285714286,High Stock,201,0.12144632119427073,0,
340,564,31,450,16,9,2025-11-14,7.64,4.0,226.0,0.016977777777777776,High Stock,434,0.24397698454206176,0,0.017699115044247787
120,202,39,282,6,8,2025-09-02,6.35,1.0,364.5,0.0225177304964539,High Stock,276,0.1528922436463587,0,0.0027434842249657062
230,374,45,3,2,10,2025-11-07,6.47,,1.5,2.1566666666666667,Low Stock,1,0.0016265132302804117,1,
370,619,11,158,9,10,2025-07-14,1.53,,158.0,0.009683544303797469,High Stock,149,0.08566303012810168,0,
6,9,34,293,38,28,2025-11-08,2.28,1.0,101.33333333333333,0.007781569965870307,High Stock,255,0.1588561254907202,0,0.00986842105263158
333,552,39,249,46,12,2025-08-03,16.38,,249.0,0.06578313253012048,High Stock,203,0.13500059811327417,0,
138,231,22,455,5,20,2025-07-01,11.18,,455.0,0.02457142857142857,High Stock,450,0.24668783992586243,0,
352,586,5,0,0,15,2025-08-31,3.29,,0.0,,Out of Stock,0,0.0,1,
198,324,34,0,0,18,2025-06-15,3.01,2.0,0.0,,Out of Stock,0,0.0,1,
174,286,35,0,0,11,2025-06-24,1.33,,0.0,,Out of Stock,0,0.0,1,
244,398,31,6,2,5,2025-09-09,9.62,2.0,3.0,1.6033333333333333,In Stock,4,0.0032530264605608234,0,0.6666666666666666
307,505,47,0,0,15,2025-02-04,5.47,3.0,0.0,,Out of Stock,0,0.0,1,
46,72,2,19,5,0,2025-10-04,6.92,,14.333333333333334,0.3642105263157895,In Stock,14,0.010301250458442608,0,
324,538,35,4,0,24,2025-08-12,1.82,,190.5,0.455,Low Stock,4,0.002168684307040549,1,
237,387,33,0,0,9,2025-10-19,5.62,3.0,0.0,,Out of Stock,0,0.0,1,
419,695,24,0,0,11,2025-06-04,0.63,,0.0,,Out of Stock,0,0.0,1,
449,746,24,25,9,5,2025-12-05,9.84,5.0,79.5,0.3936,In Stock,16,0.013554276919003431,0,0.06289308176100629
261,423,2,279,40,14,2025-09-08,1.81,8.0,225.33333333333334,0.006487455197132616,High Stock,239,0.1512657304160783,0,0.03550295857988166
233,381,11,14,4,26,2025-10-25,1.2,5.0,7.0,0.08571428571428572,Low Stock,10,0.007590395074641921,1,0.7142857142857143
433,721,9,188,32,23,2025-07-24,1.36,1.0,268.5,0.00723404255319149,High Stock,156,0.1019281624309058,0,0.0037243947858473
458,761,17,8,2,9,2025-07-11,0.52,,8.0,0.065,Low Stock,6,0.004337368614081098,1,
306,503,40,8,3,16,2025-07-25,2.13,6.0,4.0,0.26625,Low Stock,5,0.004337368614081098,1,1.5
364,610,29,16,5,0,2025-10-08,12.03,,16.0,0.751875,In Stock,11,0.008674737228162196,0,
350,583,48,0,0,28,2025-02-09,9.06,,0.0,,Out of Stock,0,0.0,1,
366,614,24,0,0,10,2025-11-04,2.38,,0.0,,Out of Stock,0,0.0,1,
446,739,42,388,13,23,2025-08-02,27.43,,351.5,0.0706958762886598,High Stock,375,0.21036237778293324,0,
408,677,38,9,4,0,2025-11-05,5.63,,9.333333333333334,0.6255555555555555,In Stock,5,0.004879539690841235,0,
187,310,26,295,6,23,2025-11-02,1.77,,187.66666666666666,0.006,High Stock,289,0.15994046764424047,0,
297,485,46,311,46,24,2025-12-16,1.8,2.0,311.0,0.005787781350482316,High Stock,265,0.16861520487240267,0,0.006430868167202572
342,568,33,366,9,8,2025-09-04,3.02,1.0,366.0,0.00825136612021858,High Stock,357,0.19843461409421023,0,0.00273224043715847
447,742,45,451,45,13,2025-07-01,4.7,,332.0,0.010421286031042129,High Stock,406,0.2445191556188219,0,
279,456,32,11,4,27,2025-12-15,0.6,,11.0,0.05454545454545454,Low Stock,7,0.005963881844361509,1,
271,441,46,0,0,15,2025-02-03,2.75,,0.0,,Out of Stock,0,0.0,1,
128,217,21,324,13,7,2025-12-23,2.8,,178.5,0.008641975308641974,High Stock,311,0.17566342887028447,0,
442,733,6,10,5,0,2025-07-14,2.86,,8.0,0.286,In Stock,5,0.005421710767601372,0,
136,229,9,55,13,23,2025-08-31,4.87,,55.0,0.08854545454545455,In Stock,42,0.029819409221807546,0,
324,537,3,377,29,25,2025-09-23,0.55,,190.5,0.0014588859416445625,High Stock,348,0.20439849593857173,0,
461,766,12,0,0,12,2025-08-12,17.82,1.0,73.5,,Out of Stock,0,0.0,1,0.013605442176870748
186,307,20,1,1,0,2025-07-02,8.51,,4.5,8.51,Low Stock,0,0.0005421710767601372,0,
130,220,48,0,0,23,2025-05-14,22.49,6.0,0.0,,Out of Stock,0,0.0,1,
170,278,41,113,15,16,2025-10-02,2.95,,75.5,0.02610619469026549,High Stock,98,0.06126533167389551,0,
182,301,14,439,23,24,2025-07-23,17.28,1.0,439.0,0.0393621867881549,High Stock,416,0.23801310269770024,0,0.002277904328018223
103,173,50,9,0,28,2025-09-01,11.51,2.0,9.0,1.278888888888889,Low Stock,9,0.004879539690841235,1,0.2222222222222222
68,114,21,184,31,14,2025-07-18,3.45,,184.0,0.01875,High Stock,153,0.09975947812386525,0,
429,713,49,273,9,15,2025-09-06,1.05,,140.33333333333334,0.0038461538461538464,High Stock,264,0.14801270395551747,0,
403,669,24,290,46,19,2025-09-11,4.15,,332.0,0.014310344827586209,High Stock,244,0.1572296122604398,0,
35,55,6,216,8,22,2025-07-24,12.19,6.0,264.3333333333333,0.056435185185185185,High Stock,208,0.11710895258018963,0,0.02269861286254729
273,445,28,301,3,28,2025-10-16,1.4,,237.0,0.004651162790697674,High Stock,298,0.1631934941048013,0,
4,4,33,6,1,12,2025-10-13,5.23,2.0,3.0,0.8716666666666667,Low Stock,5,0.0032530264605608234,1,0.6666666666666666
411,684,34,353,8,27,2025-08-17,0.65,6.0,371.5,0.0018413597733711049,High Stock,345,0.19138639009632843,0,0.016150740242261104
38,59,27,389,36,17,2025-06-28,6.49,,297.0,0.016683804627249357,High Stock,353,0.21090454885969337,0,
275,449,10,30,6,27,2025-07-02,1.65,,15.0,0.055,In Stock,24,0.016265132302804117,0,
456,757,16,0,0,18,2025-10-01,2.02,,0.0,,Out of Stock,0,0.0,1,
145,241,23,10,4,0,2025-11-26,4.53,,10.0,0.453,In Stock,6,0.005421710767601372,0,
275,450,1,0,0,15,2025-02-03,1.51,,15.0,,Out of Stock,0,0.0,1,
6,8,50,11,5,19,2025-11-12,3.83,1.0,101.33333333333333,0.3481818181818182,Low Stock,6,0.005963881844361509,1,0.00986842105263158
62,100,14,3,2,0,2025-12-15,16.42,,3.0,5.473333333333334,In Stock,1,0.0016265132302804117,0,
432,717,12,356,0,20,2025-08-02,1.13,3.0,261.3333333333333,0.0031741573033707863,High Stock,356,0.19301290332660886,0,0.011479591836734694
96,161,23,32,14,7,2025-12-11,4.66,2.0,205.0,0.145625,In Stock,18,0.01734947445632439,0,0.00975609756097561
335,555,3,5,3,26,2025-07-17,23.78,,5.666666666666667,4.756,Low Stock,2,0.002710855383800686,1,
408,679,19,6,2,0,2025-09-22,14.32,,9.333333333333334,2.3866666666666667,In Stock,4,0.0032530264605608234,0,
16,23,50,113,15,9,2025-10-25,16.03,,113.0,0.14185840707964603,High Stock,98,0.06126533167389551,0,
27,39,8,227,9,13,2025-11-05,6.84,,227.0,0.03013215859030837,High Stock,218,0.12307283442455115,0,
432,719,26,312,41,7,2025-09-25,1.1,3.0,261.3333333333333,0.003525641025641026,High Stock,271,0.1691573759491628,0,0.011479591836734694
444,736,5,6,1,0,2025-08-04,1.99,,3.5,0.33166666666666667,In Stock,5,0.0032530264605608234,0,
479,791,39,156,9,10,2025-07-20,5.89,3.0,156.0,0.03775641025641025,High Stock,147,0.0845786879745814,0,0.019230769230769232
315,520,28,3,1,0,2025-08-27,4.34,,3.5,1.4466666666666665,In Stock,2,0.0016265132302804117,0,
33,49,12,91,3,24,2025-11-04,2.11,9.0,45.5,0.023186813186813187,High Stock,88,0.04933756798517249,0,0.1978021978021978
405,672,30,291,25,12,2025-10-07,12.66,,291.0,0.04350515463917526,High Stock,266,0.15777178333719993,0,
382,637,13,35,8,22,2025-10-22,3.3,,162.0,0.09428571428571428,In Stock,27,0.018975987686604804,0,
330,549,26,264,16,11,2025-10-08,1.52,1.0,264.0,0.005757575757575757,High Stock,248,0.14313316426467623,0,0.003787878787878788
96,162,31,378,9,5,2025-09-18,14.68,2.0,205.0,0.038835978835978835,High Stock,369,0.20494066701533187,0,0.00975609756097561
274,446,27,11,0,0,2025-08-22,2.34,,6.0,0.2127272727272727,In Stock,11,0.005963881844361509,0,
79,130,48,146,14,17,2025-08-31,1.09,2.0,146.0,0.007465753424657535,High Stock,132,0.07915697720698003,0,0.0136986301369863
147,244,27,0,0,26,2025-05-05,1.69,,0.0,,Out of Stock,0,0.0,1,
391,648,20,0,0,18,2025-09-09,1.86,,88.0,,Out of Stock,0,0.0,1,
83,136,2,187,3,28,2025-11-18,0.6,,216.0,0.0032085561497326204,High Stock,184,0.10138599135414567,0,
433,720,17,349,46,23,2025-10-20,6.21,1.0,268.5,0.017793696275071633,High Stock,303,0.1892177057892879,0,0.0037243947858473
53,84,25,53,4,8,2025-10-06,24.94,2.0,33.5,0.4705660377358491,High Stock,49,0.028735067068287275,0,0.05970149253731343
277,453,38,5,4,15,2025-11-06,0.76,3.0,3.5,0.152,Low Stock,1,0.002710855383800686,1,0.8571428571428571
149,247,16,57,9,26,2025-11-11,2.04,2.0,57.0,0.035789473684210524,In Stock,48,0.03090375137532782,0,0.03508771929824561
190,314,13,422,14,18,2025-10-07,3.21,,422.0,0.0076066350710900475,High Stock,408,0.2287961943927779,0,
400,664,45,0,0,23,2025-03-22,2.45,3.0,0.0,,Out of Stock,0,0.0,1,
376,627,30,433,34,23,2025-09-06,9.18,,433.0,0.02120092378752887,High Stock,399,0.23476007623713943,0,
417,691,23,158,32,24,2025-09-14,1.95,6.0,176.5,0.012341772151898734,High Stock,126,0.08566303012810168,0,0.0339943342776204
391,649,47,176,43,25,2025-07-17,1.16,,88.0,0.006590909090909091,High Stock,133,0.09542210950978415,0,
54,87,35,28,11,29,2025-11-02,26.01,,28.0,0.9289285714285714,Low Stock,17,0.015180790149283842,1,
340,565,6,2,2,12,2025-07-26,29.06,4.0,226.0,14.53,Low Stock,0,0.0010843421535202745,1,0.017699115044247787
272,443,1,9,1,13,2025-12-12,6.05,3.0,42.0,0.6722222222222222,Low Stock,8,0.004879539690841235,1,0.07142857142857142
351,585,25,88,16,21,2025-07-15,1.3,,117.0,0.014772727272727272,High Stock,72,0.047711054754892075,0,
268,434,15,152,37,12,2025-08-14,6.13,1.0,223.66666666666666,0.040328947368421054,High Stock,115,0.08241000366754087,0,0.004470938897168405
167,273,8,8,0,0,2025-09-06,25.86,,8.0,3.2325,In Stock,8,0.004337368614081098,0,
102,171,49,0,0,13,2025-09-19,3.58,1.0,0.0,,Out of Stock,0,0.0,1,
210,343,15,100,11,24,2025-08-06,10.49,1.0,50.0,0.10490000000000001,High Stock,89,0.054217107676013725,0,0.02
271,439,46,0,0,13,2025-01-08,3.2,,0.0,,Out of Stock,0,0.0,1,
482,794,18,5,1,0,2025-08-19,0.94,,4.0,0.188,In Stock,4,0.002710855383800686,0,
203,331,13,6,3,19,2025-10-04,1.59,2.0,6.0,0.265,Low Stock,3,0.0032530264605608234,1,0.3333333333333333
170,277,1,38,7,12,2025-11-17,5.51,,75.5,0.145,In Stock,31,0.020602500916885216,0,
34,51,31,300,29,6,2025-11-21,23.74,3.0,139.33333333333334,0.07913333333333333,High Stock,271,0.16265132302804117,0,0.021531100478468897
239,391,42,149,40,22,2025-11-20,13.02,,54.0,0.08738255033557046,High Stock,109,0.08078349043726045,0,
270,438,34,1,0,0,2025-07-07,19.01,,1.0,19.01,In Stock,1,0.0005421710767601372,0,
286,467,37,9,0,0,2025-09-11,1.28,,9.0,0.14222222222222222,In Stock,9,0.004879539690841235,0,
99,166,5,122,0,27,2025-11-03,23.8,5.0,122.0,0.19508196721311477,High Stock,122,0.06614487136473675,0,0.040983606557377046
45,69,6,394,30,11,2025-11-11,1.42,6.0,317.0,0.0036040609137055835,High Stock,364,0.21361540424349407,0,0.01892744479495268
326,543,35,9,4,0,2025-12-13,5.37,,9.666666666666666,0.5966666666666667,In Stock,5,0.004879539690841235,0,
61,97,14,76,25,5,2025-07-13,1.68,,219.5,0.022105263157894735,High Stock,51,0.04120500183377043,0,
318,524,39,0,0,29,2025-04-07,8.08,7.0,0.0,,Out of Stock,0,0.0,1,
418,693,33,6,0,22,2025-12-08,0.94,10.0,6.0,0.15666666666666665,Low Stock,6,0.0032530264605608234,1,1.6666666666666667
399,661,3,7,1,24,2025-10-12,22.72,1.0,179.0,3.2457142857142856,Low Stock,6,0.0037951975373209604,1,0.00558659217877095
322,533,19,0,0,20,2025-04-15,0.79,,0.0,,Out of Stock,0,0.0,1,
188,312,46,180,1,14,2025-12-16,21.41,2.0,180.0,0.11894444444444445,High Stock,179,0.0975907938168247,0,0.011111111111111112
238,389,34,0,0,15,2025-09-10,27.18,,0.0,,Out of Stock,0,0.0,1,
140,234,44,1,0,25,2025-07-14,20.65,1.0,1.0,20.65,Low Stock,1,0.0005421710767601372,1,1.0
160,264,39,0,0,27,2025-11-05,2.21,,0.0,,Out of Stock,0,0.0,1,
381,635,35,343,3,5,2025-12-15,18.32,,343.0,0.05341107871720117,High Stock,340,0.18596467932872707,0,
247,403,5,15,5,0,2025-09-29,3.08,,15.0,0.20533333333333334,In Stock,10,0.008132566151402058,0,
242,395,15,0,0,24,2025-03-03,6.52,,0.0,,Out of Stock,0,0.0,1,
470,779,14,118,45,25,2025-09-30,7.18,,118.0,0.06084745762711864,High Stock,73,0.0639761870576962,0,
309,509,10,15,0,0,2025-08-11,2.26,,14.333333333333334,0.15066666666666664,In Stock,15,0.008132566151402058,0,
6,10,2,0,0,16,2025-09-28,1.04,1.0,101.33333333333333,,Out of Stock,0,0.0,1,0.00986842105263158
221,361,10,12,0,0,2025-07-07,2.09,,10.5,0.17416666666666666,In Stock,12,0.006506052921121647,0,
354,589,13,12,2,14,2025-07-21,4.74,1.0,180.0,0.395,Low Stock,10,0.006506052921121647,1,0.005555555555555556
63,102,37,43,17,20,2025-10-05,7.09,,43.0,0.16488372093023254,In Stock,26,0.0233133563006859,0,
398,658,42,16,2,0,2025-09-30,12.2,,14.5,0.7625,In Stock,14,0.008674737228162196,0,
452,750,24,0,0,13,2025-09-05,5.59,2.0,0.0,,Out of Stock,0,0.0,1,
314,518,35,8,2,0,2025-11-16,8.02,,8.0,1.0025,In Stock,6,0.004337368614081098,0,
33,50,10,0,0,24,2025-05-26,1.89,9.0,45.5,,Out of Stock,0,0.0,1,0.1978021978021978
463,771,33,148,29,27,2025-12-03,1.0,1.0,148.0,0.006756756756756757,High Stock,119,0.08024131936050032,0,0.006756756756756757
248,404,43,14,2,22,2025-10-25,5.47,5.0,14.0,0.3907142857142857,Low Stock,12,0.007590395074641921,1,0.35714285714285715
177,293,20,181,37,16,2025-11-15,1.88,2.0,181.0,0.010386740331491713,High Stock,144,0.09813296489358483,0,0.011049723756906077
319,527,4,153,22,12,2025-12-03,8.11,,225.0,0.053006535947712416,High Stock,131,0.082952174744301,0,
162,267,19,0,0,5,2025-09-08,25.21,,0.0,,Out of Stock,0,0.0,1,
31,45,8,0,0,6,2025-10-10,0.75,1.0,146.0,,Out of Stock,0,0.0,1,0.00684931506849315
462,769,35,10,1,0,2025-12-22,2.17,,6.333333333333333,0.217,In Stock,9,0.005421710767601372,0,
481,793,17,7,0,0,2025-07-20,2.02,,7.0,0.2885714285714286,In Stock,7,0.0037951975373209604,0,
343,569,32,288,27,9,2025-12-03,1.98,7.0,122.66666666666667,0.006875,High Stock,261,0.15614527010691953,0,0.057065217391304345
128,216,32,33,5,5,2025-11-15,3.91,,178.5,0.11848484848484848,In Stock,28,0.01789164553308453,0,
457,759,42,2,2,0,2025-12-08,5.6,,10.0,2.8,Low Stock,0,0.0010843421535202745,0,
26,38,6,329,42,8,2025-09-20,11.55,,329.0,0.035106382978723406,High Stock,287,0.17837428425408514,0,
260,418,50,10,2,0,2025-10-12,8.32,,7.0,0.8320000000000001,In Stock,8,0.005421710767601372,0,
107,181,37,29,8,7,2025-08-19,1.76,3.0,118.5,0.060689655172413794,In Stock,21,0.01572296122604398,0,0.02531645569620253
310,510,47,0,0,20,2024-12-25,5.64,,0.0,,Out of Stock,0,0.0,1,
51,82,8,9,0,21,2025-08-10,2.54,4.0,157.5,0.2822222222222222,Low Stock,9,0.004879539690841235,1,0.025396825396825397
223,364,31,45,11,9,2025-08-28,2.42,1.0,109.0,0.05377777777777778,In Stock,34,0.024397698454206175,0,0.009174311926605505
150,249,50,38,11,7,2025-06-30,1.73,,167.5,0.045526315789473686,In Stock,27,0.020602500916885216,0,
346,576,1,0,0,21,2025-04-13,5.17,1.0,4.0,,Out of Stock,0,0.0,1,0.25
100,167,16,243,5,22,2025-10-25,6.27,1.0,167.33333333333334,0.025802469135802468,High Stock,238,0.13174757165271334,0,0.00597609561752988
175,288,25,0,0,29,2025-08-22,27.28,,40.0,,Out of Stock,0,0.0,1,
423,703,4,296,0,13,2025-11-21,2.51,2.0,296.0,0.00847972972972973,High Stock,296,0.16048263872100063,0,0.006756756756756757
175,289,37,80,24,24,2025-10-26,20.44,,40.0,0.2555,High Stock,56,0.043373686140810976,0,
144,240,47,382,23,23,2025-08-04,14.09,2.0,382.0,0.0368848167539267,High Stock,359,0.20710935132237243,0,0.005235602094240838
219,356,12,0,0,10,2025-06-10,2.31,5.0,0.0,,Out of Stock,0,0.0,1,
147,245,9,0,0,25,2025-02-23,1.87,,0.0,,Out of Stock,0,0.0,1,
355,591,48,17,1,0,2025-11-13,17.12,,12.0,1.0070588235294118,In Stock,16,0.009216908304922333,0,
18,25,33,0,0,29,2024-12-27,6.15,,0.0,,Out of Stock,0,0.0,1,
264,427,28,11,2,23,2025-10-03,7.38,,11.0,0.6709090909090909,Low Stock,9,0.005963881844361509,1,
142,237,22,378,4,10,2025-11-10,2.28,3.0,336.0,0.006031746031746031,High Stock,374,0.20494066701533187,0,0.008928571428571428
389,645,10,453,38,9,2025-12-08,2.41,5.0,453.0,0.005320088300220751,High Stock,415,0.24560349777234217,0,0.011037527593818985
482,795,36,3,1,0,2025-11-09,2.79,,4.0,0.93,In Stock,2,0.0016265132302804117,0,
95,160,47,0,0,27,2024-12-29,2.41,,0.0,,Out of Stock,0,0.0,1,
17,24,45,0,0,15,2025-09-09,1.18,,0.0,,Out of Stock,0,0.0,1,
46,70,26,7,0,0,2025-07-04,6.41,,14.333333333333334,0.9157142857142857,In Stock,7,0.0037951975373209604,0,
252,408,8,421,13,10,2025-12-11,4.28,2.0,421.0,0.010166270783847981,High Stock,408,0.22825402331601777,0,0.004750593824228029
39,62,41,0,0,14,2025-05-16,1.06,4.0,0.0,,Out of Stock,0,0.0,1,
439,730,36,126,0,6,2025-10-05,8.36,1.0,126.0,0.06634920634920634,High Stock,126,0.06831355567177728,0,0.007936507936507936
75,125,21,146,23,9,2025-11-10,9.46,4.0,146.0,0.06479452054794521,High Stock,123,0.07915697720698003,0,0.0273972602739726
242,396,48,0,0,15,2025-07-16,7.61,,0.0,,Out of Stock,0,0.0,1,
73,121,34,147,43,11,2025-11-01,2.29,,147.0,0.015578231292517007,High Stock,104,0.07969914828374017,0,
92,156,28,405,20,13,2025-07-24,11.23,,405.0,0.027728395061728396,High Stock,385,0.21957928608785557,0,
294,480,50,0,0,16,2025-01-09,15.47,,0.0,,Out of Stock,0,0.0,1,
420,697,36,0,0,15,2025-01-04,8.2,2.0,1.5,,Out of Stock,0,0.0,1,1.3333333333333333
86,143,47,0,0,18,2025-05-06,3.21,,34.0,,Out of Stock,0,0.0,1,
59,95,12,0,0,13,2025-09-10,9.03,1.0,0.0,,Out of Stock,0,0.0,1,
292,477,47,388,3,24,2025-06-29,3.84,,388.0,0.009896907216494845,High Stock,385,0.21036237778293324,0,
295,482,11,0,0,27,2025-11-18,7.76,4.0,0.0,,Out of Stock,0,0.0,1,
254,411,7,252,11,11,2025-12-16,10.54,3.0,334.0,0.04182539682539682,High Stock,241,0.13662711134355457,0,0.008982035928143712
446,740,12,315,4,11,2025-12-07,18.52,,351.5,0.058793650793650794,High Stock,311,0.17078388917944323,0,
135,226,4,348,5,17,2025-06-28,1.11,,312.0,0.0031896551724137933,High Stock,343,0.18867553471252776,0,
447,741,23,213,31,11,2025-12-13,6.61,,332.0,0.03103286384976526,High Stock,182,0.11548243934990923,0,
393,651,35,0,0,29,2025-07-16,1.36,2.0,0.0,,Out of Stock,0,0.0,1,
239,390,42,0,0,7,2025-10-31,3.05,,54.0,,Out of Stock,0,0.0,1,
477,789,11,109,45,28,2025-08-06,2.77,4.0,109.0,0.025412844036697246,High Stock,64,0.05909664736685496,0,0.03669724770642202
319,528,20,374,11,25,2025-12-12,10.27,,225.0,0.02745989304812834,High Stock,363,0.20277198270829133,0,
284,464,11,25,12,11,2025-07-26,9.63,2.0,25.0,0.38520000000000004,In Stock,13,0.013554276919003431,0,0.08
319,526,34,148,30,26,2025-08-05,6.51,,225.0,0.04398648648648649,High Stock,118,0.08024131936050032,0,
127,214,9,0,0,12,2025-11-06,4.36,3.0,52.0,,Out of Stock,0,0.0,1,0.057692307692307696
428,710,31,0,0,12,2025-01-13,5.71,2.0,0.0,,Out of Stock,0,0.0,1,
14,21,5,0,0,7,2025-05-29,4.54,,125.0,,Out of Stock,0,0.0,1,
394,653,7,117,41,12,2025-12-01,4.0,5.0,117.0,0.03418803418803419,High Stock,76,0.06343401598093605,0,0.042735042735042736
197,323,37,182,28,15,2025-10-28,1.84,,182.0,0.01010989010989011,High Stock,154,0.09867513597034498,0,
216,352,14,0,0,10,2025-02-28,5.89,,0.0,,Out of Stock,0,0.0,1,
484,798,9,115,24,8,2025-09-15,1.57,,147.0,0.01365217391304348,High Stock,91,0.06234967382741578,0,
205,335,1,419,30,28,2025-12-21,0.51,,419.0,0.0012171837708830548,High Stock,389,0.2271696811624975,0,
207,338,39,0,0,27,2025-07-11,1.26,2.0,66.0,,Out of Stock,0,0.0,1,0.030303030303030304
156,256,6,0,0,29,2025-01-13,0.74,,0.0,,Out of Stock,0,0.0,1,
61,98,38,363,34,23,2025-07-21,1.12,,219.5,0.003085399449035813,High Stock,329,0.1968081008639298,0,
408,678,2,13,6,0,2025-08-05,4.65,,9.333333333333334,0.3576923076923077,In Stock,7,0.007048223997881784,0,
429,714,32,28,1,14,2025-07-05,1.01,,140.33333333333334,0.036071428571428574,In Stock,27,0.015180790149283842,0,
211,345,12,0,0,20,2025-09-27,1.24,5.0,0.0,,Out of Stock,0,0.0,1,
300,490,7,233,0,26,2025-11-25,11.0,4.0,181.5,0.04721030042918455,High Stock,233,0.12632586088511197,0,0.02203856749311295
357,595,46,136,0,5,2025-12-15,20.55,,136.0,0.1511029411764706,High Stock,136,0.07373526643937867,0,
478,790,34,188,19,13,2025-10-31,10.81,2.0,188.0,0.0575,High Stock,169,0.1019281624309058,0,0.010638297872340425
453,752,42,0,0,12,2025-05-13,9.54,,36.0,,Out of Stock,0,0.0,1,
56,90,25,0,0,16,2025-02-22,12.18,2.0,0.0,,Out of Stock,0,0.0,1,
21,32,2,0,0,18,2025-11-06,18.5,2.0,0.0,,Out of Stock,0,0.0,1,
228,371,12,2,0,0,2025-08-09,1.1,,9.0,0.55,In Stock,2,0.0010843421535202745,0,
38,60,47,205,24,22,2025-09-22,4.18,,297.0,0.02039024390243902,High Stock,181,0.11114507073582813,0,
287,469,15,188,37,24,2025-07-25,12.84,,214.0,0.06829787234042553,High Stock,151,0.1019281624309058,0,
48,75,34,33,0,10,2025-08-26,28.9,2.0,195.5,0.8757575757575757,In Stock,33,0.01789164553308453,0,0.010230179028132993
234,382,26,332,33,8,2025-09-04,2.09,,332.0,0.006295180722891566,High Stock,299,0.18000079748436557,0,
372,621,38,0,0,24,2025-04-13,4.33,,0.0,,Out of Stock,0,0.0,1,
476,786,35,291,30,21,2025-10-11,8.54,10.0,291.0,0.029347079037800684,High Stock,261,0.15777178333719993,0,0.03436426116838488
120,203,1,447,35,20,2025-08-23,3.64,1.0,364.5,0.00814317673378076,High Stock,412,0.24235047131178133,0,0.0027434842249657062
161,265,33,20,2,24,2025-12-11,27.82,8.0,20.0,1.391,Low Stock,18,0.010843421535202744,1,0.4
399,662,17,351,31,5,2025-10-04,19.48,1.0,179.0,0.0554985754985755,High Stock,320,0.19030204794280817,0,0.00558659217877095
131,221,43,8,3,20,2025-08-06,0.55,,8.0,0.06875,Low Stock,5,0.004337368614081098,1,
85,141,14,418,34,12,2025-10-13,2.3,,418.0,0.005502392344497608,High Stock,384,0.22662751008573737,0,
256,414,41,148,0,27,2025-10-12,1.66,,148.0,0.011216216216216216,High Stock,148,0.08024131936050032,0,
363,608,4,311,18,7,2025-07-04,0.89,,311.0,0.0028617363344051448,High Stock,293,0.16861520487240267,0,
429,712,21,120,16,16,2025-08-25,0.6,,140.33333333333334,0.005,High Stock,104,0.06506052921121647,0,
268,433,25,64,4,25,2025-12-05,3.04,1.0,223.66666666666666,0.0475,In Stock,60,0.03469894891264878,0,0.004470938897168405
434,724,32,0,0,21,2025-09-22,17.36,1.0,134.0,,Out of Stock,0,0.0,1,0.007462686567164179
90,151,1,4,0,15,2025-11-12,2.93,5.0,157.5,0.7325,Low Stock,4,0.002168684307040549,1,0.031746031746031744
204,334,43,5,1,15,2025-12-19,18.87,2.0,155.0,3.774,Low Stock,4,0.002710855383800686,1,0.012903225806451613
355,592,38,7,2,0,2025-12-13,7.58,,12.0,1.082857142857143,In Stock,5,0.0037951975373209604,0,
166,272,7,0,0,0,2025-01-06,4.91,,0.0,,Out of Stock,0,0.0,0,
119,200,10,356,40,11,2025-12-11,3.16,1.0,375.5,0.008876404494382022,High Stock,316,0.19301290332660886,0,0.002663115845539281
299,488,16,373,1,22,2025-12-03,4.67,7.0,190.0,0.012520107238605898,High Stock,372,0.2022298116315312,0,0.03684210526315789
313,515,3,0,0,25,2025-08-02,29.44,,0.0,,Out of Stock,0,0.0,1,
298,487,11,424,46,24,2025-08-09,11.1,,216.5,0.026179245283018866,High Stock,378,0.2298805365462982,0,
66,109,45,12,6,0,2025-11-16,3.17,,6.5,0.26416666666666666,In Stock,6,0.006506052921121647,0,
154,254,3,167,20,24,2025-12-18,4.94,,167.0,0.029580838323353297,High Stock,147,0.09054256981894292,0,
35,56,25,390,23,20,2025-11-11,19.36,6.0,264.3333333333333,0.04964102564102564,High Stock,367,0.21144671993645353,0,0.02269861286254729
384,639,10,343,3,18,2025-09-16,1.09,2.0,343.0,0.003177842565597668,High Stock,340,0.18596467932872707,0,0.0058309037900874635
232,378,11,0,0,28,2025-03-29,16.14,,0.0,,Out of Stock,0,0.0,1,
293,478,1,68,22,25,2025-12-07,0.62,6.0,68.0,0.009117647058823529,In Stock,46,0.03686763321968933,0,0.08823529411764706
395,655,7,358,39,24,2025-09-21,17.7,3.0,322.5,0.0494413407821229,High Stock,319,0.19409724548012913,0,0.009302325581395349
323,534,45,309,39,17,2025-09-29,1.77,1.0,154.5,0.005728155339805825,High Stock,270,0.1675308627188824,0,0.006472491909385114
183,303,4,0,0,25,2025-03-23,1.99,,212.5,,Out of Stock,0,0.0,1,
432,718,33,116,36,20,2025-10-17,2.22,3.0,261.3333333333333,0.01913793103448276,High Stock,80,0.06289184490417592,0,0.011479591836734694
451,749,4,0,0,9,2025-01-05,7.4,,0.0,,Out of Stock,0,0.0,1,
345,574,9,0,0,26,2025-09-04,9.5,,0.0,,Out of Stock,0,0.0,1,
427,708,37,355,6,19,2025-12-22,5.87,2.0,355.0,0.016535211267605633,High Stock,349,0.1924707322498487,0,0.005633802816901409
422,702,23,6,0,5,2025-07-28,18.01,2.0,3.0,3.001666666666667,In Stock,6,0.0032530264605608234,0,0.6666666666666666
217,354,39,55,6,26,2025-12-03,24.07,3.0,55.0,0.43763636363636366,In Stock,49,0.029819409221807546,0,0.05454545454545454
402,668,25,354,24,9,2025-08-18,4.39,5.0,354.0,0.012401129943502825,High Stock,330,0.19192856117308857,0,0.014124293785310734
183,304,19,425,5,8,2025-08-07,4.12,,212.5,0.009694117647058824,High Stock,420,0.23042270762305833,0,
365,612,21,0,0,0,2024-12-25,10.02,,8.0,,Out of Stock,0,0.0,0,
474,783,38,11,0,0,2025-12-24,1.23,,8.0,0.11181818181818182,In Stock,11,0.005963881844361509,0,
365,611,36,20,6,0,2025-07-14,3.51,,8.0,0.1755,In Stock,14,0.010843421535202744,0,
227,370,32,235,28,12,2025-09-21,5.22,8.0,235.0,0.022212765957446808,High Stock,207,0.12741020303863224,0,0.03404255319148936
453,753,45,72,20,27,2025-09-12,5.28,,36.0,0.07333333333333333,In Stock,52,0.03903631752672988,0,
37,58,6,14,6,0,2025-07-11,6.47,,14.0,0.46214285714285713,In Stock,8,0.007590395074641921,0,
112,188,6,9,4,0,2025-07-21,5.39,,13.5,0.5988888888888888,In Stock,5,0.004879539690841235,0,
435,726,32,0,0,0,2025-05-05,2.13,,9.0,,Out of Stock,0,0.0,0,
261,421,32,0,0,16,2025-09-28,3.71,8.0,225.33333333333334,,Out of Stock,0,0.0,1,0.03550295857988166
121,204,47,11,3,21,2025-12-14,8.42,,137.33333333333334,0.7654545454545455,Low Stock,8,0.005963881844361509,1,
22,33,5,8,3,0,2025-11-15,1.2,,8.0,0.15,In Stock,5,0.004337368614081098,0,
472,781,16,3,3,0,2025-07-09,1.56,,3.0,0.52,Low Stock,0,0.0016265132302804117,0,
345,575,11,0,0,7,2025-02-05,6.03,,0.0,,Out of Stock,0,0.0,1,
325,541,49,0,0,9,2025-02-24,8.1,,95.0,,Out of Stock,0,0.0,1,
226,369,19,133,32,18,2025-10-11,16.81,2.0,199.66666666666666,0.12639097744360903,High Stock,101,0.07210875320909825,0,0.01001669449081803
255,413,4,5,0,8,2025-11-13,7.7,,5.0,1.54,Low Stock,5,0.002710855383800686,1,
66,110,1,1,1,0,2025-08-27,1.39,,6.5,1.39,Low Stock,0,0.0005421710767601372,0,
309,508,33,19,2,0,2025-08-18,1.38,,14.333333333333334,0.07263157894736842,In Stock,17,0.010301250458442608,0,
52,83,16,365,3,29,2025-07-30,0.51,4.0,365.0,0.0013972602739726028,High Stock,362,0.1978924430174501,0,0.010958904109589041
89,150,37,350,26,28,2025-11-28,16.2,1.0,180.0,0.046285714285714284,High Stock,324,0.18975987686604803,0,0.005555555555555556
65,106,20,66,29,23,2025-10-04,1.38,,108.5,0.02090909090909091,In Stock,37,0.03578329106616906,0,
341,567,43,0,0,21,2025-01-17,1.28,,0.0,,Out of Stock,0,0.0,1,
45,68,9,240,31,27,2025-06-29,5.76,6.0,317.0,0.024,High Stock,209,0.13012105842243293,0,0.01892744479495268
46,71,15,17,2,0,2025-10-28,8.15,,14.333333333333334,0.47941176470588237,In Stock,15,0.009216908304922333,0,
339,561,20,12,4,0,2025-08-12,2.45,,13.333333333333334,0.2041666666666667,In Stock,8,0.006506052921121647,0,
318,525,7,0,0,11,2025-06-11,4.54,7.0,0.0,,Out of Stock,0,0.0,1,
88,147,15,145,9,28,2025-09-27,1.63,1.0,72.5,0.011241379310344827,High Stock,136,0.0786148061302199,0,0.013793103448275862
69,116,25,412,22,18,2025-07-21,1.51,,357.0,0.0036650485436893203,High Stock,390,0.22337448362517653,0,
328,546,5,59,6,21,2025-07-10,2.37,,141.5,0.040169491525423734,In Stock,53,0.0319880935288481,0,
359,600,21,0,0,25,2025-10-11,29.31,,0.0,,Out of Stock,0,0.0,1,
383,638,2,260,1,12,2025-12-11,12.95,,260.0,0.0498076923076923,High Stock,259,0.14096447995763567,0,
117,198,42,10,1,0,2025-10-18,28.28,,10.0,2.8280000000000003,In Stock,9,0.005421710767601372,0,
192,317,1,3,2,26,2025-12-06,0.66,,52.0,0.22,Low Stock,1,0.0016265132302804117,1,
10,14,39,0,0,7,2025-06-28,17.96,,0.0,,Out of Stock,0,0.0,1,
397,657,23,319,37,15,2025-10-15,7.95,,319.0,0.024921630094043887,High Stock,282,0.17295257348648377,0,
262,424,28,312,19,28,2025-07-27,15.28,,158.0,0.04897435897435897,High Stock,293,0.1691573759491628,0,
214,349,8,0,0,21,2025-10-08,18.43,,0.0,,Out of Stock,0,0.0,1,
210,344,41,0,0,7,2025-10-13,10.34,1.0,50.0,,Out of Stock,0,0.0,1,0.02
74,123,17,159,21,24,2025-07-20,12.18,1.0,205.5,0.07660377358490565,High Stock,138,0.08620520120486182,0,0.004866180048661801
233,379,27,0,0,25,2025-08-03,1.9,5.0,7.0,,Out of Stock,0,0.0,1,0.7142857142857143
277,454,43,2,1,9,2025-09-12,0.91,3.0,3.5,0.455,Low Stock,1,0.0010843421535202745,1,0.8571428571428571
229,373,32,0,0,7,2024-12-26,6.9,,0.0,,Out of Stock,0,0.0,1,
209,342,11,365,18,5,2025-08-20,5.45,5.0,365.0,0.014931506849315069,High Stock,347,0.1978924430174501,0,0.0136986301369863
118,199,13,151,38,10,2025-11-10,12.55,4.0,151.0,0.08311258278145696,High Stock,113,0.08186783259078072,0,0.026490066225165563
416,690,33,396,43,5,2025-11-03,4.12,6.0,396.0,0.010404040404040405,High Stock,353,0.21469974639701433,0,0.015151515151515152
94,158,35,233,4,26,2025-08-31,9.56,,298.0,0.04103004291845494,High Stock,229,0.12632586088511197,0,
173,284,1,0,0,0,2025-09-10,2.58,,10.0,,Out of Stock,0,0.0,0,
165,270,26,0,0,12,2025-02-24,2.43,1.0,0.0,,Out of Stock,0,0.0,1,
317,522,25,67,5,17,2025-11-03,1.63,,186.5,0.024328358208955222,High Stock,62,0.03632546214292919,0,
82,135,42,116,30,22,2025-11-14,23.68,,64.5,0.20413793103448274,High Stock,86,0.06289184490417592,0,
150,248,15,297,9,16,2025-09-18,1.74,,167.5,0.005858585858585858,High Stock,288,0.16102480979776077,0,
30,42,21,0,0,7,2025-10-22,4.25,1.0,134.5,,Out of Stock,0,0.0,1,0.007434944237918215
72,119,40,382,37,13,2025-07-17,15.5,5.0,194.0,0.04057591623036649,High Stock,345,0.20710935132237243,0,0.02577319587628866
341,566,4,0,0,27,2025-11-04,1.21,,0.0,,Out of Stock,0,0.0,1,
207,337,46,132,32,14,2025-08-23,0.89,2.0,66.0,0.0067424242424242425,High Stock,100,0.07156658213233812,0,0.030303030303030304
286,466,7,16,6,0,2025-09-28,2.73,,9.0,0.170625,In Stock,10,0.008674737228162196,0,
308,506,40,0,0,15,2025-10-11,24.66,,0.0,,Out of Stock,0,0.0,1,
119,201,32,395,37,5,2025-07-11,8.39,1.0,375.5,0.021240506329113926,High Stock,358,0.2141575753202542,0,0.002663115845539281
461,765,49,147,15,13,2025-11-25,10.96,1.0,73.5,0.0745578231292517,High Stock,132,0.07969914828374017,0,0.013605442176870748
50,79,50,253,45,7,2025-07-03,2.86,,310.5,0.011304347826086957,High Stock,208,0.13716928242031473,0,
2,2,36,286,41,14,2025-09-11,15.98,,286.0,0.05587412587412587,High Stock,245,0.15506092795339924,0,
89,149,13,10,2,28,2025-07-10,5.23,1.0,180.0,0.523,Low Stock,8,0.005421710767601372,1,0.005555555555555556
169,276,39,338,12,24,2025-10-29,12.86,,338.0,0.03804733727810651,High Stock,326,0.1832538239449264,0,
80,131,36,0,0,10,2025-04-29,2.32,,0.0,,Out of Stock,0,0.0,1,
465,773,48,129,36,21,2025-08-21,2.82,,64.5,0.02186046511627907,High Stock,93,0.0699400689020577,0,
224,365,37,413,3,25,2025-10-27,4.89,,413.0,0.011840193704600483,High Stock,410,0.22391665470193667,0,
219,357,31,0,0,16,2025-06-29,3.84,5.0,0.0,,Out of Stock,0,0.0,1,
320,529,49,255,19,5,2025-12-20,7.0,,220.0,0.027450980392156862,High Stock,236,0.138253624573835,0,
71,118,21,234,12,18,2025-11-16,1.91,,234.0,0.008162393162393162,High Stock,222,0.1268680319618721,0,
434,722,14,114,1,13,2025-07-27,5.25,1.0,134.0,0.046052631578947366,High Stock,113,0.06180750275065564,0,0.007462686567164179
344,573,3,0,0,21,2025-03-23,14.71,,0.0,,Out of Stock,0,0.0,1,
343,571,47,26,10,20,2025-12-07,2.43,7.0,122.66666666666667,0.09346153846153847,In Stock,16,0.014096447995763569,0,0.057065217391304345
74,124,40,252,29,14,2025-10-13,5.46,1.0,205.5,0.021666666666666667,High Stock,223,0.13662711134355457,0,0.004866180048661801
172,281,8,6,0,0,2025-08-18,1.3,,9.5,0.21666666666666667,In Stock,6,0.0032530264605608234,0,
20,30,32,10,5,0,2025-08-09,3.69,,9.5,0.369,In Stock,5,0.005421710767601372,0,
393,652,43,0,0,5,2025-06-27,6.96,2.0,0.0,,Out of Stock,0,0.0,1,
109,184,39,2,1,5,2025-11-26,3.71,5.0,2.0,1.855,Low Stock,1,0.0010843421535202745,1,2.5
189,313,5,436,31,15,2025-07-02,8.95,3.0,436.0,0.020527522935779814,High Stock,405,0.23638658946741983,0,0.006880733944954129
249,405,12,333,26,21,2025-10-27,3.41,1.0,333.0,0.01024024024024024,High Stock,307,0.1805429685611257,0,0.003003003003003003
43,66,3,207,0,24,2025-08-26,2.32,,207.0,0.011207729468599032,High Stock,207,0.1122294128893484,0,
410,682,36,383,44,14,2025-08-31,3.54,3.0,383.0,0.009242819843342036,High Stock,339,0.20765152239913257,0,0.007832898172323759
336,557,21,3,1,12,2025-12-15,14.23,,3.0,4.743333333333333,Low Stock,2,0.0016265132302804117,1,
421,700,16,379,42,22,2025-07-29,11.1,,379.0,0.02928759894459103,High Stock,337,0.205482838092092,0,
172,282,26,13,1,0,2025-09-06,0.54,,9.5,0.04153846153846154,In Stock,12,0.007048223997881784,0,
168,275,8,0,0,13,2025-01-21,9.4,,0.0,,Out of Stock,0,0.0,1,
110,186,18,431,44,27,2025-09-28,9.07,,221.0,0.021044083526682134,High Stock,387,0.23367573408361914,0,
187,311,26,54,11,10,2025-12-17,1.54,,187.66666666666666,0.02851851851851852,High Stock,43,0.02927723814504741,0,
323,535,28,0,0,22,2025-08-13,1.04,1.0,154.5,,Out of Stock,0,0.0,1,0.006472491909385114
367,616,24,43,5,29,2025-09-15,6.91,,21.5,0.16069767441860466,In Stock,38,0.0233133563006859,0,
379,632,7,417,28,25,2025-11-22,1.31,,308.0,0.003141486810551559,High Stock,389,0.22608533900897723,0,
377,628,24,278,14,7,2025-09-27,10.75,,278.0,0.03866906474820144,High Stock,264,0.15072355933931814,0,
253,410,26,0,0,27,2025-07-16,2.7,,18.5,,Out of Stock,0,0.0,1,
127,215,19,104,39,15,2025-12-17,2.22,3.0,52.0,0.021346153846153848,High Stock,65,0.056385791983054274,0,0.057692307692307696
431,716,44,437,22,14,2025-10-02,12.4,,437.0,0.028375286041189933,High Stock,415,0.23692876054417997,0,
339,562,28,17,8,0,2025-08-26,2.67,,13.333333333333334,0.15705882352941175,In Stock,9,0.009216908304922333,0,
102,172,17,0,0,26,2025-10-12,13.57,1.0,0.0,,Out of Stock,0,0.0,1,
152,252,10,10,0,20,2025-12-13,2.66,,10.0,0.266,Low Stock,10,0.005421710767601372,1,
244,399,48,0,0,12,2025-04-24,10.38,2.0,3.0,,Out of Stock,0,0.0,1,0.6666666666666666
475,785,14,450,5,8,2025-12-12,10.33,,450.0,0.022955555555555555,High Stock,445,0.24397698454206176,0,
87,144,25,285,33,26,2025-11-12,0.57,,232.5,0.002,High Stock,252,0.1545187568766391,0,
260,420,4,4,1,0,2025-10-08,9.7,,7.0,2.425,In Stock,3,0.002168684307040549,0,
424,705,27,11,0,28,2025-10-20,1.23,4.0,11.0,0.11181818181818182,Low Stock,11,0.005963881844361509,1,0.36363636363636365
403,670,2,374,29,14,2025-09-30,5.16,,332.0,0.013796791443850268,High Stock,345,0.20277198270829133,0,
449,745,18,134,46,13,2025-08-27,10.88,5.0,79.5,0.08119402985074628,High Stock,88,0.07265092428585838,0,0.06289308176100629
12,18,25,307,24,14,2025-09-15,11.33,3.0,307.0,0.03690553745928339,High Stock,283,0.16644652056536213,0,0.009771986970684038
291,475,11,0,0,13,2025-05-14,0.8,,0.0,,Out of Stock,0,0.0,1,
84,138,3,343,40,11,2025-10-10,9.5,1.0,150.0,0.027696793002915453,High Stock,303,0.18596467932872707,0,0.006666666666666667
48,74,29,358,24,18,2025-07-17,10.36,2.0,195.5,0.028938547486033517,High Stock,334,0.19409724548012913,0,0.010230179028132993
396,656,21,0,0,29,2025-07-27,0.64,,0.0,,Out of Stock,0,0.0,1,
286,468,27,2,2,0,2025-10-15,2.0,,9.0,1.0,Low Stock,0,0.0010843421535202745,0,
296,483,29,426,37,23,2025-07-04,16.65,,426.0,0.03908450704225352,High Stock,389,0.23096487869981847,0,
64,104,43,293,45,21,2025-12-02,0.63,9.0,293.0,0.0021501706484641637,High Stock,248,0.1588561254907202,0,0.030716723549488054
106,180,16,12,0,0,2025-09-01,12.51,,9.5,1.0425,In Stock,12,0.006506052921121647,0,
388,643,11,7,1,0,2025-07-14,5.1,,9.5,0.7285714285714285,In Stock,6,0.0037951975373209604,0,
82,134,32,13,3,29,2025-11-11,17.44,,64.5,1.3415384615384616,Low Stock,10,0.007048223997881784,1,
351,584,42,146,28,24,2025-12-09,1.72,,117.0,0.011780821917808219,High Stock,118,0.07915697720698003,0,
316,521,43,0,0,29,2025-06-26,2.07,,0.0,,Out of Stock,0,0.0,1,
422,701,11,0,0,21,2025-09-02,10.63,2.0,3.0,,Out of Stock,0,0.0,1,0.6666666666666666
123,208,27,106,22,12,2025-07-08,1.93,,60.0,0.01820754716981132,High Stock,84,0.05747013413657455,0,
240,393,37,149,9,19,2025-07-26,15.46,1.0,149.0,0.10375838926174497,High Stock,140,0.08078349043726045,0,0.006711409395973154
191,315,27,392,22,20,2025-10-03,24.8,3.0,392.0,0.06326530612244897,High Stock,370,0.2125310620899738,0,0.007653061224489796
111,187,23,0,0,29,2025-01-08,12.96,,0.0,,Out of Stock,0,0.0,1,
261,422,23,397,37,19,2025-08-29,7.69,8.0,225.33333333333334,0.019370277078085644,High Stock,360,0.21524191747377447,0,0.03550295857988166
313,517,21,0,0,18,2025-09-05,17.28,,0.0,,Out of Stock,0,0.0,1,
55,89,22,13,3,0,2025-08-30,4.66,,13.0,0.3584615384615385,In Stock,10,0.007048223997881784,0,
246,401,22,138,15,13,2025-09-18,13.31,5.0,69.0,0.09644927536231884,High Stock,123,0.07481960859289893,0,0.07246376811594203
