product_id,current_stock,available_stock,avg_stock_quantity,reorder_point_breach_count,stockout_frequency,storage_cost_per_unit,last_restock_date,reserved_quantity,minimum_stock_level,storage_cost,supplier_id,cost_price,avg_daily_sales,total_cogs,stock_status,days_of_supply,inventory_turnover_ratio,days_since_restock,stock_health_score,reorder_urgency
1,276,255,276.0,0,0,0.030181159420289854,2025-11-13,21,5,8.33,36,0.0,,,Overstock,,,69,75,Low
2,286,245,286.0,0,0,0.05587412587412587,2025-09-11,41,14,15.98,36,0.0,,,Overstock,,,132,75,Low
3,15,12,15.0,0,0,0.08800000000000001,2025-10-29,3,0,1.32,36,0.0,,,Overstock,,,84,75,Low
4,6,5,3.0,2,1,0.8716666666666667,2025-10-20,1,12,5.23,33,0.0,1.0,295.06,Low Stock,6.0,98.35333333333334,93,50,High
6,0,0,101.33333333333333,2,1,0.0,2025-11-12,0,16,1.04,2,0.0,1.0,119.78,Out of Stock,0.0,1.1820394736842106,70,0,Critical
9,384,342,384.0,0,0,0.012421874999999999,2025-08-15,42,20,4.77,29,0.0,3.0,2259.28,Overstock,128.0,5.883541666666667,159,75,Low
10,0,0,0.0,2,2,0.0,2025-08-20,0,7,17.96,39,0.0,,,Out of Stock,,,154,0,Critical
11,287,284,287.0,0,0,0.06550522648083625,2025-08-25,3,23,18.8,38,0.0,,,Overstock,,,149,75,Low
12,307,283,307.0,0,0,0.03690553745928339,2025-09-15,24,14,11.33,25,0.0,2.0,504.0,Overstock,153.5,1.6416938110749186,128,75,Low
13,324,310,324.0,0,0,0.012037037037037037,2025-10-28,14,26,3.9,16,0.0,1.0,238.0,Overstock,324.0,0.7345679012345679,85,75,Low
14,0,0,125.0,1,1,0.0,2025-08-21,0,7,4.54,5,0.0,,,Out of Stock,,,153,0,Critical
15,0,0,0.0,1,1,0.0,2025-03-16,0,22,1.11,15,0.0,1.0,185.9,Out of Stock,0.0,,311,0,Critical
16,113,98,113.0,0,0,0.14185840707964603,2025-10-25,15,9,16.03,50,0.0,,,Overstock,,,88,75,Low
17,0,0,0.0,1,1,0.0,2025-09-09,0,15,1.18,45,0.0,,,Out of Stock,,,134,0,Critical
18,0,0,0.0,3,3,0.0,2025-02-01,0,29,6.15,33,0.0,,,Out of Stock,,,354,0,Critical
19,177,161,177.0,0,0,0.026610169491525424,2025-12-08,16,14,4.71,15,0.0,,,Overstock,,,44,75,Low
20,10,5,9.5,0,0,0.369,2025-08-29,5,0,3.69,32,0.0,,,Overstock,,,145,75,Low
21,0,0,0.0,1,1,0.0,2025-11-06,0,18,18.5,2,0.0,2.0,778.82,Out of Stock,0.0,,76,0,Critical
22,8,5,8.0,0,0,0.15,2025-11-15,3,0,1.2,5,0.0,,,Overstock,,,67,75,Low
26,329,287,329.0,0,0,0.035106382978723406,2025-09-20,42,8,11.55,6,0.0,,,Overstock,,,123,75,Low
27,227,218,227.0,0,0,0.03013215859030837,2025-11-05,9,13,6.84,8,0.0,,,Overstock,,,77,75,Low
29,123,80,123.0,0,0,0.022682926829268292,2025-10-27,43,8,2.79,44,0.0,2.5,648.0500000000001,Overstock,49.2,5.268699186991871,86,75,Low
30,0,0,134.5,1,1,0.0,2025-10-22,0,7,4.25,21,0.0,,386.41,Out of Stock,,2.8729368029739777,91,0,Critical
31,0,0,146.0,1,1,0.0,2025-10-10,0,6,0.75,8,0.0,1.0,51.19,Out of Stock,0.0,0.35061643835616435,103,0,Critical
32,6,5,9.5,2,0,0.8183333333333334,2025-12-04,1,12,4.91,30,0.0,,,Low Stock,,,48,50,Low
33,0,0,45.5,1,1,0.0,2025-11-04,0,24,1.89,10,0.0,3.0,561.3299999999999,Out of Stock,0.0,12.336923076923075,78,0,Critical
34,300,271,139.33333333333334,1,1,0.07913333333333333,2025-11-24,29,6,23.74,31,0.0,3.0,2840.94,Overstock,100.0,20.389521531100478,58,75,Low
35,390,367,264.3333333333333,0,0,0.04964102564102564,2025-11-11,23,20,19.36,25,0.0,3.0,2885.94,Overstock,130.0,10.917805800756621,71,75,Low
37,14,8,14.0,0,0,0.46214285714285713,2025-07-11,6,0,6.47,6,0.0,,,Overstock,,,194,75,Low
38,205,181,297.0,0,0,0.02039024390243902,2025-09-22,24,22,4.18,47,0.0,,,Overstock,,,121,75,Low
39,0,0,0.0,1,1,0.0,2025-05-16,0,14,1.06,41,0.0,2.0,236.12,Out of Stock,0.0,,250,0,Critical
41,0,0,0.0,1,1,0.0,2025-06-13,0,22,3.5,24,0.0,2.6666666666666665,1598.08,Out of Stock,0.0,,222,0,Critical
43,207,207,207.0,0,0,0.011207729468599032,2025-08-26,0,24,2.32,3,0.0,,,Overstock,,,148,75,Low
45,240,209,317.0,0,0,0.024,2025-11-11,31,27,5.76,9,0.0,1.5,1303.74,Overstock,160.0,4.112744479495269,71,75,Low
46,17,15,14.333333333333334,0,0,0.47941176470588237,2025-10-28,2,0,8.15,15,0.0,,,Overstock,,,85,75,Low
48,358,334,195.5,0,0,0.028938547486033517,2025-08-26,24,18,10.36,29,0.0,1.0,1492.44,Overstock,358.0,7.633964194373402,148,75,Low
50,253,208,310.5,0,0,0.011304347826086957,2025-07-03,45,7,2.86,50,0.0,,,Overstock,,,202,75,Low
51,9,9,157.5,1,0,0.2822222222222222,2025-08-10,0,21,2.54,8,0.0,2.0,754.6,Low Stock,4.5,4.791111111111111,164,50,High
52,365,362,365.0,0,0,0.0013972602739726028,2025-07-30,3,29,0.51,16,0.0,1.3333333333333333,420.48,Overstock,273.75,1.1520000000000001,175,75,Low
53,53,49,33.5,1,0,0.4705660377358491,2025-10-06,4,8,24.94,25,0.0,2.0,1945.14,Overstock,26.5,58.06388059701493,107,75,Low
54,28,17,28.0,1,0,0.9289285714285714,2025-11-02,11,29,26.01,35,0.0,,,Low Stock,,,80,50,Low
55,13,10,13.0,0,0,0.3584615384615385,2025-08-30,3,0,4.66,22,0.0,,,Overstock,,,144,75,Low
56,0,0,0.0,1,1,0.0,2025-02-22,0,16,12.18,25,0.0,2.0,818.78,Out of Stock,0.0,,333,0,Critical
57,12,12,12.0,0,0,0.2925,2025-10-28,0,0,3.51,13,0.0,,,Overstock,,,85,75,Low
58,69,48,81.0,0,0,0.009420289855072464,2025-09-26,21,5,0.65,1,0.0,5.0,342.0,Overstock,13.8,4.222222222222222,117,75,Low
59,0,0,0.0,2,2,0.0,2025-09-10,0,13,9.03,12,0.0,1.0,234.15,Out of Stock,0.0,,133,0,Critical
61,363,329,219.5,0,0,0.003085399449035813,2025-07-21,34,23,1.12,38,0.0,,,Overstock,,,184,75,Low
62,3,1,3.0,0,0,5.473333333333334,2025-12-15,2,0,16.42,14,0.0,,,Overstock,,,37,75,Low
63,43,26,43.0,0,0,0.16488372093023254,2025-10-05,17,20,7.09,37,0.0,,,Adequate,,,108,100,Low
64,293,248,293.0,0,0,0.0021501706484641637,2025-12-02,45,21,0.63,43,0.0,3.0,231.39000000000001,Overstock,97.66666666666667,0.789726962457338,50,75,Low
65,66,37,108.5,0,0,0.02090909090909091,2025-10-04,29,23,1.38,20,0.0,,,Adequate,,,109,100,Low
66,1,0,6.5,0,0,1.39,2025-11-16,1,0,1.39,1,0.0,,,Overstock,,,66,75,Low
67,1,0,1.0,0,0,1.03,2025-12-11,1,0,1.03,48,0.0,,,Overstock,,,41,75,Low
68,184,153,184.0,0,0,0.01875,2025-07-18,31,14,3.45,21,0.0,,,Overstock,,,187,75,Low
69,412,390,357.0,0,0,0.0036650485436893203,2025-08-10,22,18,1.51,25,0.0,,,Overstock,,,164,75,Low
70,0,0,0.0,1,1,0.0,2025-06-10,0,21,0.62,27,0.0,,,Out of Stock,,,225,0,Critical
71,234,222,234.0,0,0,0.008162393162393162,2025-11-16,12,18,1.91,21,0.0,,,Overstock,,,66,75,Low
72,382,345,194.0,1,0,0.04057591623036649,2025-07-27,37,13,15.5,40,0.0,2.5,2310.05,Overstock,152.8,11.907474226804124,178,75,Low
73,147,104,147.0,0,0,0.015578231292517007,2025-11-01,43,11,2.29,34,0.0,,,Overstock,,,81,75,Low
74,252,223,205.5,0,0,0.021666666666666667,2025-10-13,29,14,5.46,40,0.0,1.0,746.97,Overstock,252.0,3.6348905109489054,100,75,Low
75,146,123,146.0,0,0,0.06479452054794521,2025-11-10,23,9,9.46,21,0.0,2.0,1019.92,Overstock,73.0,6.985753424657534,72,75,Low
76,67,42,67.0,0,0,0.10074626865671642,2025-10-20,25,24,6.75,9,0.0,1.6666666666666667,4016.15,Adequate,40.199999999999996,59.94253731343284,93,100,Low
79,146,132,146.0,0,0,0.007465753424657535,2025-08-31,14,17,1.09,48,0.0,2.0,83.08,Overstock,73.0,0.569041095890411,143,75,Low
80,0,0,0.0,1,1,0.0,2025-04-29,0,10,2.32,36,0.0,,,Out of Stock,,,267,0,Critical
81,0,0,28.5,1,1,0.0,2025-12-22,0,20,3.35,20,0.0,,,Out of Stock,,,30,0,Critical
82,13,10,64.5,1,0,1.3415384615384616,2025-11-14,3,29,17.44,32,0.0,,,Low Stock,,,68,50,Low
83,187,184,216.0,0,0,0.0032085561497326204,2025-11-18,3,28,0.6,2,0.0,,,Overstock,,,64,75,Low
84,343,303,150.0,1,0,0.027696793002915453,2025-11-03,40,11,9.5,3,0.0,,1161.5,Overstock,,7.743333333333333,79,75,Low
85,418,384,418.0,0,0,0.005502392344497608,2025-10-13,34,12,2.3,14,0.0,,,Overstock,,,100,75,Low
86,0,0,34.0,1,1,0.0,2025-11-18,0,18,3.21,47,0.0,,,Out of Stock,,,64,0,Critical
87,285,252,232.5,0,0,0.002,2025-11-12,33,26,0.57,25,0.0,,,Overstock,,,70,75,Low
88,145,136,72.5,1,1,0.011241379310344827,2025-10-10,9,28,1.63,15,0.0,1.0,299.08,Overstock,145.0,4.125241379310345,103,75,Low
89,10,8,180.0,1,0,0.523,2025-11-28,2,28,5.23,13,0.0,1.0,513.91,Low Stock,10.0,2.8550555555555555,54,50,Medium
90,4,4,157.5,1,0,0.7325,2025-11-12,0,15,2.93,1,0.0,1.0,320.90000000000003,Low Stock,4.0,2.037460317460318,70,50,High
91,0,0,0.0,2,2,0.0,2025-08-21,0,15,1.19,27,0.0,3.0,356.82000000000005,Out of Stock,0.0,,153,0,Critical
92,405,385,405.0,0,0,0.027728395061728396,2025-07-24,20,13,11.23,28,0.0,,,Overstock,,,181,75,Low
93,344,308,344.0,0,0,0.03680232558139535,2025-07-29,36,18,12.66,46,0.0,1.0,719.26,Overstock,344.0,2.090872093023256,176,75,Low
94,233,229,298.0,0,0,0.04103004291845494,2025-08-31,4,26,9.56,35,0.0,,,Overstock,,,143,75,Low
95,0,0,0.0,1,1,0.0,2024-12-29,0,27,2.41,47,0.0,,,Out of Stock,,,388,0,Critical
96,378,369,205.0,0,0,0.038835978835978835,2025-12-11,9,5,14.68,31,0.0,2.0,1247.64,Overstock,189.0,6.086048780487805,41,75,Low
97,421,388,301.5,0,0,0.012826603325415678,2025-07-26,33,21,5.4,13,0.0,4.0,491.76,Overstock,105.25,1.631044776119403,179,75,Low
98,94,84,94.0,0,0,0.0875531914893617,2025-11-28,10,7,8.23,22,0.0,,,Overstock,,,54,75,Low
99,122,122,122.0,0,0,0.19508196721311477,2025-11-03,0,27,23.8,5,0.0,5.0,4662.099999999999,Overstock,24.4,38.21393442622951,79,75,Low
100,243,238,167.33333333333334,1,0,0.025802469135802468,2025-10-25,5,22,6.27,16,0.0,,212.59,Overstock,,1.2704581673306772,88,75,Low
102,0,0,0.0,2,2,0.0,2025-10-12,0,26,13.57,17,0.0,1.0,580.65,Out of Stock,0.0,,101,0,Critical
103,9,9,9.0,1,0,1.278888888888889,2025-09-01,0,28,11.51,50,0.0,2.0,817.06,Low Stock,4.5,90.78444444444443,142,50,High
105,447,416,289.5,0,0,0.0012304250559284117,2025-10-31,31,8,0.55,19,0.0,1.5,73.41,Overstock,298.0,0.2535751295336787,82,75,Low
106,12,12,9.5,0,0,1.0425,2025-10-10,0,0,12.51,16,0.0,,,Overstock,,,103,75,Low
107,29,21,118.5,0,0,0.060689655172413794,2025-08-19,8,7,1.76,37,0.0,3.0,252.20999999999998,Overstock,9.666666666666666,2.128354430379747,155,75,Low
108,257,235,257.0,0,0,0.015836575875486383,2025-07-20,22,24,4.07,17,0.0,,,Overstock,,,185,75,Low
109,2,1,2.0,1,0,1.855,2025-11-26,1,5,3.71,39,0.0,5.0,672.95,Low Stock,0.4,336.475,56,50,High
110,431,387,221.0,1,0,0.021044083526682134,2025-11-13,44,27,9.07,18,0.0,,,Overstock,,,69,75,Low
111,0,0,0.0,1,1,0.0,2025-01-08,0,29,12.96,23,0.0,,,Out of Stock,,,378,0,Critical
112,9,5,13.5,0,0,0.5988888888888888,2025-07-21,4,0,5.39,6,0.0,,,Overstock,,,184,75,Low
113,289,264,289.0,0,0,0.006643598615916955,2025-12-17,25,16,1.92,26,0.0,1.0,413.86,Overstock,289.0,1.4320415224913496,35,75,Low
114,202,175,202.0,0,0,0.047425742574257426,2025-08-24,27,26,9.58,26,0.0,1.0,249.98,Overstock,202.0,1.2375247524752475,150,75,Low
116,206,206,206.0,0,0,0.07271844660194175,2025-08-07,0,25,14.98,21,0.0,,,Overstock,,,167,75,Low
117,10,9,10.0,0,0,2.8280000000000003,2025-10-18,1,0,28.28,42,0.0,,,Overstock,,,95,75,Low
118,151,113,151.0,0,0,0.08311258278145696,2025-11-10,38,10,12.55,13,0.0,2.0,1143.28,Overstock,75.5,7.571390728476821,72,75,Low
119,395,358,375.5,0,0,0.021240506329113926,2025-12-11,37,5,8.39,32,0.0,1.0,200.43,Overstock,395.0,0.5337683089214381,41,75,Low
120,447,412,364.5,0,0,0.00814317673378076,2025-09-02,35,20,3.64,1,0.0,,98.3,Overstock,,0.2696844993141289,141,75,Low
121,11,8,137.33333333333334,1,0,0.7654545454545455,2025-12-14,3,21,8.42,47,0.0,,,Low Stock,,,38,50,Low
122,0,0,0.0,1,1,0.0,2025-03-25,0,12,2.78,26,0.0,2.0,203.3,Out of Stock,0.0,,302,0,Critical
123,106,84,60.0,0,0,0.01820754716981132,2025-07-20,22,12,1.93,27,0.0,,,Overstock,,,185,75,Low
124,5,0,192.0,0,0,0.304,2025-08-21,5,5,1.52,9,0.0,1.0,228.97,Adequate,5.0,1.1925520833333334,153,100,Low
125,201,163,201.0,0,0,0.03885572139303482,2025-12-01,38,26,7.81,18,0.0,,,Overstock,,,51,75,Low
127,104,65,52.0,1,1,0.021346153846153848,2025-12-17,39,15,2.22,19,0.0,3.0,312.39,Overstock,34.666666666666664,6.007499999999999,35,75,Low
128,33,28,178.5,0,0,0.11848484848484848,2025-12-23,5,5,3.91,32,0.0,,,Overstock,,,29,75,Low
129,0,0,0.0,1,1,0.0,2025-07-30,0,21,21.68,16,0.0,,,Out of Stock,,,175,0,Critical
130,0,0,0.0,1,1,0.0,2025-05-14,0,23,22.49,48,0.0,2.5,4472.82,Out of Stock,0.0,,252,0,Critical
131,8,5,8.0,1,0,0.06875,2025-08-06,3,20,0.55,43,0.0,,,Low Stock,,,168,50,Low
132,8,6,8.0,1,0,0.94,2025-10-06,2,29,7.52,1,0.0,,,Low Stock,,,107,50,Low
133,10,6,10.0,1,0,0.136,2025-10-06,4,22,1.36,2,0.0,,,Low Stock,,,107,50,Low
134,0,0,0.0,1,1,0.0,2025-01-29,0,19,0.7,47,0.0,,,Out of Stock,,,357,0,Critical
135,348,343,312.0,0,0,0.0031896551724137933,2025-09-30,5,17,1.11,4,0.0,,,Overstock,,,113,75,Low
136,55,42,55.0,0,0,0.08854545454545455,2025-08-31,13,23,4.87,9,0.0,,,Adequate,,,143,100,Low
137,11,9,11.0,1,0,0.05,2025-09-06,2,18,0.55,10,0.0,,,Low Stock,,,137,50,Low
138,455,450,455.0,0,0,0.02457142857142857,2025-07-01,5,20,11.18,22,0.0,,,Overstock,,,204,75,Low
139,276,258,276.0,0,0,0.011195652173913042,2025-12-24,18,14,3.09,4,0.0,2.0,267.66,Overstock,138.0,0.9697826086956522,28,75,Low
140,1,1,1.0,1,0,20.65,2025-07-14,0,25,20.65,44,0.0,1.0,1099.8,Low Stock,1.0,1099.8,191,50,High
142,378,374,336.0,0,0,0.006031746031746031,2025-11-10,4,10,2.28,22,0.0,1.0,523.4399999999999,Overstock,378.0,1.5578571428571426,72,75,Low
144,382,359,382.0,0,0,0.0368848167539267,2025-08-04,23,23,14.09,47,0.0,2.0,2165.86,Overstock,191.0,5.669790575916231,170,75,Low
145,10,6,10.0,0,0,0.453,2025-11-26,4,0,4.53,23,0.0,,,Overstock,,,56,75,Low
146,153,125,153.0,0,0,0.12352941176470587,2025-09-02,28,9,18.9,35,0.0,1.0,367.33,Overstock,153.0,2.400849673202614,141,75,Low
147,0,0,0.0,2,2,0.0,2025-05-05,0,25,1.87,9,0.0,,,Out of Stock,,,261,0,Critical
149,57,48,57.0,0,0,0.035789473684210524,2025-11-11,9,26,2.04,16,0.0,2.0,156.14,Adequate,28.5,2.7392982456140347,71,100,Low
150,297,288,167.5,0,0,0.005858585858585858,2025-09-18,9,16,1.74,15,0.0,,,Overstock,,,125,75,Low
152,10,10,10.0,1,0,0.266,2025-12-13,0,20,2.66,10,0.0,,,Low Stock,,,39,50,Low
153,0,0,0.0,1,1,0.0,2025-01-29,0,19,11.61,19,0.0,3.0,1298.52,Out of Stock,0.0,,357,0,Critical
154,167,147,167.0,0,0,0.029580838323353297,2025-12-18,20,24,4.94,3,0.0,,,Overstock,,,34,75,Low
156,0,0,0.0,2,2,0.0,2025-01-13,0,29,0.74,6,0.0,,,Out of Stock,,,373,0,Critical
157,212,176,212.0,0,0,0.006367924528301887,2025-09-09,36,17,1.35,19,0.0,6.0,1669.62,Overstock,35.333333333333336,7.875566037735848,134,75,Low
158,139,124,139.0,0,0,0.009568345323741007,2025-07-02,15,8,1.33,13,0.0,1.0,207.38,Overstock,139.0,1.4919424460431654,203,75,Low
160,0,0,0.0,1,1,0.0,2025-11-05,0,27,2.21,39,0.0,,,Out of Stock,,,77,0,Critical
161,20,18,20.0,1,0,1.391,2025-12-11,2,24,27.82,33,0.0,1.0,6630.56,Low Stock,20.0,331.528,41,50,Low
162,0,0,0.0,2,2,0.0,2025-09-08,0,5,25.21,19,0.0,,,Out of Stock,,,135,0,Critical
163,8,6,8.0,0,0,0.39125,2025-07-08,2,6,3.13,27,0.0,,,Adequate,,,197,100,Low
164,13,9,13.0,1,0,0.8853846153846153,2025-08-08,4,22,11.51,5,0.0,,,Low Stock,,,166,50,Low
165,0,0,0.0,2,2,0.0,2025-10-20,0,12,2.43,26,0.0,,133.28,Out of Stock,,,93,0,Critical
166,0,0,0.0,0,1,0.0,2025-01-06,0,0,4.91,7,0.0,,,Out of Stock,,,380,0,Critical
167,8,8,8.0,0,0,3.2325,2025-09-06,0,0,25.86,8,0.0,,,Overstock,,,137,75,Low
168,0,0,0.0,2,2,0.0,2025-10-02,0,13,9.4,8,0.0,,,Out of Stock,,,111,0,Critical
169,338,326,338.0,0,0,0.03804733727810651,2025-10-29,12,24,12.86,39,0.0,,,Overstock,,,84,75,Low
170,38,31,75.5,0,0,0.145,2025-11-17,7,12,5.51,1,0.0,,,Overstock,,,65,75,Low
171,34,32,34.0,0,0,0.4152941176470588,2025-08-09,2,22,14.12,49,0.0,,,Adequate,,,165,100,Low
172,13,12,9.5,0,0,0.04153846153846154,2025-09-06,1,0,0.54,26,0.0,,,Overstock,,,137,75,Low
173,0,0,10.0,0,1,0.0,2025-09-10,0,0,2.58,1,0.0,,,Out of Stock,,,133,0,Critical
174,0,0,0.0,2,2,0.0,2025-11-22,0,11,1.33,35,0.0,,,Out of Stock,,,60,0,Critical
175,80,56,40.0,1,1,0.2555,2025-10-26,24,24,20.44,37,0.0,,,Overstock,,,87,75,Low
176,280,234,322.5,0,0,0.01507142857142857,2025-10-24,46,14,4.22,6,0.0,,,Overstock,,,89,75,Low
177,181,144,181.0,0,0,0.010386740331491713,2025-11-15,37,16,1.88,20,0.0,2.0,83.54,Overstock,90.5,0.4615469613259669,67,75,Low
179,0,0,100.0,1,1,0.0,2025-10-12,0,27,7.32,44,0.0,,,Out of Stock,,,101,0,Critical
180,0,0,0.0,1,1,0.0,2025-11-14,0,11,0.69,49,0.0,4.0,208.96,Out of Stock,0.0,,68,0,Critical
181,7,7,7.0,1,0,0.09142857142857143,2025-12-07,0,22,0.64,18,0.0,,,Low Stock,,,45,50,Low
182,439,416,439.0,0,0,0.0393621867881549,2025-07-23,23,24,17.28,14,0.0,1.0,488.84,Overstock,439.0,1.113530751708428,182,75,Low
183,425,420,212.5,1,1,0.009694117647058824,2025-08-07,5,8,4.12,19,0.0,,,Overstock,,,167,75,Low
184,168,165,168.0,0,0,0.01988095238095238,2025-11-12,3,23,3.34,35,0.0,,,Overstock,,,70,75,Low
185,121,114,121.0,0,0,0.05652892561983471,2025-12-17,7,11,6.84,21,0.0,,,Overstock,,,35,75,Low
186,1,0,4.5,0,0,8.51,2025-07-07,1,0,8.51,20,0.0,,,Overstock,,,198,75,Low
187,54,43,187.66666666666666,0,0,0.02851851851851852,2025-12-19,11,10,1.54,26,0.0,,,Overstock,,,33,75,Low
188,180,179,180.0,0,0,0.11894444444444445,2025-12-16,1,14,21.41,46,0.0,,1921.6,Overstock,,10.675555555555555,36,75,Low
189,436,405,436.0,0,0,0.020527522935779814,2025-07-02,31,15,8.95,5,0.0,1.0,1026.8700000000001,Overstock,436.0,2.355206422018349,203,75,Low
190,422,408,422.0,0,0,0.0076066350710900475,2025-10-07,14,18,3.21,13,0.0,,,Overstock,,,106,75,Low
191,392,370,392.0,0,0,0.06326530612244897,2025-10-03,22,20,24.8,27,0.0,1.5,2183.82,Overstock,261.3333333333333,5.5709693877551025,110,75,Low
192,3,1,52.0,1,0,0.22,2025-12-06,2,26,0.66,1,0.0,,,Low Stock,,,46,50,Low
193,330,300,330.0,0,0,0.002696969696969697,2025-10-04,30,21,0.89,35,0.0,,,Overstock,,,109,75,Low
196,428,419,428.0,0,0,0.013200934579439253,2025-08-16,9,5,5.65,50,0.0,1.5,696.09,Overstock,285.3333333333333,1.6263785046728974,158,75,Low
197,182,154,182.0,0,0,0.01010989010989011,2025-10-28,28,15,1.84,37,0.0,,,Overstock,,,85,75,Low
198,0,0,0.0,1,1,0.0,2025-06-15,0,18,3.01,34,0.0,2.0,551.92,Out of Stock,0.0,,220,0,Critical
199,7,7,7.0,0,0,0.5085714285714286,2025-07-16,0,0,3.56,5,0.0,,,Overstock,,,189,75,Low
201,15,11,15.0,0,0,1.8606666666666667,2025-09-13,4,9,27.91,22,0.0,,,Adequate,,,130,100,Low
202,393,393,283.0,0,0,0.01162849872773537,2025-09-16,0,13,4.57,8,0.0,,,Overstock,,,127,75,Low
203,6,3,6.0,1,0,0.265,2025-10-04,3,19,1.59,13,0.0,,188.38,Low Stock,,31.396666666666665,109,50,Low
204,5,4,155.0,1,0,3.774,2025-12-19,1,15,18.87,43,0.0,2.0,1106.16,Low Stock,2.5,7.136516129032259,33,50,High
205,419,389,419.0,0,0,0.0012171837708830548,2025-12-21,30,28,0.51,1,0.0,,,Overstock,,,31,75,Low
206,0,0,0.0,1,1,0.0,2025-09-18,0,24,1.49,49,0.0,,,Out of Stock,,,125,0,Critical
207,132,100,66.0,1,1,0.0067424242424242425,2025-08-23,32,14,0.89,46,0.0,2.0,93.6,Overstock,66.0,1.418181818181818,151,75,Low
209,365,347,365.0,0,0,0.014931506849315069,2025-08-20,18,5,5.45,11,0.0,2.5,597.8,Overstock,146.0,1.637808219178082,154,75,Low
210,0,0,50.0,1,1,0.0,2025-10-13,0,7,10.34,41,0.0,1.0,177.18,Out of Stock,0.0,3.5436,100,0,Critical
211,0,0,0.0,1,1,0.0,2025-09-27,0,20,1.24,12,0.0,2.5,426.55,Out of Stock,0.0,,116,0,Critical
212,0,0,0.0,1,1,0.0,2025-04-16,0,22,1.29,41,0.0,4.0,230.68,Out of Stock,0.0,,280,0,Critical
213,75,53,75.0,0,0,0.0116,2025-10-31,22,17,0.87,47,0.0,,49.47,Overstock,,0.6596,82,75,Low
214,0,0,0.0,2,2,0.0,2025-10-08,0,21,18.43,8,0.0,,,Out of Stock,,,105,0,Critical
215,182,154,182.0,0,0,0.0029120879120879124,2025-10-18,28,11,0.53,18,0.0,,,Overstock,,,95,75,Low
216,0,0,0.0,1,1,0.0,2025-02-28,0,10,5.89,14,0.0,,,Out of Stock,,,327,0,Critical
217,55,49,55.0,0,0,0.43763636363636366,2025-12-03,6,26,24.07,39,0.0,3.0,3053.07,Adequate,18.333333333333332,55.51036363636364,49,100,Low
218,0,0,0.0,1,1,0.0,2025-09-09,0,16,8.39,7,0.0,,,Out of Stock,,,134,0,Critical
219,0,0,0.0,3,3,0.0,2025-10-09,0,16,3.84,31,0.0,1.6666666666666667,918.3,Out of Stock,0.0,,104,0,Critical
220,452,406,452.0,0,0,0.010619469026548672,2025-11-25,46,8,4.8,42,0.0,3.0,808.11,Overstock,150.66666666666666,1.787853982300885,57,75,Low
221,12,12,10.5,0,0,0.17416666666666666,2025-10-21,0,0,2.09,10,0.0,,,Overstock,,,92,75,Low
222,45,25,45.0,0,0,0.15777777777777777,2025-11-24,20,6,7.1,11,0.0,,,Overstock,,,58,75,Low
223,45,34,109.0,0,0,0.05377777777777778,2025-08-28,11,9,2.42,31,0.0,1.0,282.68,Overstock,45.0,2.593394495412844,146,75,Low
224,413,410,413.0,0,0,0.011840193704600483,2025-10-27,3,25,4.89,37,0.0,,,Overstock,,,86,75,Low
226,133,101,199.66666666666666,0,0,0.12639097744360903,2025-10-11,32,18,16.81,19,0.0,2.0,1243.72,Overstock,66.5,6.228981636060101,102,75,Low
227,235,207,235.0,0,0,0.022212765957446808,2025-09-21,28,12,5.22,32,0.0,,1218.4,Overstock,,5.18468085106383,122,75,Low
228,2,2,9.0,0,0,0.55,2025-10-31,0,0,1.1,12,0.0,,,Overstock,,,82,75,Low
229,0,0,0.0,1,1,0.0,2024-12-26,0,7,6.9,32,0.0,,,Out of Stock,,,391,0,Critical
230,3,1,1.5,2,1,2.1566666666666667,2025-11-07,2,10,6.47,45,0.0,,,Low Stock,,,75,50,Low
231,159,113,159.0,0,0,0.18,2025-09-10,46,21,28.62,1,0.0,,,Overstock,,,133,75,Low
232,0,0,0.0,1,1,0.0,2025-03-29,0,28,16.14,11,0.0,,,Out of Stock,,,298,0,Critical
233,0,0,7.0,2,1,0.0,2025-10-25,0,25,1.9,27,0.0,2.0,227.0,Out of Stock,0.0,32.42857142857143,88,0,Critical
234,332,299,332.0,0,0,0.006295180722891566,2025-09-04,33,8,2.09,26,0.0,,,Overstock,,,139,75,Low
235,10,6,10.0,0,0,1.709,2025-08-14,4,0,17.09,9,0.0,,,Overstock,,,160,75,Low
237,0,0,0.0,1,1,0.0,2025-10-19,0,9,5.62,33,0.0,3.0,612.75,Out of Stock,0.0,,94,0,Critical
238,0,0,0.0,1,1,0.0,2025-09-10,0,15,27.18,34,0.0,,,Out of Stock,,,133,0,Critical
239,0,0,54.0,2,1,0.0,2025-11-20,0,7,3.05,42,0.0,,,Out of Stock,,,62,0,Critical
240,149,140,149.0,0,0,0.10375838926174497,2025-07-26,9,19,15.46,37,0.0,1.0,258.9,Overstock,149.0,1.7375838926174496,179,75,Low
242,0,0,0.0,2,2,0.0,2025-07-16,0,15,7.61,48,0.0,,,Out of Stock,,,189,0,Critical
243,377,341,377.0,0,0,0.016923076923076923,2025-09-28,36,6,6.38,37,0.0,3.0,4995.45,Overstock,125.66666666666667,13.25053050397878,115,75,Low
244,0,0,3.0,1,1,0.0,2025-09-09,0,12,10.38,48,0.0,2.0,1476.94,Out of Stock,0.0,492.31333333333333,134,0,Critical
246,138,123,69.0,1,1,0.09644927536231884,2025-11-04,15,13,13.31,22,0.0,5.0,3549.7000000000003,Overstock,27.6,51.44492753623189,78,75,Low
247,15,10,15.0,0,0,0.20533333333333334,2025-09-29,5,0,3.08,5,0.0,,,Overstock,,,114,75,Low
248,14,12,14.0,1,0,0.3907142857142857,2025-10-25,2,22,5.47,43,0.0,,826.45,Low Stock,,59.03214285714286,88,50,Low
249,333,307,333.0,0,0,0.01024024024024024,2025-10-27,26,21,3.41,12,0.0,1.0,144.56,Overstock,333.0,0.4341141141141141,86,75,Low
252,421,408,421.0,0,0,0.010166270783847981,2025-12-11,13,10,4.28,8,0.0,1.0,647.68,Overstock,421.0,1.5384323040380046,41,75,Low
253,0,0,18.5,1,1,0.0,2025-10-22,0,27,2.7,26,0.0,,,Out of Stock,,,91,0,Critical
254,252,241,334.0,0,0,0.04182539682539682,2025-12-16,11,11,10.54,7,0.0,3.0,1186.32,Overstock,84.0,3.5518562874251494,36,75,Low
255,5,5,5.0,1,0,1.54,2025-11-13,0,8,7.7,4,0.0,,,Low Stock,,,69,50,Low
256,148,148,148.0,0,0,0.011216216216216216,2025-10-12,0,27,1.66,41,0.0,,,Overstock,,,101,75,Low
257,0,0,0.0,1,1,0.0,2025-02-28,0,7,1.85,19,0.0,1.6666666666666667,2983.2999999999997,Out of Stock,0.0,,327,0,Critical
259,10,10,10.0,1,0,0.174,2025-11-23,0,21,1.74,14,0.0,1.5,438.36,Low Stock,6.666666666666667,43.836,59,50,High
260,4,3,7.0,0,0,2.425,2025-11-15,1,0,9.7,4,0.0,,,Overstock,,,67,75,Low
261,397,360,225.33333333333334,1,1,0.019370277078085644,2025-09-28,37,19,7.69,23,0.0,2.5,1975.12,Overstock,158.8,8.765325443786981,115,75,Low
262,312,293,158.0,1,0,0.04897435897435897,2025-08-08,19,28,15.28,28,0.0,,,Overstock,,,166,75,Low
264,11,9,11.0,1,0,0.6709090909090909,2025-10-03,2,23,7.38,28,0.0,,,Low Stock,,,110,50,Low
266,14,8,13.666666666666666,0,0,0.05285714285714286,2025-12-06,6,0,0.74,45,0.0,,,Overstock,,,46,75,Low
267,0,0,0.0,1,1,0.0,2025-08-11,0,15,1.39,19,0.0,1.0,46.21,Out of Stock,0.0,,163,0,Critical
268,64,60,223.66666666666666,0,0,0.0475,2025-12-05,4,25,3.04,25,0.0,1.0,254.98,Adequate,64.0,1.14,47,100,Low
269,10,5,10.0,1,0,0.479,2025-10-04,5,12,4.79,29,0.0,,,Low Stock,,,109,50,Low
270,1,1,1.0,0,0,19.01,2025-07-07,0,0,19.01,34,0.0,,,Overstock,,,198,75,Low
271,0,0,0.0,3,3,0.0,2025-10-23,0,13,3.2,46,0.0,,,Out of Stock,,,90,0,Critical
272,9,8,42.0,1,0,0.6722222222222222,2025-12-15,1,13,6.05,1,0.0,1.5,399.24,Low Stock,6.0,9.505714285714285,37,50,High
273,301,298,237.0,0,0,0.004651162790697674,2025-10-16,3,28,1.4,28,0.0,,,Overstock,,,97,75,Low
274,11,11,6.0,0,0,0.2127272727272727,2025-08-22,0,0,2.34,27,0.0,,,Overstock,,,152,75,Low
275,0,0,15.0,1,1,0.0,2025-07-02,0,15,1.51,1,0.0,,,Out of Stock,,,203,0,Critical
276,0,0,0.0,2,2,0.0,2025-09-18,0,17,5.18,8,0.0,3.5,1258.67,Out of Stock,0.0,,125,0,Critical
277,2,1,3.5,2,0,0.455,2025-11-06,1,9,0.91,43,0.0,1.0,117.93,Low Stock,2.0,33.69428571428572,76,50,High
278,32,31,32.0,0,0,0.0725,2025-10-07,1,7,2.32,21,0.0,,215.76,Overstock,,6.7425,106,75,Low
279,11,7,11.0,1,0,0.05454545454545454,2025-12-15,4,27,0.6,32,0.0,,,Low Stock,,,37,50,Low
281,440,432,440.0,0,0,0.00584090909090909,2025-11-28,8,16,2.57,10,0.0,1.0,178.07999999999998,Overstock,440.0,0.4047272727272727,54,75,Low
283,0,0,0.0,2,2,0.0,2025-09-08,0,27,17.86,31,0.0,,,Out of Stock,,,135,0,Critical
284,25,13,25.0,0,0,0.38520000000000004,2025-07-26,12,11,9.63,11,0.0,2.0,608.88,Adequate,12.5,24.3552,179,100,Low
286,2,0,9.0,0,0,1.0,2025-10-15,2,0,2.0,27,0.0,,,Overstock,,,98,75,Low
287,188,151,214.0,1,1,0.06829787234042553,2025-07-25,37,24,12.84,15,0.0,,,Overstock,,,180,75,Low
288,0,0,0.0,1,1,0.0,2025-11-19,0,17,0.92,3,0.0,4.0,125.92,Out of Stock,0.0,,63,0,Critical
289,101,86,101.0,0,0,0.038316831683168316,2025-11-04,15,16,3.87,14,0.0,,,Overstock,,,78,75,Low
291,0,0,0.0,2,2,0.0,2025-07-06,0,13,0.8,11,0.0,,,Out of Stock,,,199,0,Critical
292,388,385,388.0,0,0,0.009896907216494845,2025-06-29,3,24,3.84,47,0.0,,,Overstock,,,206,75,Low
293,68,46,68.0,0,0,0.009117647058823529,2025-12-07,22,25,0.62,1,0.0,1.5,700.14,Adequate,45.333333333333336,10.296176470588236,45,100,Low
294,0,0,0.0,2,2,0.0,2025-02-26,0,16,15.47,50,0.0,,,Out of Stock,,,329,0,Critical
295,0,0,0.0,2,2,0.0,2025-11-18,0,27,7.76,11,0.0,2.0,953.04,Out of Stock,0.0,,64,0,Critical
296,426,389,426.0,0,0,0.03908450704225352,2025-07-04,37,23,16.65,29,0.0,,,Overstock,,,201,75,Low
297,311,265,311.0,0,0,0.005787781350482316,2025-12-16,46,24,1.8,46,0.0,,346.9,Overstock,,1.1154340836012862,36,75,Low
298,424,378,216.5,1,0,0.026179245283018866,2025-11-05,46,24,11.1,11,0.0,,,Overstock,,,77,75,Low
299,373,372,190.0,0,0,0.012520107238605898,2025-12-03,1,22,4.67,16,0.0,1.5,1774.78,Overstock,248.66666666666666,9.340947368421052,49,75,Low
300,233,233,181.5,0,0,0.04721030042918455,2025-11-25,0,26,11.0,7,0.0,1.0,1127.6,Overstock,233.0,6.21267217630854,57,75,Low
302,291,276,291.0,0,0,0.011821305841924399,2025-11-19,15,13,3.44,19,0.0,3.0,427.77,Overstock,97.0,1.47,63,75,Low
305,0,0,0.0,1,1,0.0,2025-07-16,0,27,3.46,26,0.0,1.5,1134.84,Out of Stock,0.0,,189,0,Critical
306,8,5,4.0,2,1,0.26625,2025-10-01,3,16,2.13,40,0.0,2.5,501.06000000000006,Low Stock,3.2,125.26500000000001,112,50,High
307,0,0,0.0,2,2,0.0,2025-02-04,0,15,5.47,47,0.0,1.5,380.90999999999997,Out of Stock,0.0,,351,0,Critical
308,0,0,0.0,1,1,0.0,2025-10-11,0,15,24.66,40,0.0,,,Out of Stock,,,102,0,Critical
309,19,17,14.333333333333334,0,0,0.07263157894736842,2025-09-11,2,0,1.38,33,0.0,,,Overstock,,,132,75,Low
310,0,0,0.0,1,1,0.0,2024-12-25,0,20,5.64,47,0.0,,,Out of Stock,,,392,0,Critical
311,73,52,73.0,0,0,0.054246575342465755,2025-10-14,21,13,3.96,27,0.0,1.0,209.1,Overstock,73.0,2.8643835616438356,99,75,Low
312,0,0,0.0,1,1,0.0,2025-08-02,0,5,1.82,21,0.0,,,Out of Stock,,,172,0,Critical
313,0,0,0.0,3,3,0.0,2025-09-05,0,18,17.28,21,0.0,,,Out of Stock,,,138,0,Critical
314,8,6,8.0,0,0,1.0025,2025-11-16,2,0,8.02,35,0.0,,,Overstock,,,66,75,Low
315,3,2,3.5,0,0,1.4466666666666665,2025-08-27,1,0,4.34,28,0.0,,,Overstock,,,147,75,Low
316,0,0,0.0,1,1,0.0,2025-06-26,0,29,2.07,43,0.0,,,Out of Stock,,,209,0,Critical
317,67,62,186.5,0,0,0.024328358208955222,2025-11-03,5,17,1.63,25,0.0,,,Overstock,,,79,75,Low
318,0,0,0.0,2,2,0.0,2025-06-11,0,11,4.54,7,0.0,2.0,3978.59,Out of Stock,0.0,,224,0,Critical
319,148,118,225.0,0,0,0.04398648648648649,2025-12-12,30,26,6.51,34,0.0,,,Overstock,,,40,75,Low
320,255,236,220.0,0,0,0.027450980392156862,2025-12-20,19,5,7.0,49,0.0,,,Overstock,,,32,75,Low
321,304,274,304.0,0,0,0.004177631578947369,2025-09-13,30,27,1.27,47,0.0,2.0,592.4,Overstock,152.0,1.9486842105263158,130,75,Low
322,0,0,0.0,1,1,0.0,2025-04-15,0,20,0.79,19,0.0,,,Out of Stock,,,281,0,Critical
323,0,0,154.5,1,1,0.0,2025-09-29,0,22,1.04,28,0.0,1.0,283.09,Out of Stock,0.0,1.8322977346278315,114,0,Critical
324,377,348,190.5,1,0,0.0014588859416445625,2025-09-23,29,25,0.55,3,0.0,,,Overstock,,,120,75,Low
325,0,0,95.0,2,1,0.0,2025-09-07,0,9,8.1,49,0.0,,,Out of Stock,,,136,0,Critical
326,9,5,9.666666666666666,0,0,0.5966666666666667,2025-12-13,4,0,5.37,35,0.0,,,Overstock,,,39,75,Low
327,0,0,0.0,1,1,0.0,2025-07-01,0,24,0.72,13,0.0,1.0,160.21,Out of Stock,0.0,,204,0,Critical
328,59,53,141.5,0,0,0.040169491525423734,2025-08-05,6,21,2.37,5,0.0,,,Adequate,,,169,100,Low
330,264,248,264.0,0,0,0.005757575757575757,2025-10-08,16,11,1.52,26,0.0,,117.61,Overstock,,0.44549242424242425,105,75,Low
333,249,203,249.0,0,0,0.06578313253012048,2025-08-03,46,12,16.38,39,0.0,,,Overstock,,,171,75,Low
334,0,0,0.0,1,1,0.0,2025-03-27,0,26,0.95,39,0.0,1.0,256.03,Out of Stock,0.0,,300,0,Critical
335,5,2,5.666666666666667,3,0,4.756,2025-08-16,3,26,23.78,3,0.0,,,Low Stock,,,158,50,Low
336,3,2,3.0,1,0,4.743333333333333,2025-12-15,1,12,14.23,21,0.0,,,Low Stock,,,37,50,Low
337,19,15,19.0,0,0,0.458421052631579,2025-10-13,4,0,8.71,5,0.0,,,Overstock,,,100,75,Low
339,17,9,13.333333333333334,0,0,0.15705882352941175,2025-12-18,8,0,2.67,28,0.0,,,Overstock,,,34,75,Low
340,2,0,226.0,1,0,14.53,2025-11-14,2,12,29.06,6,0.0,,4201.56,Low Stock,,18.590973451327436,68,50,Low
341,0,0,0.0,2,2,0.0,2025-11-04,0,27,1.21,4,0.0,,,Out of Stock,,,78,0,Critical
342,366,357,366.0,0,0,0.00825136612021858,2025-09-04,9,8,3.02,33,0.0,1.0,64.55,Overstock,366.0,0.17636612021857923,139,75,Low
343,26,16,122.66666666666667,0,0,0.09346153846153847,2025-12-09,10,20,2.43,47,0.0,,738.64,Adequate,,6.021521739130434,43,100,Low
344,0,0,0.0,1,1,0.0,2025-03-23,0,21,14.71,3,0.0,,,Out of Stock,,,304,0,Critical
345,0,0,0.0,2,2,0.0,2025-09-04,0,7,6.03,11,0.0,,,Out of Stock,,,139,0,Critical
346,0,0,4.0,1,1,0.0,2025-10-21,0,21,5.17,1,0.0,1.0,166.63,Out of Stock,0.0,41.6575,92,0,Critical
347,3,0,8.333333333333334,0,0,0.9066666666666667,2025-12-13,3,0,2.72,4,0.0,,,Overstock,,,39,75,Low
348,15,12,15.0,0,0,0.9193333333333332,2025-12-09,3,14,13.79,1,0.0,1.0,502.14,Adequate,15.0,33.476,43,100,Low
349,178,132,178.0,0,0,0.03342696629213483,2025-09-23,46,9,5.95,8,0.0,1.0,1906.0500000000002,Overstock,178.0,10.708146067415731,120,75,Low
350,0,0,0.0,1,1,0.0,2025-02-09,0,28,9.06,48,0.0,,,Out of Stock,,,346,0,Critical
351,146,118,117.0,0,0,0.011780821917808219,2025-12-09,28,24,1.72,42,0.0,,,Overstock,,,43,75,Low
352,0,0,0.0,1,1,0.0,2025-08-31,0,15,3.29,5,0.0,,,Out of Stock,,,143,0,Critical
353,80,70,169.5,0,0,0.0635,2025-11-08,10,8,5.08,6,0.0,,,Overstock,,,74,75,Low
354,12,10,180.0,1,0,0.395,2025-12-17,2,14,4.74,13,0.0,1.0,156.7,Low Stock,12.0,0.8705555555555555,35,50,Medium
355,7,5,12.0,0,0,1.082857142857143,2025-12-13,2,0,7.58,38,0.0,,,Overstock,,,39,75,Low
356,205,178,205.0,0,0,0.054585365853658536,2025-10-12,27,20,11.19,19,0.0,,,Overstock,,,101,75,Low
357,136,136,136.0,0,0,0.1511029411764706,2025-12-15,0,5,20.55,46,0.0,,,Overstock,,,37,75,Low
358,16,8,17.0,0,0,1.276875,2025-10-12,8,0,20.43,30,0.0,,,Overstock,,,101,75,Low
359,0,0,0.0,2,2,0.0,2025-11-18,0,25,29.31,21,0.0,,,Out of Stock,,,64,0,Critical
360,0,0,0.0,1,1,0.0,2025-09-09,0,16,2.65,41,0.0,,,Out of Stock,,,134,0,Critical
361,0,0,0.0,1,1,0.0,2025-11-25,0,22,7.21,7,0.0,2.5,1018.75,Out of Stock,0.0,,57,0,Critical
362,154,123,154.0,0,0,0.009155844155844155,2025-10-21,31,28,1.41,31,0.0,,,Overstock,,,92,75,Low
363,311,293,311.0,0,0,0.0028617363344051448,2025-07-04,18,7,0.89,4,0.0,,,Overstock,,,201,75,Low
364,16,11,16.0,0,0,0.751875,2025-10-08,5,0,12.03,29,0.0,,,Overstock,,,105,75,Low
365,20,14,8.0,0,1,0.1755,2025-07-14,6,0,3.51,36,0.0,,,Overstock,,,191,75,Low
366,0,0,0.0,1,1,0.0,2025-11-04,0,10,2.38,24,0.0,,,Out of Stock,,,78,0,Critical
367,43,38,21.5,1,1,0.16069767441860466,2025-09-15,5,29,6.91,24,0.0,,,Adequate,,,128,100,Low
369,448,422,448.0,0,0,0.011830357142857142,2025-12-19,26,15,5.3,38,0.0,,,Overstock,,,33,75,Low
370,158,149,158.0,0,0,0.009683544303797469,2025-07-14,9,10,1.53,11,0.0,,,Overstock,,,191,75,Low
371,219,216,219.0,0,0,0.021780821917808217,2025-10-26,3,10,4.77,19,0.0,,,Overstock,,,87,75,Low
372,0,0,0.0,1,1,0.0,2025-04-13,0,24,4.33,38,0.0,,,Out of Stock,,,283,0,Critical
375,289,255,147.0,1,0,0.002422145328719723,2025-11-23,34,20,0.7,3,0.0,,,Overstock,,,59,75,Low
376,433,399,433.0,0,0,0.02120092378752887,2025-09-06,34,23,9.18,30,0.0,,,Overstock,,,137,75,Low
377,278,264,278.0,0,0,0.03866906474820144,2025-09-27,14,7,10.75,24,0.0,,,Overstock,,,116,75,Low
378,5,4,5.0,1,0,0.52,2025-07-09,1,16,2.6,39,0.0,6.0,603.36,Low Stock,0.8333333333333334,120.672,196,50,High
379,417,389,308.0,0,0,0.003141486810551559,2025-11-22,28,25,1.31,7,0.0,,,Overstock,,,60,75,Low
381,343,340,343.0,0,0,0.05341107871720117,2025-12-15,3,5,18.32,35,0.0,,,Overstock,,,37,75,Low
382,35,27,162.0,0,0,0.09428571428571428,2025-10-22,8,22,3.3,13,0.0,,,Adequate,,,91,100,Low
383,260,259,260.0,0,0,0.0498076923076923,2025-12-11,1,12,12.95,2,0.0,,,Overstock,,,41,75,Low
384,343,340,343.0,0,0,0.003177842565597668,2025-09-16,3,18,1.09,10,0.0,2.0,79.9,Overstock,171.5,0.2329446064139942,127,75,Low
386,0,0,0.0,1,1,0.0,2025-11-07,0,6,9.98,42,0.0,,,Out of Stock,,,75,0,Critical
387,51,48,51.0,0,0,0.04862745098039216,2025-11-30,3,8,2.48,45,0.0,,,Overstock,,,52,75,Low
388,7,6,9.5,0,0,0.7285714285714285,2025-07-17,1,0,5.1,11,0.0,,,Overstock,,,188,75,Low
389,453,415,453.0,0,0,0.005320088300220751,2025-12-08,38,9,2.41,10,0.0,2.0,1639.1499999999999,Overstock,226.5,3.618432671081677,44,75,Low
390,231,215,231.0,0,0,0.010432900432900433,2025-08-01,16,26,2.41,2,0.0,1.0,98.86,Overstock,231.0,0.42796536796536794,173,75,Low
391,176,133,88.0,1,1,0.006590909090909091,2025-09-09,43,25,1.16,47,0.0,,,Overstock,,,134,75,Low
392,351,315,351.0,0,0,0.021823361823361823,2025-11-29,36,27,7.66,28,0.0,1.5,2392.36,Overstock,234.0,6.815840455840457,53,75,Low
393,0,0,0.0,2,2,0.0,2025-07-16,0,5,6.96,43,0.0,2.0,508.58,Out of Stock,0.0,,189,0,Critical
394,117,76,117.0,0,0,0.03418803418803419,2025-12-01,41,12,4.0,7,0.0,1.6666666666666667,1194.85,Overstock,70.2,10.21239316239316,51,75,Low
395,358,319,322.5,0,0,0.0494413407821229,2025-09-21,39,24,17.7,7,0.0,1.5,1067.94,Overstock,238.66666666666666,3.3114418604651163,122,75,Low
396,0,0,0.0,1,1,0.0,2025-07-27,0,29,0.64,21,0.0,,,Out of Stock,,,178,0,Critical
397,319,282,319.0,0,0,0.024921630094043887,2025-10-15,37,15,7.95,23,0.0,,,Overstock,,,98,75,Low
398,16,14,14.5,0,0,0.7625,2025-10-25,2,0,12.2,42,0.0,,,Overstock,,,88,75,Low
399,351,320,179.0,1,0,0.0554985754985755,2025-10-12,31,5,19.48,17,0.0,1.0,537.25,Overstock,351.0,3.0013966480446927,101,75,Low
400,0,0,0.0,2,2,0.0,2025-10-20,0,23,2.45,45,0.0,3.0,282.09000000000003,Out of Stock,0.0,,93,0,Critical
401,55,54,164.33333333333334,0,0,0.013454545454545455,2025-11-27,1,16,0.74,37,0.0,,,Overstock,,,55,75,Low
402,354,330,354.0,0,0,0.012401129943502825,2025-08-18,24,9,4.39,25,0.0,5.0,1121.0,Overstock,70.8,3.1666666666666665,156,75,Low
403,374,345,332.0,0,0,0.013796791443850268,2025-09-30,29,14,5.16,2,0.0,,,Overstock,,,113,75,Low
405,291,266,291.0,0,0,0.04350515463917526,2025-10-07,25,12,12.66,30,0.0,,,Overstock,,,106,75,Low
406,14,12,14.0,1,0,0.6721428571428572,2025-08-01,2,20,9.41,41,0.0,,,Low Stock,,,173,50,Low
407,87,44,87.0,0,0,0.028275862068965516,2025-11-27,43,22,2.46,8,0.0,1.0,522.04,Overstock,87.0,6.000459770114942,55,75,Low
408,13,7,9.333333333333334,0,0,0.3576923076923077,2025-11-05,6,0,4.65,2,0.0,,,Overstock,,,77,75,Low
410,383,339,383.0,0,0,0.009242819843342036,2025-08-31,44,14,3.54,36,0.0,,429.59999999999997,Overstock,,1.1216710182767624,143,75,Low
411,353,345,371.5,0,0,0.0018413597733711049,2025-09-20,8,27,0.65,34,0.0,5.0,509.28,Overstock,70.6,1.3708748317631223,123,75,Low
412,0,0,0.0,1,1,0.0,2025-07-05,0,26,6.21,38,0.0,,,Out of Stock,,,200,0,Critical
414,167,126,167.0,0,0,0.03125748502994012,2025-11-25,41,26,5.22,45,0.0,1.0,340.19,Overstock,167.0,2.0370658682634732,57,75,Low
415,99,53,99.0,0,0,0.0703030303030303,2025-11-10,46,12,6.96,44,0.0,1.0,158.1,Overstock,99.0,1.596969696969697,72,75,Low
416,396,353,396.0,0,0,0.010404040404040405,2025-11-03,43,5,4.12,33,0.0,2.0,1723.6799999999998,Overstock,198.0,4.352727272727273,79,75,Low
417,158,126,176.5,0,0,0.012341772151898734,2025-12-08,32,24,1.95,23,0.0,6.0,199.56,Overstock,26.333333333333332,1.1306515580736545,44,75,Low
418,6,6,6.0,1,0,0.15666666666666665,2025-12-08,0,22,0.94,33,0.0,5.0,670.5,Low Stock,1.2,111.75,44,50,High
419,0,0,0.0,2,2,0.0,2025-11-21,0,11,0.63,24,0.0,,,Out of Stock,,,61,0,Critical
420,0,0,1.5,2,1,0.0,2025-07-12,0,15,8.2,36,0.0,2.0,697.64,Out of Stock,0.0,465.0933333333333,193,0,Critical
421,379,337,379.0,0,0,0.02928759894459103,2025-07-29,42,22,11.1,16,0.0,,,Overstock,,,176,75,Low
422,0,0,3.0,1,1,0.0,2025-09-02,0,21,10.63,11,0.0,1.0,1543.48,Out of Stock,0.0,514.4933333333333,141,0,Critical
423,296,296,296.0,0,0,0.00847972972972973,2025-11-21,0,13,2.51,4,0.0,,255.42,Overstock,,0.8629054054054054,61,75,Low
424,11,11,11.0,1,0,0.11181818181818182,2025-10-20,0,28,1.23,27,0.0,2.0,104.92,Low Stock,5.5,9.538181818181819,93,50,High
426,17,13,17.0,0,0,1.08,2025-10-01,4,0,18.36,18,0.0,,,Overstock,,,112,75,Low
427,355,349,355.0,0,0,0.016535211267605633,2025-12-22,6,19,5.87,37,0.0,2.0,275.18,Overstock,177.5,0.7751549295774648,30,75,Low
428,0,0,0.0,3,3,0.0,2025-10-19,0,12,5.71,31,0.0,2.0,758.32,Out of Stock,0.0,,94,0,Critical
429,120,104,140.33333333333334,0,0,0.005,2025-09-06,16,16,0.6,21,0.0,,,Overstock,,,137,75,Low
430,379,349,379.0,0,0,0.015197889182058047,2025-12-13,30,17,5.76,46,0.0,,,Overstock,,,39,75,Low
431,437,415,437.0,0,0,0.028375286041189933,2025-10-02,22,14,12.4,44,0.0,,,Overstock,,,111,75,Low
432,116,80,261.3333333333333,0,0,0.01913793103448276,2025-10-17,36,20,2.22,33,0.0,3.0,138.66,Overstock,38.666666666666664,0.5305867346938776,96,75,Low
433,349,303,268.5,0,0,0.017793696275071633,2025-10-20,46,23,6.21,17,0.0,1.0,210.06,Overstock,349.0,0.7823463687150838,93,75,Low
434,114,113,134.0,1,1,0.046052631578947366,2025-12-09,1,13,5.25,14,0.0,1.0,521.01,Overstock,114.0,3.888134328358209,43,75,Low
435,0,0,9.0,0,1,0.0,2025-08-13,0,0,2.13,32,0.0,,,Out of Stock,,,161,0,Critical
436,0,0,0.0,1,1,0.0,2025-09-24,0,19,1.37,24,0.0,,644.08,Out of Stock,,,119,0,Critical
438,13,9,13.0,1,0,0.5207692307692308,2025-09-10,4,21,6.77,35,0.0,,,Low Stock,,,133,50,Low
439,126,126,126.0,0,0,0.06634920634920634,2025-10-05,0,6,8.36,36,0.0,1.0,248.98,Overstock,126.0,1.976031746031746,108,75,Low
440,316,273,316.0,0,0,0.029145569620253168,2025-11-16,43,20,9.21,39,0.0,3.0,864.44,Overstock,105.33333333333333,2.7355696202531647,66,75,Low
441,11,6,11.0,0,0,0.2318181818181818,2025-08-07,5,11,2.55,48,0.0,5.0,271.4,Adequate,2.2,24.672727272727272,167,100,Low
442,10,5,8.0,0,0,0.286,2025-09-19,5,0,2.86,6,0.0,,,Overstock,,,124,75,Low
444,6,5,3.5,0,0,0.33166666666666667,2025-08-04,1,0,1.99,5,0.0,,,Overstock,,,170,75,Low
445,7,6,7.0,1,0,1.19,2025-09-11,1,27,8.33,23,0.0,,,Low Stock,,,132,50,Low
446,315,311,351.5,0,0,0.058793650793650794,2025-12-07,4,11,18.52,12,0.0,,,Overstock,,,45,75,Low
447,213,182,332.0,0,0,0.03103286384976526,2025-12-13,31,11,6.61,23,0.0,,,Overstock,,,39,75,Low
448,0,0,0.0,2,2,0.0,2025-09-11,0,13,4.74,29,0.0,1.0,125.72,Out of Stock,0.0,,132,0,Critical
449,134,88,79.5,0,0,0.08119402985074628,2025-12-05,46,13,10.88,18,0.0,,1372.1,Overstock,,17.259119496855345,47,75,Low
450,0,0,0.0,1,1,0.0,2025-07-23,0,22,6.67,27,0.0,,,Out of Stock,,,182,0,Critical
451,0,0,0.0,2,2,0.0,2025-01-28,0,9,7.4,4,0.0,,,Out of Stock,,,358,0,Critical
452,0,0,0.0,1,1,0.0,2025-09-05,0,13,5.59,24,0.0,2.0,385.12,Out of Stock,0.0,,138,0,Critical
453,72,52,36.0,1,1,0.07333333333333333,2025-09-12,20,27,5.28,45,0.0,,,Adequate,,,131,100,Low
454,14,9,14.0,0,0,0.08499999999999999,2025-09-28,5,0,1.19,3,0.0,,,Overstock,,,115,75,Low
456,0,0,0.0,2,2,0.0,2025-10-25,0,18,2.02,16,0.0,,,Out of Stock,,,88,0,Critical
457,2,0,10.0,0,0,2.8,2025-12-10,2,0,5.6,42,0.0,,,Overstock,,,42,75,Low
458,8,6,8.0,1,0,0.065,2025-07-11,2,9,0.52,17,0.0,,,Low Stock,,,194,50,Low
459,0,0,0.0,1,1,0.0,2025-05-05,0,19,4.69,43,0.0,,,Out of Stock,,,261,0,Critical
460,264,220,264.0,0,0,0.005227272727272727,2025-09-21,44,5,1.38,33,0.0,5.0,1326.15,Overstock,52.8,5.023295454545455,122,75,Low
461,147,132,73.5,1,1,0.0745578231292517,2025-11-25,15,13,10.96,49,0.0,1.0,711.37,Overstock,147.0,9.678503401360544,57,75,Low
462,10,9,6.333333333333333,0,0,0.217,2025-12-22,1,0,2.17,35,0.0,,,Overstock,,,30,75,Low
463,148,119,148.0,0,0,0.006756756756756757,2025-12-03,29,27,1.0,33,0.0,1.0,43.99,Overstock,148.0,0.2972297297297297,49,75,Low
464,43,22,43.0,0,0,0.04348837209302326,2025-07-15,21,22,1.87,18,0.0,,712.5600000000001,Adequate,,16.571162790697677,190,100,Low
465,129,93,64.5,1,1,0.02186046511627907,2025-08-21,36,21,2.82,48,0.0,,,Overstock,,,153,75,Low
467,0,0,0.0,1,1,0.0,2025-08-27,0,12,1.73,34,0.0,,,Out of Stock,,,147,0,Critical
468,175,154,175.0,0,0,0.004514285714285715,2025-08-04,21,19,0.79,50,0.0,,,Overstock,,,170,75,Low
470,118,73,118.0,0,0,0.06084745762711864,2025-09-30,45,25,7.18,14,0.0,,,Overstock,,,113,75,Low
471,1,0,1.0,1,0,5.49,2025-11-03,1,10,5.49,18,0.0,1.0,403.72,Low Stock,1.0,403.72,79,50,High
472,3,0,3.0,0,0,0.52,2025-07-09,3,0,1.56,16,0.0,,,Overstock,,,196,75,Low
474,11,11,8.0,0,0,0.11181818181818182,2025-12-24,0,0,1.23,38,0.0,,,Overstock,,,28,75,Low
475,450,445,450.0,0,0,0.022955555555555555,2025-12-12,5,8,10.33,14,0.0,,,Overstock,,,40,75,Low
476,291,261,291.0,0,0,0.029347079037800684,2025-10-11,30,21,8.54,35,0.0,1.5,11619.4,Overstock,194.0,39.929209621993124,102,75,Low
477,109,64,109.0,0,0,0.025412844036697246,2025-08-06,45,28,2.77,11,0.0,4.0,303.44,Overstock,27.25,2.7838532110091743,168,75,Low
478,188,169,188.0,0,0,0.0575,2025-10-31,19,13,10.81,34,0.0,2.0,430.1,Overstock,94.0,2.2877659574468088,82,75,Low
479,156,147,156.0,0,0,0.03775641025641025,2025-07-20,9,10,5.89,39,0.0,3.0,589.3499999999999,Overstock,52.0,3.7778846153846146,185,75,Low
480,0,0,0.0,1,1,0.0,2025-09-09,0,7,0.95,3,0.0,,53.57,Out of Stock,,,134,0,Critical
481,7,7,7.0,0,0,0.2885714285714286,2025-07-20,0,0,2.02,17,0.0,,,Overstock,,,185,75,Low
482,3,2,4.0,0,0,0.93,2025-11-09,1,0,2.79,36,0.0,,,Overstock,,,73,75,Low
483,395,380,395.0,0,0,0.05911392405063291,2025-12-22,15,23,23.35,43,0.0,,,Overstock,,,30,75,Low
484,115,91,147.0,1,0,0.01365217391304348,2025-11-29,24,8,1.57,9,0.0,,,Overstock,,,53,75,Low
