cart_id,customer_id,session_id,cart_status,created_at,updated_at
272,440,3a52e1de-1f5c-40e8-ada7-3d0d2753f22e,Abandoned,2018-11-12 15:48:50,2018-11-12 19:48:50
283,230,e20649c2-21b8-402c-be86-be5ef31c8150,Abandoned,2023-05-27 19:49:50,2023-05-28 01:49:50
511,325,cf396e98-168b-46c0-ba09-b59e579fd545,Active,2021-11-20 18:45:30,2021-11-25 12:45:30
92,105,1710e83c-88e4-4286-a241-3686a7b484d0,Converted,2024-12-08 05:50:29,2024-12-08 08:50:29
36,18,a5c3e500-ccfd-4086-91d7-470c97f95b77,Converted,2025-12-21 23:08:03,2025-12-22 03:08:03
542,219,bc6edf61-a1a6-4ef5-a3e0-d9c58e709069,Abandoned,2022-03-27 03:54:46,2022-03-27 12:54:46
164,43,a81e5729-11d5-4ad1-abcf-fb8f32b88b22,Active,2024-03-03 17:16:14,2024-03-07 20:16:14
251,287,85fb8f66-5c99-4aa1-8f74-6f6d93b9263e,Deleted,2025-08-24 12:20:39,2025-09-08 04:20:39
483,296,f9284371-2752-49bc-a2f5-6cb680b8a88f,Abandoned,2025-04-22 02:11:29,2025-04-22 03:11:29
44,280,635bd699-4b3f-4d38-a549-55d5d3779065,Active,2017-08-16 06:29:26,2017-08-22 15:29:26
430,269,d5734020-2fd5-4d48-bef3-789ff5c00fb4,Abandoned,2018-07-22 17:09:53,2018-07-22 18:09:53
510,406,f9be24e9-6c2c-4645-8111-624f166c9d20,Deleted,2023-01-19 08:47:33,2023-02-01 11:47:33
231,445,219789d6-b3fe-469a-a6bb-ca11adeb8820,Abandoned,2022-03-06 18:33:07,2022-03-07 00:33:07
307,355,85e2be22-8cbc-4143-9687-fb30f2532030,Converted,2023-10-21 05:12:39,2023-10-23 21:12:39
427,143,8b7c8f5f-bbe8-44d6-812f-f9d778f87e5f,Abandoned,2021-04-10 15:16:52,2021-04-10 17:16:52
443,232,19527be4-0b71-4021-8672-7218805fef7f,Abandoned,2022-06-04 22:48:06,2022-06-05 09:48:06
232,16,f89a7809-765a-4dc5-8892-3e9f29977fb4,Converted,2019-06-29 16:34:07,2019-06-30 05:34:07
313,106,a1bc6816-d719-410e-8bb6-74ce46d4e459,Deleted,2024-10-18 10:28:16,2024-11-11 10:28:16
101,57,1e02e630-b9f7-489e-b04a-bce258bdf215,Abandoned,2024-07-22 16:15:36,2024-07-22 17:15:36
416,385,a45323fd-9bb5-4a09-8e5b-9db07f66e40b,Active,2022-01-01 13:24:49,2022-01-07 13:24:49
544,389,3d4960a5-8974-4915-8c6a-1f36fad3eb43,Converted,2024-06-21 05:32:31,2024-06-22 10:32:31
280,153,ac98f197-5a3f-4f7d-8bd9-928d03899b45,Active,2022-05-21 19:46:09,2022-05-21 21:46:09
376,129,d2d2d314-ae05-4500-8cbc-f036ec0e5628,Active,2024-12-13 23:00:25,2024-12-17 08:00:25
524,484,65ba8361-5341-41d7-bd67-f923d5d90545,Abandoned,2022-09-15 12:11:45,2022-09-16 00:11:45
47,243,0c3fc922-5d13-4959-9e61-2b022de02de7,Active,2023-07-15 04:41:04,2023-07-16 17:41:04
89,438,e94d20de-71e8-4e18-bf52-c421afa97581,Abandoned,2017-04-27 21:14:24,2017-04-28 01:14:24
138,427,91f9fe89-19a5-4307-915b-e3b9590c39a0,Active,2021-04-06 19:21:56,2021-04-10 16:21:56
68,454,2156441e-ee6e-4ad1-9488-61b66841736d,Abandoned,2024-03-26 10:55:04,2024-03-26 11:55:04
289,19,904f3d8b-6e1a-4188-a77a-3c9799074f11,Deleted,2025-11-06 12:35:08,2025-11-15 02:35:08
540,91,c8d8aaf5-d035-48e4-bfc7-02a5fa3a527d,Deleted,2024-10-22 21:31:51,2024-11-10 20:31:51
200,34,4df0ce1d-ac22-4a07-a7bb-27cd985c88c1,Deleted,2022-03-03 16:02:15,2022-03-12 13:02:15
394,315,ab797763-1cea-42db-b3ee-a4ee9f457570,Active,2025-03-10 22:27:02,2025-03-16 01:27:02
453,211,4c12b667-1de0-4727-8d46-cb4c20533960,Abandoned,2022-11-10 15:13:26,2022-11-10 21:13:26
203,63,bd260936-f37c-4999-886b-62ebc3505cbd,Active,2021-08-29 22:09:52,2021-09-01 14:09:52
240,44,bc7b2c4e-265b-4eca-9cfd-ff20ef566e38,Active,2025-11-29 15:14:15,2025-12-04 14:14:15
11,114,a9eca30f-64a9-4efa-bae5-eadb91536c33,Deleted,2023-07-01 11:32:13,2023-07-26 18:32:13
41,492,76342937-5bec-4573-9b99-bf72f9e8da35,Active,2022-04-21 13:33:57,2022-04-22 09:33:57
441,91,c8d8aaf5-d035-48e4-bfc7-02a5fa3a527d,Converted,2024-10-22 21:27:07,2024-10-25 18:27:07
32,93,7a705245-fd0e-497f-9d41-5064e4ed02ab,Converted,2024-12-08 11:09:42,2024-12-09 18:09:42
115,19,522ac0d2-7457-4298-8c54-995767300cf4,Active,2025-09-13 12:15:10,2025-09-16 13:15:10
428,73,9ad03502-b084-4951-9893-e78909de807e,Active,2025-10-18 02:38:51,2025-10-21 08:38:51
517,212,e15df704-d8e9-47e2-a803-a11f05b5cd53,Active,2025-03-04 16:50:38,2025-03-05 08:50:38
256,3,376a34fb-9761-4c84-a155-84ac935c4887,Abandoned,2022-01-23 20:07:26,2022-01-24 05:07:26
259,308,156b7a0c-09c2-49a5-8f89-fe4c2bbb1f2c,Active,2020-06-18 10:53:55,2020-06-21 06:53:55
338,125,185a8276-219b-4d85-ad4c-0a464779b07c,Converted,2025-01-24 20:00:23,2025-01-27 08:00:23
526,261,47eb5a98-7731-4019-90af-3722ce4103a6,Active,2021-04-18 18:36:48,2021-04-19 22:36:48
174,369,2f509821-498f-4ea3-b030-c44586dfbeaa,Converted,2023-06-28 03:56:29,2023-06-29 13:56:29
299,35,d39eb03c-3e96-4d67-9c5d-7aaf87bbf8e2,Abandoned,2024-08-31 11:13:06,2024-08-31 15:13:06
387,3,5748da89-c21d-4877-bfa6-2372e0747256,Abandoned,2022-01-01 18:12:38,2022-01-02 06:12:38
388,488,807004b7-0eb4-4105-b309-96bf5d332b05,Converted,2021-12-02 07:36:09,2021-12-03 21:36:09
389,338,532424fc-6c6c-4f80-a110-4a706098ba1b,Abandoned,2020-12-31 12:19:32,2020-12-31 23:19:32
480,491,c8fb0f75-335e-4363-b1d6-a705dce305b8,Active,2021-01-21 21:40:37,2021-01-28 13:40:37
71,452,7817adac-3ede-4998-b91c-127dafb7516a,Abandoned,2024-01-03 16:44:12,2024-01-03 16:44:12
91,42,45b50eed-35ef-4a1f-8857-e9066932af4b,Abandoned,2025-09-03 03:04:28,2025-09-03 05:04:28
221,405,eca9cc9d-a903-40b7-b5ba-210b2c4b7f14,Active,2021-05-13 09:40:36,2021-05-15 23:40:36
490,128,867aef95-3fcc-4396-9858-fd13d6dae310,Abandoned,2024-09-13 04:18:17,2024-09-13 15:18:17
118,318,2540bd83-a6d7-4789-ab24-e655a144bbb3,Abandoned,2023-06-21 20:44:44,2023-06-21 23:44:44
188,34,719cf709-62af-4657-b43a-586e859cd033,Deleted,2020-09-26 17:31:53,2020-10-23 14:31:53
317,3,5748da89-c21d-4877-bfa6-2372e0747256,Active,2022-01-01 18:14:32,2022-01-08 01:14:32
339,191,5e38257a-a1e5-4b9c-8d9c-6bbb77b91693,Deleted,2024-09-23 03:23:00,2024-10-13 05:23:00
406,187,35b94a27-19f8-4ffd-aa0d-c2197c1f4e15,Abandoned,2025-10-07 13:17:50,2025-10-08 00:17:50
415,232,ce0e145f-ef15-4a39-a71f-0786cb9de735,Abandoned,2023-05-02 16:35:04,2023-05-03 03:35:04
51,475,24ee2d06-8fd2-4207-9459-1d9f8e493b2d,Active,2025-07-11 23:26:29,2025-07-15 02:26:29
276,303,ec0ebd5d-abc7-49d8-a5ba-6ac7d4ec8881,Converted,2025-07-10 00:21:18,2025-07-10 21:21:18
152,443,6995bb85-d58c-41dd-a2c7-8288019406bc,Converted,2024-08-20 23:22:26,2024-08-21 09:22:26
468,452,9d01cd88-33b7-4577-85be-bc226b61e011,Converted,2024-10-02 14:44:16,2024-10-03 17:44:16
539,136,bd8dd1f8-b26d-4ae2-8519-004f5430eac1,Converted,2025-09-28 19:13:23,2025-09-30 04:13:23
588,275,1cd7bb5c-3e22-45e8-ad28-6074f48b3807,Abandoned,2025-08-29 03:11:12,2025-08-29 11:11:12
135,408,c5d76669-6af7-4868-8cd4-b8b0fef48bde,Converted,2025-12-03 17:28:11,2025-12-05 06:28:11
213,206,0c18178e-b70c-4d84-9b87-a0d9bf81b5b3,Converted,2022-07-04 00:10:46,2022-07-06 09:10:46
267,376,0bcf92c1-3c1d-49ac-bc3a-15872603d3e3,Abandoned,2025-06-07 13:12:26,2025-06-07 15:12:26
328,405,94ceb061-2275-41e6-b5fe-177ef0ff226d,Converted,2021-01-25 20:14:02,2021-01-26 02:14:02
349,351,3f127a47-70a7-4391-8b16-e285d868411a,Converted,2025-10-06 02:56:14,2025-10-07 13:56:14
102,180,9c1985c4-5c9a-442f-806c-d8d093b6fc42,Active,2023-08-19 19:23:35,2023-08-20 18:23:35
121,128,867aef95-3fcc-4396-9858-fd13d6dae310,Active,2024-09-13 04:29:35,2024-09-13 04:29:35
226,148,85a6f756-c099-454c-98e8-70df185c3454,Deleted,2022-08-26 06:32:41,2022-09-23 17:32:41
114,19,904f3d8b-6e1a-4188-a77a-3c9799074f11,Deleted,2025-11-06 12:33:46,2025-11-18 03:33:46
565,285,c01e4f69-fe3b-4065-b04f-b1dac87f0ba4,Converted,2024-04-24 03:02:30,2024-04-26 15:02:30
391,318,2540bd83-a6d7-4789-ab24-e655a144bbb3,Active,2023-06-21 20:44:47,2023-06-28 12:44:47
455,237,b820fe11-3213-4602-b6f8-4bebc670417b,Abandoned,2024-10-26 11:43:28,2024-10-26 11:43:28
574,348,96994b4b-b54a-41ed-8dfc-18ff5069df41,Abandoned,2025-02-08 09:02:31,2025-02-08 17:02:31
20,257,4b078022-1255-41cd-9eda-6b4c07138668,Abandoned,2022-02-18 00:48:07,2022-02-18 12:48:07
333,490,de2f2a25-5c6d-4023-a56b-0e4b6d6cc846,Abandoned,2023-03-18 15:11:04,2023-03-18 20:11:04
341,271,a47611da-75ce-41f8-8c08-ae9c311e0c0d,Converted,2025-04-16 11:43:05,2025-04-19 08:43:05
351,465,6f56174e-3ce1-468f-846e-a8b6d627434c,Active,2024-09-30 07:27:13,2024-10-05 16:27:13
159,398,7dff3cc1-1ccc-4eb1-a69f-aef5feb5a5e6,Abandoned,2023-02-12 17:05:13,2023-02-12 17:05:13
463,372,213bd20e-b56d-4c2a-bdc0-a32e347aadaf,Deleted,2025-03-18 05:45:12,2025-03-30 18:45:12
26,243,8d94def3-ecc1-409b-81d5-2a43e123129b,Converted,2018-10-01 00:59:40,2018-10-02 12:59:40
48,243,0c3fc922-5d13-4959-9e61-2b022de02de7,Abandoned,2023-07-15 04:49:35,2023-07-15 08:49:35
78,52,e1e7a723-0461-4e16-ae15-9ee74289d709,Active,2024-08-26 18:05:46,2024-08-28 02:05:46
87,185,01adb77a-50ad-43fd-9462-0380ab057d7b,Converted,2024-10-28 17:10:52,2024-10-29 07:10:52
175,70,86a5b4a2-cc0f-4dd5-971b-471f5a2c808b,Abandoned,2025-09-12 23:48:53,2025-09-13 03:48:53
176,338,532424fc-6c6c-4f80-a110-4a706098ba1b,Active,2020-12-31 12:17:59,2021-01-01 13:17:59
356,65,c1207da6-1dc3-4a0b-8e66-2f1636c115d3,Abandoned,2024-03-09 07:06:36,2024-03-09 10:06:36
467,457,288e780a-cb74-4293-a86f-08fa6dc30a22,Converted,2024-05-02 02:42:57,2024-05-03 09:42:57
7,41,991fc818-3bc6-4025-a39c-05d759c46c77,Active,2023-09-08 17:12:17,2023-09-14 02:12:17
143,180,f83eabd2-d1d4-49e9-aa40-91a452202192,Converted,2023-09-06 10:41:57,2023-09-06 14:41:57
509,73,9ad03502-b084-4951-9893-e78909de807e,Deleted,2025-10-18 02:37:15,2025-10-28 05:37:15
553,204,3b835692-933f-45fd-8c9b-f2f05c0ef7b8,Converted,2024-11-11 12:36:43,2024-11-13 11:36:43
181,270,47ca8293-ac8e-47cb-bfda-a8e8ae20b237,Active,2022-01-09 15:04:49,2022-01-16 07:04:49
77,403,d2748ff6-b768-41d2-a27c-774a1305a175,Active,2024-10-20 23:07:24,2024-10-26 16:07:24
440,381,5bfef596-3e7a-4a25-905a-10fce17f367a,Active,2024-12-30 22:09:20,2025-01-04 15:09:20
529,110,6b60ba25-f8d1-4729-bed5-64f8623135b0,Converted,2020-11-24 12:21:26,2020-11-25 01:21:26
335,204,a2c8fb2b-1d5b-4a03-9c27-4317a6a932dc,Converted,2018-06-11 09:16:51,2018-06-13 16:16:51
439,371,50790894-3cb2-4142-bdb0-10dde85f101e,Deleted,2015-05-21 01:57:26,2015-06-08 11:57:26
577,464,b5283ef7-6f42-4af7-bb96-f4ed98651440,Converted,2024-05-11 09:11:16,2024-05-13 13:11:16
5,307,f2f84e21-710d-4503-a82f-e73ba5f248c9,Abandoned,2022-05-19 16:11:28,2022-05-20 03:11:28
309,162,b863cb1c-3e25-4a00-a225-0bdc130f2465,Abandoned,2024-07-21 04:45:15,2024-07-21 15:45:15
600,309,10657f95-5dce-418a-b862-148e6bfcfdfc,Active,2024-10-31 10:05:25,2024-11-03 03:05:25
369,1,5be7d2eb-612c-4396-b486-c7f3a7bec731,Abandoned,2025-02-22 11:36:48,2025-02-22 22:36:48
178,9,ad7c8447-04b9-47c9-b57b-f7b80b1d20a6,Abandoned,2025-09-30 21:17:53,2025-09-30 21:17:53
260,359,d15dd940-ae98-4f8e-ba8b-ab882cfb853c,Deleted,2018-09-27 15:28:11,2018-10-01 08:28:11
316,139,2f67043f-dbf6-4733-bf6f-077dce442a26,Abandoned,2019-09-22 01:43:10,2019-09-22 04:43:10
184,260,a84b4350-2205-4ca6-9ce7-10ba864caff0,Abandoned,2025-04-29 04:51:52,2025-04-29 08:51:52
370,64,746dac62-6568-4661-90c0-2b4ae459b2a9,Converted,2018-09-26 23:25:12,2018-09-29 02:25:12
377,280,635bd699-4b3f-4d38-a549-55d5d3779065,Converted,2017-08-16 06:27:55,2017-08-18 10:27:55
522,330,20d5ff1c-34f7-4ec4-8b54-c73268bd9a31,Abandoned,2020-03-16 08:19:53,2020-03-16 11:19:53
564,260,dc49fd5f-4963-4930-a2e6-545794a979db,Converted,2025-05-31 21:45:44,2025-06-03 00:45:44
85,38,1e5c829a-d9f7-46dc-8584-3c2efe948d92,Abandoned,2023-08-18 18:16:31,2023-08-18 21:16:31
202,388,7a73a606-17f7-43b8-8ac8-2919c3632b41,Active,2023-12-16 03:47:42,2023-12-18 00:47:42
311,448,df85d361-6c99-4660-af36-055dc1ffc6ad,Converted,2020-10-13 07:16:44,2020-10-15 00:16:44
337,49,8ea2f0d1-57e0-4a03-bd58-be43a71619b9,Converted,2025-11-21 02:58:09,2025-11-21 19:58:09
535,495,1d41d486-e816-4888-8ec4-13297f70e5ac,Abandoned,2025-06-10 12:38:50,2025-06-10 15:38:50
13,70,b73180f1-325f-4b56-a6ef-940314a48646,Abandoned,2024-09-15 20:33:39,2024-09-16 06:33:39
205,240,0a0c1d81-a68d-4f40-bbce-d89cda4f03a0,Converted,2022-12-03 18:04:49,2022-12-04 00:04:49
590,463,44fc5272-23e7-4381-a3ef-af4af52f1840,Deleted,2019-12-17 01:21:20,2020-01-05 09:21:20
108,223,4e15c1c6-4e6d-4adc-abec-724f9a7cc81a,Abandoned,2025-03-29 23:26:48,2025-03-30 08:26:48
243,332,b910bae2-f712-4b15-932b-d80189f0dd25,Converted,2024-08-10 04:08:47,2024-08-13 03:08:47
442,309,10657f95-5dce-418a-b862-148e6bfcfdfc,Deleted,2024-10-31 10:04:31,2024-11-26 23:04:31
15,68,8869a795-9799-4a4d-a3dc-5a29ddd2c72b,Active,2025-03-11 13:07:26,2025-03-12 18:07:26
39,117,e93a00b4-167c-4cfe-b5be-118a749c5355,Converted,2025-11-14 03:56:17,2025-11-15 19:56:17
109,89,9109ed70-4994-4f4e-9500-3c2a3077fce4,Converted,2024-07-31 21:13:27,2024-08-03 21:13:27
320,32,50929c04-36ee-4962-b504-0b094d11fa0f,Abandoned,2025-08-06 23:10:30,2025-08-07 08:10:30
470,95,e3686d23-4ebf-4090-ab1d-739fd80908bf,Abandoned,2025-06-28 22:40:49,2025-06-29 03:40:49
401,376,0bcf92c1-3c1d-49ac-bc3a-15872603d3e3,Deleted,2025-06-07 13:15:03,2025-06-14 10:15:03
481,60,169b334d-3025-4a09-a66a-f206e63e2c66,Converted,2021-11-22 14:25:00,2021-11-24 08:25:00
496,42,45b50eed-35ef-4a1f-8857-e9066932af4b,Converted,2025-09-03 03:06:52,2025-09-05 04:06:52
550,75,d0324f91-94ba-4292-b328-86cc2c237b0d,Deleted,2021-10-03 03:12:40,2021-10-06 23:12:40
254,205,f9c52cff-100c-474a-ae4a-eecbe4060fbb,Active,2020-03-17 10:25:12,2020-03-21 09:25:12
353,276,df85e31e-5268-4b06-8ed2-3c27538578c8,Abandoned,2025-04-12 18:28:45,2025-04-12 23:28:45
457,108,65852665-e654-48fc-aebf-dfc215eb48aa,Abandoned,2025-04-27 15:00:19,2025-04-27 17:00:19
165,339,3d82b5aa-07b5-469a-b30e-6d0d6aa1a3d5,Converted,2023-03-23 10:35:55,2023-03-25 16:35:55
185,127,a606ea4e-6a47-4c12-b219-442880fd2145,Converted,2025-01-28 22:37:44,2025-01-30 12:37:44
265,304,399001aa-54e2-4204-8025-662b89dcb14c,Abandoned,2024-07-04 06:55:05,2024-07-04 15:55:05
277,189,b6dd930b-ef4d-4cc4-88f9-b22d7a38d92b,Abandoned,2023-06-12 08:30:57,2023-06-12 16:30:57
528,54,86ab81e4-6c5f-418e-9527-d6bdd045c16f,Active,2022-01-21 21:34:26,2022-01-25 21:34:26
547,344,45a8b48d-9096-4872-a77e-5fd44a2bcbcc,Converted,2025-06-06 15:36:57,2025-06-07 12:36:57
40,106,5e5521cd-3496-448c-a1dc-775474875639,Active,2024-07-14 23:53:27,2024-07-17 23:53:27
209,338,1b63fc6b-3393-4bdb-97a5-5d096bafc309,Active,2022-05-06 22:47:19,2022-05-12 08:47:19
268,347,72cb5bee-2fee-4efc-a64f-c962f9b7411d,Converted,2023-06-25 12:42:42,2023-06-27 11:42:42
355,447,5c526972-952c-43d2-a32e-1121aabddccd,Converted,2024-09-26 10:15:45,2024-09-27 22:15:45
435,114,21dce51e-529a-412b-b4d5-669c8fdf10b9,Converted,2022-02-14 12:53:48,2022-02-17 09:53:48
319,446,6e379e33-f439-47ac-a31a-d87654eefd1f,Active,2025-02-08 05:38:52,2025-02-09 06:38:52
438,491,b705818a-1471-4b69-bf90-0af542b4a9bb,Active,2017-06-19 18:41:16,2017-06-21 17:41:16
107,448,4386a0fe-f07b-406c-b192-892b7e869ab5,Active,2022-03-04 02:14:51,2022-03-10 11:14:51
518,137,dd24ec95-e459-492b-b7ad-64e404f8e3b1,Deleted,2021-10-30 06:48:56,2021-11-07 09:48:56
305,107,5279cbe3-751f-4c44-b386-0abbe2a182b6,Active,2023-11-05 06:09:53,2023-11-07 06:09:53
301,1,9514139f-297d-4312-a159-96136fde9694,Active,2024-10-18 22:42:43,2024-10-19 09:42:43
424,219,a4133e21-ec6b-4078-ab8f-c4cceccd846b,Abandoned,2023-04-25 15:54:09,2023-04-26 03:54:09
148,87,be53aa2b-6e72-409a-85d9-b4e2d4034ab5,Deleted,2024-01-20 19:38:58,2024-02-08 23:38:58
182,280,ecda999a-2934-4af4-a637-5142f91e4a06,Active,2024-04-18 02:27:34,2024-04-23 04:27:34
296,16,1a79bda6-3c29-4d8d-8d5e-0446bb151ea7,Active,2023-10-19 06:30:55,2023-10-23 04:30:55
392,102,9050c03a-b930-4de3-be6b-6374273dce87,Active,2022-11-02 18:35:40,2022-11-07 11:35:40
170,223,112ce441-3234-4b30-b56d-e1e46cb3b080,Converted,2021-08-21 02:10:34,2021-08-21 03:10:34
575,326,fc2115d2-d35b-4999-a642-f7600d195230,Abandoned,2022-07-31 23:43:01,2022-08-01 06:43:01
167,196,eea3e5c3-1796-4e19-820b-351caa4d14f0,Abandoned,2025-12-05 06:40:59,2025-12-05 18:40:59
216,353,7d28cd71-2ec4-4bd5-8140-2a5c511c7122,Abandoned,2023-10-24 12:19:11,2023-10-24 13:19:11
294,227,5c7cbd63-74ba-4f79-af16-198c041fd280,Abandoned,2022-10-05 01:24:06,2022-10-05 06:24:06
331,149,4f56b430-8ff8-4faa-86f5-0fd4c8705fee,Active,2025-10-28 00:08:32,2025-10-30 05:08:32
348,276,df442eac-d763-4247-a786-64f733ce64ca,Abandoned,2025-09-01 14:45:36,2025-09-02 00:45:36
436,24,ccbb04f4-711e-4021-9e40-2966b49092ac,Active,2025-02-18 01:35:35,2025-02-22 01:35:35
469,172,1000d07e-ea43-47ab-bdda-b46597766d93,Abandoned,2023-06-19 16:38:03,2023-06-19 23:38:03
531,45,eddd7c26-61ff-4545-9883-9429fb8313b2,Active,2025-10-15 11:37:05,2025-10-22 10:37:05
556,280,635bd699-4b3f-4d38-a549-55d5d3779065,Abandoned,2017-08-16 06:28:07,2017-08-16 09:28:07
567,38,b54af732-0a6f-482a-b066-c9116419d6b2,Converted,2023-10-19 04:19:10,2023-10-21 15:19:10
155,21,e18a5f7e-e754-45a1-b11c-705f5ee7702a,Active,2023-01-20 00:17:24,2023-01-24 06:17:24
520,491,25c44951-f459-4b29-a41e-7d5ea3c4ab5f,Deleted,2019-11-05 19:58:54,2019-11-16 09:58:54
34,357,fc568503-9f5d-44ce-9b56-b54635bff8f5,Deleted,2025-12-18 16:36:19,2025-12-25 00:00:00
74,446,6e379e33-f439-47ac-a31a-d87654eefd1f,Active,2025-02-08 05:38:31,2025-02-14 03:38:31
271,461,85ec39e7-d4bb-4055-b6f9-64bcabdaafd5,Abandoned,2022-12-12 19:00:48,2022-12-13 03:00:48
421,77,572ba7b6-75f9-418a-9bb1-d8b8dfed32a6,Converted,2024-06-17 17:32:24,2024-06-19 02:32:24
478,39,6f7c5c37-d0fd-4c7e-bb59-5484e22c111e,Abandoned,2023-03-28 09:21:07,2023-03-28 18:21:07
55,12,614c3a8d-b4d3-4a84-898f-01dc06ba477f,Converted,2017-09-26 08:08:46,2017-09-26 14:08:46
345,54,86ab81e4-6c5f-418e-9527-d6bdd045c16f,Abandoned,2022-01-21 21:36:50,2022-01-22 02:36:50
372,260,0e242c8c-1e15-44d9-9be8-15653c625484,Active,2024-08-04 18:02:53,2024-08-05 16:02:53
464,388,7a73a606-17f7-43b8-8ac8-2919c3632b41,Abandoned,2023-12-16 03:47:38,2023-12-16 05:47:38
106,68,514dbfed-ee1f-482b-b906-15c04cdfc1f8,Abandoned,2025-03-09 05:15:04,2025-03-09 09:15:04
180,93,ade6fa9e-51fe-4cae-9b25-84bc367804b0,Active,2025-03-19 14:42:51,2025-03-23 13:42:51
573,303,c8c335ca-00d8-4534-8a8a-1448257e5d92,Abandoned,2022-07-24 23:08:34,2022-07-25 03:08:34
582,370,757a19f4-45aa-4fe0-8e69-3df662616b13,Active,2020-07-21 10:49:35,2020-07-23 00:49:35
95,317,4a423e85-7f81-4d7d-b59a-903de9c2cf8a,Deleted,2025-05-21 19:11:59,2025-06-06 05:11:59
145,323,2dbd5719-b8fa-4570-bacd-900043c2f2cf,Abandoned,2019-08-05 14:03:58,2019-08-05 20:03:58
154,140,c5baf7ad-d22d-4639-b529-654ad0ba54aa,Abandoned,2024-09-11 21:15:59,2024-09-11 22:15:59
70,314,0ba04512-e5a1-4f01-a0dc-37b4ccc66fd7,Active,2025-09-09 16:33:38,2025-09-13 10:33:38
235,443,3a542bc0-e1ee-486f-8088-ef04a2641fdf,Abandoned,2025-04-20 21:18:45,2025-04-21 01:18:45
293,10,be028a24-2ef2-4376-bf6c-7abc0ee35d29,Abandoned,2022-06-16 05:22:45,2022-06-16 08:22:45
408,457,288e780a-cb74-4293-a86f-08fa6dc30a22,Converted,2024-05-02 02:41:30,2024-05-02 20:41:30
14,325,ea9504e0-fbef-4bcf-a12f-80bb6477e5aa,Active,2023-07-29 20:34:14,2023-08-02 07:34:14
52,296,50cad730-8de6-44e2-b0a2-5863b0bdf586,Converted,2025-04-23 02:07:26,2025-04-25 23:07:26
80,38,1e5c829a-d9f7-46dc-8584-3c2efe948d92,Active,2023-08-18 18:16:42,2023-08-19 08:16:42
261,222,67f9eacd-e85f-4ffc-bc22-600479020ccc,Active,2019-06-05 14:58:02,2019-06-08 01:58:02
462,472,1fc26c73-2617-4497-9382-ea6c48ad78f2,Active,2024-12-26 01:20:18,2024-12-27 03:20:18
559,283,1cf5f86a-138c-43e8-8cde-f2c547084027,Converted,2024-11-14 22:08:08,2024-11-15 15:08:08
65,237,b820fe11-3213-4602-b6f8-4bebc670417b,Abandoned,2024-10-26 11:44:59,2024-10-26 11:44:59
150,145,7741e337-84d4-4689-9f7d-f3345d32621c,Active,2023-05-20 23:19:52,2023-05-21 07:19:52
371,163,aa937371-0ed0-40a3-aba5-b517836c3a5d,Deleted,2022-10-08 07:36:54,2022-10-26 06:36:54
537,311,167ccd12-a38a-4bb1-808f-f1d35c9e3a36,Abandoned,2024-12-05 18:59:10,2024-12-06 02:59:10
594,226,501fa0bf-b973-4180-8986-9add04b2ae80,Active,2022-07-22 22:05:08,2022-07-29 17:05:08
33,109,2a525cfc-12ca-4ec5-bda6-9e87d547b863,Active,2022-12-26 11:13:13,2022-12-27 00:13:13
476,25,13835a7b-4fb5-420a-833b-f3c0e8c1fba7,Abandoned,2025-12-13 19:33:48,2025-12-14 04:33:48
196,412,a04ca49a-ba12-49e5-a7d2-4450c2a0f8f6,Converted,2025-01-28 15:10:38,2025-01-30 19:10:38
498,73,9ad03502-b084-4951-9893-e78909de807e,Converted,2025-10-18 02:40:45,2025-10-18 08:40:45
73,211,f0e30182-c57a-40a6-96a0-a9e88c6f8ed4,Abandoned,2020-12-19 09:32:45,2020-12-19 19:32:45
197,345,375b1cad-5f6e-474e-8f4e-84831ef2ece3,Converted,2023-10-26 12:28:49,2023-10-29 08:28:49
211,54,b7b80a67-3b44-4e63-912e-b14443005d73,Abandoned,2019-04-08 18:30:03,2019-04-09 00:30:03
513,454,14bfeae9-3a74-4ff4-a37d-4656c3a6b2f3,Converted,2020-09-19 09:46:47,2020-09-19 16:46:47
519,291,18c743c4-c668-4c65-ad0d-f9a7719ebd20,Converted,2021-09-27 14:36:02,2021-09-28 11:36:02
90,122,b21508f7-4f60-4643-b1b6-bbd856e1131c,Active,2025-07-28 13:22:25,2025-07-29 03:22:25
405,150,53a8b030-0399-46c7-b8e2-e8f5403311d6,Converted,2023-11-12 12:29:49,2023-11-14 07:29:49
562,394,02aea219-a7d7-416c-8d7e-d0780a267fe3,Active,2024-08-10 18:54:09,2024-08-15 19:54:09
228,206,26ddec5c-63e5-4188-9784-33aff30b4bae,Converted,2024-10-03 13:48:26,2024-10-05 08:48:26
334,371,50790894-3cb2-4142-bdb0-10dde85f101e,Active,2015-05-21 02:03:05,2015-05-26 18:03:05
342,138,d233de76-1157-4af8-bef4-3d81b2a0f414,Active,2025-06-13 04:18:24,2025-06-18 14:18:24
479,365,06723909-17fe-4a49-b045-bba8df9124c9,Abandoned,2025-03-05 08:43:09,2025-03-05 16:43:09
495,488,b24fb989-4baa-4953-b68e-0f1ac216a803,Active,2022-03-15 03:16:28,2022-03-18 00:16:28
576,73,9ad03502-b084-4951-9893-e78909de807e,Abandoned,2025-10-18 02:34:37,2025-10-18 08:34:37
580,69,2d0fa5f0-f96a-444a-a8b4-3aded840c870,Abandoned,2025-10-15 19:19:25,2025-10-15 20:19:25
110,320,978bc95e-789e-4d3e-8e1d-94e6af7bb0af,Active,2021-10-05 20:26:18,2021-10-10 13:26:18
241,269,5c688129-31f5-406b-b031-0e80139a64f9,Converted,2024-10-02 07:44:56,2024-10-04 22:44:56
286,307,1519027e-158d-4094-a0f2-1e2f4868f8a5,Active,2025-07-09 13:44:44,2025-07-12 15:44:44
407,412,a04ca49a-ba12-49e5-a7d2-4450c2a0f8f6,Abandoned,2025-01-28 14:51:30,2025-01-28 14:51:30
491,333,e33634eb-51ca-4e04-b658-5e298865801a,Active,2025-11-04 15:04:30,2025-11-11 00:04:30
419,393,290427cf-7b51-4713-94f0-86d08d2bd256,Active,2024-04-20 16:34:57,2024-04-23 10:34:57
449,123,2b442021-8e4c-4ba9-a778-8af463d35e30,Abandoned,2021-07-15 20:19:14,2021-07-16 02:19:14
37,443,6995bb85-d58c-41dd-a2c7-8288019406bc,Abandoned,2024-08-20 23:24:42,2024-08-21 05:24:42
38,497,8f0ef265-ec89-4f81-bcd4-7a7e6208ca68,Abandoned,2025-05-08 02:10:00,2025-05-08 05:10:00
139,2,06be573d-c083-431b-9b59-525915dc94a1,Converted,2025-07-03 03:24:53,2025-07-05 18:24:53
186,354,f8eacbb6-30db-4fcd-a4d2-d208bf804a46,Abandoned,2023-03-04 19:16:36,2023-03-04 19:16:36
223,420,d9baab68-610a-4b57-ab83-41243e184942,Active,2021-08-18 13:30:36,2021-08-21 16:30:36
17,150,53a8b030-0399-46c7-b8e2-e8f5403311d6,Abandoned,2023-11-12 12:29:57,2023-11-12 22:29:57
94,125,a5b4c21b-b139-448b-922f-f9d9dcb175ab,Abandoned,2024-09-28 08:31:53,2024-09-28 11:31:53
191,333,e33634eb-51ca-4e04-b658-5e298865801a,Converted,2025-11-04 15:48:09,2025-11-05 01:48:09
255,401,03f959aa-f209-405f-9fd5-a406ce1965da,Abandoned,2025-10-16 14:35:41,2025-10-16 19:35:41
411,267,8ab1895c-06ac-43d4-a73d-e967006527ba,Active,2022-01-10 21:38:39,2022-01-11 06:38:39
530,310,2747c92c-47cc-46e5-893d-d661ee54a6a5,Abandoned,2023-09-08 13:01:10,2023-09-08 20:01:10
554,217,c91676c5-de37-49f4-a152-d3b982cf8dd1,Abandoned,2020-12-24 15:06:25,2020-12-24 21:06:25
67,44,217bc600-cb1d-4957-b464-86dd02a803be,Converted,2022-03-23 07:06:43,2022-03-23 15:06:43
598,380,c7892b69-0c6a-4b5e-acab-b93ad3ca5052,Abandoned,2019-06-13 03:33:01,2019-06-13 06:33:01
88,209,5b2aa318-32df-4e96-a594-030e0fad3e20,Converted,2019-04-17 00:31:56,2019-04-18 15:31:56
282,5,0e2dbc85-ecaf-4d22-8f0b-c2e136a536a5,Converted,2021-06-22 13:54:05,2021-06-25 05:54:05
374,241,56f9f64a-f131-49be-9a50-8859e2b1026f,Deleted,2018-12-28 09:54:54,2019-01-24 13:54:54
116,299,d538561a-38e5-4821-a994-9f055129c4d7,Active,2025-11-07 15:07:17,2025-11-11 03:07:17
163,84,519baf28-ae9c-41cf-b0f4-fba2ce2620b8,Abandoned,2025-12-09 14:10:19,2025-12-09 21:10:19
527,342,01f94ca1-7014-4907-ad23-3abbebf4f2ad,Converted,2018-04-07 21:41:23,2018-04-09 09:41:23
548,476,3967a40b-fff5-4520-ad24-5f4b5b8dd265,Active,2024-12-13 14:12:25,2024-12-16 08:12:25
566,367,d1f8e065-67ad-4970-ad01-411baa58777d,Active,2025-09-27 15:47:01,2025-09-30 16:47:01
59,15,c5c4c8fb-137f-4561-b2cf-fd30d5f59b48,Active,2023-03-07 22:01:31,2023-03-13 09:01:31
192,424,5ff1dd08-10aa-4e1b-8923-0fda178f815b,Deleted,2025-07-18 19:01:59,2025-07-27 02:01:59
290,70,26c16783-9f56-4fdc-aff3-16f8a7042cd7,Abandoned,2025-10-03 13:11:15,2025-10-03 13:11:15
448,424,5ff1dd08-10aa-4e1b-8923-0fda178f815b,Converted,2025-07-18 19:04:13,2025-07-20 16:04:13
104,255,6666e78d-d1dd-4aab-a911-d71a6813421e,Active,2023-07-13 22:20:11,2023-07-20 12:20:11
477,349,9313f8c9-2bb5-4c53-bc5c-7b34a5c320c0,Active,2020-08-09 03:40:25,2020-08-12 08:40:25
403,185,01adb77a-50ad-43fd-9462-0380ab057d7b,Active,2024-10-28 17:08:48,2024-10-31 22:08:48
551,116,92c65de7-47a4-49e0-aabe-32f4850331c4,Converted,2025-10-08 20:55:17,2025-10-10 15:55:17
63,367,d1f8e065-67ad-4970-ad01-411baa58777d,Converted,2025-09-27 15:44:54,2025-09-30 02:44:54
207,23,37d9c041-43c4-4a90-b466-e690b1bb6ccf,Active,2023-12-17 13:43:32,2023-12-20 16:43:32
237,119,9378777d-3ce1-48f0-b601-5a683297d834,Active,2020-12-02 06:39:07,2020-12-05 11:39:07
302,349,442cf0a7-552b-4f39-a3ef-6625c71f9b3b,Deleted,2019-03-24 13:39:52,2019-04-02 22:39:52
363,354,e41d968c-dca4-427b-be64-39a4c931f70e,Converted,2024-12-12 13:30:35,2024-12-12 20:30:35
83,491,c8fb0f75-335e-4363-b1d6-a705dce305b8,Converted,2021-01-21 21:41:13,2021-01-23 12:41:13
157,29,fc813695-8966-4c99-9565-681f4d68f397,Abandoned,2023-05-29 12:27:16,2023-05-29 13:27:16
447,465,6f56174e-3ce1-468f-846e-a8b6d627434c,Abandoned,2024-09-30 06:57:43,2024-09-30 14:57:43
2,27,2d95756b-ced7-4076-933c-9a2300cbb5e7,Deleted,2022-06-01 19:37:07,2022-06-30 01:37:07
53,110,8a6a5444-8f02-4889-b2a4-5423de35a7e3,Active,2018-12-02 17:58:46,2018-12-06 21:58:46
146,78,184af158-bb05-4932-a8cf-f635f0054d77,Abandoned,2025-02-22 15:43:08,2025-02-22 17:43:08
310,162,4e7e8bba-3646-4603-af45-e068b92b0c01,Converted,2025-02-02 22:46:13,2025-02-03 01:46:13
444,85,77007b6a-6542-48c0-b30b-558984b9c2a0,Abandoned,2025-12-12 15:18:02,2025-12-13 02:18:02
492,264,ed875cf1-9fd8-438b-afc0-cd49f29aa66e,Abandoned,2023-04-13 06:25:58,2023-04-13 07:25:58
134,493,c08baf64-eec4-4b5e-8bee-e406683f7f4f,Abandoned,2024-05-09 13:45:07,2024-05-09 13:45:07
158,258,da3c34c3-035a-4a16-97ca-29894caca9a0,Active,2022-05-19 00:16:23,2022-05-23 09:16:23
204,64,53690983-c824-42b4-8ab6-a1c4b86f44c5,Active,2018-03-04 21:09:53,2018-03-07 08:09:53
332,471,b2148b8c-193e-49e1-aae7-9151b0578d6b,Abandoned,2023-05-19 09:23:17,2023-05-19 15:23:17
487,106,5c904e9a-c1c2-4d4a-b8ae-7060621bacd3,Converted,2024-12-08 01:04:17,2024-12-08 22:04:17
533,55,0f31c961-5878-46da-92c6-f5b7f0d77615,Abandoned,2018-08-05 04:16:59,2018-08-05 13:16:59
270,84,4b27e262-bfa1-4238-8703-099900e3204d,Active,2025-12-18 06:07:39,2025-12-20 16:07:39
357,166,4d67d9ee-723f-4e59-90a6-1f0488d5536b,Converted,2016-10-28 16:44:18,2016-10-30 00:44:18
451,457,7c6e83a4-49c9-4bf7-bc8b-1beb637d1bdd,Active,2025-05-11 17:21:29,2025-05-13 06:21:29
572,229,dc98ced8-689f-4c50-8015-e226c2f1b470,Converted,2023-08-28 08:51:31,2023-08-28 09:51:31
242,230,b54e63a2-3295-479c-b8a2-a671d856940a,Abandoned,2023-11-06 15:35:32,2023-11-06 19:35:32
379,203,b6ea63ef-ab80-4471-91f3-55e6b57e73c6,Active,2022-08-20 08:12:01,2022-08-26 18:12:01
395,427,9bea4677-baa5-4cd9-a91c-6c6666fab8c8,Deleted,2022-04-22 14:02:41,2022-05-01 17:02:41
585,413,9b3c6deb-3297-4c95-8452-a3c4f4f71543,Active,2019-10-05 11:53:46,2019-10-07 07:53:46
275,94,e6d89814-ceaf-4e33-8cc9-3e10edbacac7,Active,2024-12-25 02:56:28,2024-12-30 12:56:28
504,122,e48d6833-344a-4d1e-9e61-8d33ed9956b4,Active,2025-09-17 08:15:06,2025-09-21 12:15:06
506,470,da349b20-e7cd-415b-a241-f6e1f1addb8b,Abandoned,2025-10-18 16:41:23,2025-10-18 20:41:23
220,496,0598fda6-07ea-4955-a3db-df6a50195fe4,Active,2025-06-14 08:37:11,2025-06-16 23:37:11
431,355,da05c080-e7a4-46f2-8ea2-9913134c2231,Converted,2025-02-03 05:49:39,2025-02-03 20:49:39
586,90,cdb4c755-31d7-4f71-b032-355e89898dd0,Active,2024-09-30 06:26:44,2024-10-06 15:26:44
1,267,8ab1895c-06ac-43d4-a73d-e967006527ba,Active,2022-01-10 21:36:33,2022-01-11 21:36:33
323,334,4c682492-d310-4ba5-aea5-938970f013c2,Converted,2021-01-14 12:12:16,2021-01-14 20:12:16
396,89,5ebce1e4-9ebb-4f22-ba13-f4bdc3b57e5f,Abandoned,2021-04-22 02:28:30,2021-04-22 11:28:30
445,317,4a423e85-7f81-4d7d-b59a-903de9c2cf8a,Converted,2025-05-21 19:12:07,2025-05-24 06:12:07
29,448,f5b475e7-1f7d-4f71-8d83-b8045dd3fe19,Active,2023-01-22 19:35:12,2023-01-24 00:35:12
252,410,89f83eb0-3d88-40be-9102-bc2076b94592,Abandoned,2025-01-11 02:48:59,2025-01-11 06:48:59
432,175,1d76e3b5-5de4-418b-8776-8675a5836501,Converted,2019-12-23 20:24:21,2019-12-25 06:24:21
132,57,cbc160eb-a523-4d01-b32f-8772dc819eba,Abandoned,2025-05-18 12:33:07,2025-05-18 17:33:07
79,32,b301d078-08b3-4a3b-a1f4-0d61964f759e,Active,2024-10-30 19:34:04,2024-11-06 17:34:04
126,263,62b501e2-df3f-474f-8bf5-e3a883499727,Abandoned,2023-01-14 14:01:46,2023-01-15 02:01:46
450,75,df6b8e26-7417-4009-ba4d-cf6c9d670172,Deleted,2023-07-02 21:32:24,2023-07-28 03:32:24
538,282,73751dc0-8cc1-41de-add1-3d41cf67b5fc,Converted,2025-10-13 14:49:43,2025-10-14 20:49:43
193,101,2780c1c5-4677-4f58-972c-2cca27ccb141,Active,2025-05-08 16:33:33,2025-05-14 02:33:33
199,62,acf4efa7-52e4-4171-92d8-f7613a0d1296,Active,2025-01-18 17:42:30,2025-01-23 09:42:30
274,223,4e15c1c6-4e6d-4adc-abec-724f9a7cc81a,Converted,2025-03-29 23:26:52,2025-03-30 04:26:52
324,281,509715ca-b014-49db-87b4-5a7d110641ec,Active,2023-07-07 00:09:39,2023-07-13 11:09:39
507,100,a955d5c2-bda9-4e81-befc-1d9878dceb2c,Abandoned,2025-11-02 00:43:23,2025-11-02 02:43:23
12,417,24529875-581d-428e-88f0-7da8b0fac66a,Deleted,2025-11-27 05:02:18,2025-12-21 04:02:18
130,188,dc400cb0-b7ae-4ec1-9bbe-9c1e07758089,Abandoned,2025-08-06 11:10:14,2025-08-06 13:10:14
149,250,5ec53c58-3155-405d-9731-53c79dd3753f,Abandoned,2024-02-19 21:14:58,2024-02-20 07:14:58
545,314,0ba04512-e5a1-4f01-a0dc-37b4ccc66fd7,Active,2025-09-09 16:07:53,2025-09-13 23:07:53
589,313,9d011209-0e91-48c1-8b1a-46a9487da790,Active,2024-09-02 17:33:05,2024-09-03 07:33:05
224,167,a8825290-73b0-4c78-95c7-989a96e0d85b,Converted,2022-07-12 08:39:04,2022-07-14 00:39:04
367,199,dc2ca221-a6b7-4bd3-8495-214d5c4a5245,Converted,2025-02-24 16:20:03,2025-02-26 10:20:03
312,483,cdf6e488-1b54-473f-beab-3c14996a93a8,Deleted,2025-11-24 18:53:25,2025-12-16 10:53:25
343,495,1d41d486-e816-4888-8ec4-13297f70e5ac,Active,2025-06-10 12:37:17,2025-06-11 23:37:17
410,45,53b1c491-5784-426d-9ff9-82b3972cea1b,Active,2025-09-11 01:54:08,2025-09-12 07:54:08
303,304,4c09fa30-103d-4f96-bca2-94eab3550491,Active,2024-01-16 03:15:03,2024-01-22 10:15:03
454,229,74c28d4e-5da0-4f32-870d-86006565fd95,Abandoned,2025-02-04 08:55:58,2025-02-04 20:55:58
119,212,658f58d4-90d3-42cc-bfb6-e640c701cc30,Abandoned,2022-08-09 15:31:55,2022-08-09 23:31:55
25,307,1519027e-158d-4094-a0f2-1e2f4868f8a5,Deleted,2025-07-09 13:54:17,2025-08-04 19:54:17
536,135,f5cf279a-f9ca-4a6a-afbc-680ec2e9d7ed,Abandoned,2025-02-27 16:25:14,2025-02-27 21:25:14
45,7,f35bb7d1-a659-4a37-8f7a-ba9cc0163b87,Converted,2025-06-12 22:03:35,2025-06-14 14:03:35
266,469,d8272e20-bebd-44b1-b468-4a519b112d5c,Abandoned,2025-11-04 03:05:43,2025-11-04 15:05:43
172,216,4e00f5ce-a4c1-4245-b132-42bf1dff76a8,Active,2024-05-28 20:25:34,2024-06-04 06:25:34
502,264,919ebde9-0168-496a-98d9-143910305e0e,Deleted,2023-10-10 21:42:59,2023-10-28 08:42:59
579,273,09f45fe0-1abb-4406-83c5-cd2ee413c600,Abandoned,2018-06-17 08:26:36,2018-06-17 19:26:36
515,211,f0e30182-c57a-40a6-96a0-a9e88c6f8ed4,Deleted,2020-12-19 09:32:23,2020-12-23 23:32:23
210,181,51b48188-7f1b-40c7-9ad0-9518518fafa7,Converted,2020-09-22 14:41:13,2020-09-24 05:41:13
409,443,3a542bc0-e1ee-486f-8088-ef04a2641fdf,Abandoned,2025-04-20 21:21:03,2025-04-21 08:21:03
297,473,c028f76c-2b3d-4ce3-a31b-39f6f6204f56,Abandoned,2025-11-25 05:52:49,2025-11-25 16:52:49
57,150,53a8b030-0399-46c7-b8e2-e8f5403311d6,Converted,2023-11-12 12:29:49,2023-11-14 21:29:49
570,498,d0f1d837-6edd-4619-b426-9b13b9891981,Abandoned,2023-08-20 15:03:45,2023-08-21 01:03:45
144,363,4edea98e-f2ac-4e07-82ca-df2987e31b73,Deleted,2024-05-18 19:20:35,2024-05-26 12:20:35
236,183,b7e8d053-43e4-40b2-8287-f7e7c9e681e1,Active,2024-11-04 08:07:20,2024-11-05 03:07:20
284,426,f1918be7-929f-46ab-8ab6-1d27927dbf51,Active,2025-02-05 12:21:24,2025-02-09 15:21:24
314,481,fd973efe-d6dd-4d26-9c2a-2fb007210f65,Abandoned,2023-06-15 00:51:52,2023-06-15 03:51:52
378,162,680891b6-b2ed-4885-a5cf-4d88cc6d436b,Abandoned,2025-12-20 17:24:30,2025-12-20 19:24:30
584,39,d619926d-d5ad-4fe9-873a-c8a2576ca5da,Converted,2019-01-13 14:40:09,2019-01-14 13:40:09
596,296,f9284371-2752-49bc-a2f5-6cb680b8a88f,Abandoned,2025-04-22 02:11:35,2025-04-22 13:11:35
66,55,83f48a9c-9a45-4c07-9d26-e082416f3992,Abandoned,2024-10-23 17:43:18,2024-10-24 00:43:18
288,137,a4283b08-ffae-4d6f-b2ec-d621aceb0b00,Abandoned,2023-04-29 20:16:34,2023-04-30 00:16:34
488,116,92c65de7-47a4-49e0-aabe-32f4850331c4,Abandoned,2025-10-08 20:55:27,2025-10-09 04:55:27
493,148,87d68c66-e06e-4831-a87f-a0fcf5348033,Active,2017-04-21 20:53:31,2017-04-22 03:53:31
75,383,c0ff8bd9-db43-4e26-a50a-8fdd3e2b9c3f,Active,2021-10-19 11:08:20,2021-10-25 05:08:20
105,257,4b078022-1255-41cd-9eda-6b4c07138668,Converted,2022-02-18 00:48:29,2022-02-18 08:48:29
217,334,f74d749a-0ad2-4d32-bc44-65a8ec65109c,Abandoned,2024-12-22 02:31:46,2024-12-22 04:31:46
60,147,ee1d045f-5302-47a3-96f1-803c928ff615,Abandoned,2025-01-26 09:11:21,2025-01-26 15:11:21
62,426,f1918be7-929f-46ab-8ab6-1d27927dbf51,Converted,2025-02-05 12:21:53,2025-02-05 21:21:53
169,78,b0cdc3d2-a0d2-402c-9df0-d99c4ba4669f,Active,2018-03-07 11:04:24,2018-03-11 06:04:24
472,193,3fa991fb-ffbe-459e-863f-4ac9c60a544f,Abandoned,2025-08-22 01:39:17,2025-08-22 07:39:17
592,106,549f9ec2-fb03-4ed7-b058-d57b71dc8d8d,Active,2024-05-19 23:49:54,2024-05-21 08:49:54
171,194,10a2a7ba-6861-4ad4-bb6a-488616e28f14,Abandoned,2025-03-27 09:38:27,2025-03-27 10:38:27
501,183,550907a7-ed3a-4ba9-a5b3-22f05f958300,Abandoned,2024-05-10 12:24:06,2024-05-10 17:24:06
264,374,6e43c279-dea7-4fa9-9b9f-d4e10fbb3b6a,Converted,2023-01-13 15:55:27,2023-01-15 14:55:27
278,196,400cec4f-e100-4a71-8a62-b528a25f57ba,Active,2024-11-28 14:58:07,2024-12-02 14:58:07
437,398,e73e39ec-aa50-45d6-bf64-523bb0d7ec80,Active,2023-01-28 14:54:17,2023-01-29 05:54:17
285,229,3a1eff67-ff8a-4302-a956-336cd6c4b557,Converted,2025-04-28 11:43:48,2025-04-28 22:43:48
22,383,c0ff8bd9-db43-4e26-a50a-8fdd3e2b9c3f,Abandoned,2021-10-19 11:08:20,2021-10-19 23:08:20
258,256,2093b494-fe4e-4dfb-8f55-639aebbe9ef3,Abandoned,2022-09-08 16:47:25,2022-09-09 03:47:25
350,484,65ba8361-5341-41d7-bd67-f923d5d90545,Active,2022-09-15 12:10:33,2022-09-17 17:10:33
474,54,86ab81e4-6c5f-418e-9527-d6bdd045c16f,Converted,2022-01-21 21:37:20,2022-01-24 09:37:20
368,169,47af4126-5c55-4af1-adcc-dcba46e33cea,Active,2023-02-27 08:37:44,2023-02-27 09:37:44
24,476,3967a40b-fff5-4520-ad24-5f4b5b8dd265,Converted,2024-12-13 14:11:51,2024-12-15 15:11:51
123,464,2df2203f-8ebb-4c7a-ade6-9233c8cfddd2,Abandoned,2020-06-02 08:53:54,2020-06-02 13:53:54
525,200,b8c5e56c-c5be-4f1c-83a7-f2744a796638,Converted,2024-06-28 00:59:22,2024-06-28 14:59:22
560,153,ac98f197-5a3f-4f7d-8bd9-928d03899b45,Abandoned,2022-05-21 19:46:56,2022-05-22 02:46:56
23,41,66cd3b81-fef2-4213-b6b5-8a4abb88df98,Active,2021-01-15 05:24:49,2021-01-18 22:24:49
27,41,991fc818-3bc6-4025-a39c-05d759c46c77,Converted,2023-09-08 17:03:42,2023-09-10 18:03:42
100,194,75f8b5f4-c830-4bb9-9626-3514c82156d4,Converted,2024-12-16 17:22:54,2024-12-19 17:22:54
189,311,167ccd12-a38a-4bb1-808f-f1d35c9e3a36,Converted,2024-12-05 18:58:29,2024-12-08 10:58:29
190,329,6a21e086-e9ee-44ed-86a0-8023858fa9ed,Converted,2024-03-27 05:12:11,2024-03-29 06:12:11
222,304,399001aa-54e2-4204-8025-662b89dcb14c,Abandoned,2024-07-04 06:51:45,2024-07-04 14:51:45
291,196,400cec4f-e100-4a71-8a62-b528a25f57ba,Active,2024-11-28 14:58:10,2024-12-01 06:58:10
516,302,b1d917eb-eb0e-4de2-b783-159004ce8059,Converted,2024-09-06 04:55:08,2024-09-07 17:55:08
587,277,a20cca5f-8acc-4b19-bbe7-d3e956537afb,Deleted,2023-09-19 21:46:32,2023-10-02 19:46:32
93,278,74c7c895-70c0-46d9-a421-c6850bb5cf54,Deleted,2021-03-20 21:07:38,2021-03-31 22:07:38
425,54,86ab81e4-6c5f-418e-9527-d6bdd045c16f,Converted,2022-01-21 21:37:21,2022-01-23 06:37:21
521,49,4b04339c-ae2b-4674-b8b6-7a8e528eedc9,Deleted,2025-11-13 05:34:01,2025-11-23 16:34:01
6,194,bd8a6ed3-0b34-4108-b4f8-77d870c4ffa2,Active,2025-01-22 01:01:05,2025-01-24 08:01:05
244,295,cd3d3231-f017-4ca2-9a8d-8d1bc81fe2fd,Converted,2018-11-21 03:42:43,2018-11-21 07:42:43
422,427,91f9fe89-19a5-4307-915b-e3b9590c39a0,Abandoned,2021-04-06 19:21:43,2021-04-06 20:21:43
423,187,dc54a283-cb2e-4656-aa20-3abd052ef8eb,Deleted,2024-09-15 21:52:07,2024-09-21 00:52:07
555,212,f591e180-de18-4b27-bbe7-5815d653ea81,Abandoned,2021-10-24 09:19:58,2021-10-24 13:19:58
336,72,e93db1a2-c708-478a-823f-d4a7c1880564,Deleted,2025-10-19 01:06:27,2025-11-11 00:06:27
382,219,8cd8e12d-f3c9-46e9-ad8a-898fa76e7215,Deleted,2024-12-23 19:47:29,2025-01-08 03:47:29
446,243,0c3fc922-5d13-4959-9e61-2b022de02de7,Abandoned,2023-07-15 04:52:27,2023-07-15 05:52:27
245,2,b39912be-6345-45b5-9f28-a44aac7fab17,Converted,2025-08-06 05:49:29,2025-08-07 00:49:29
499,44,aa5e2422-def1-4a5a-8f8f-226ae17390e2,Abandoned,2024-11-14 03:28:55,2024-11-14 05:28:55
321,332,19f9f346-ab14-4c6a-9803-f5c5195c142e,Active,2024-01-08 18:35:30,2024-01-10 02:35:30
325,2,b39912be-6345-45b5-9f28-a44aac7fab17,Active,2025-08-06 05:54:55,2025-08-13 00:54:55
413,154,0aaf6926-f72f-46de-958f-dca81af615b0,Abandoned,2021-12-21 06:42:34,2021-12-21 11:42:34
500,304,4c09fa30-103d-4f96-bca2-94eab3550491,Converted,2024-01-16 03:17:28,2024-01-18 00:17:28
43,106,5c904e9a-c1c2-4d4a-b8ae-7060621bacd3,Converted,2024-12-08 00:49:17,2024-12-09 01:49:17
120,94,c1149a81-79ad-4fc6-a971-4ce96cdf72f3,Abandoned,2020-12-29 17:53:59,2020-12-30 03:53:59
249,18,a5c3e500-ccfd-4086-91d7-470c97f95b77,Abandoned,2025-12-21 23:07:55,2025-12-22 10:07:55
458,430,27bc3061-bc93-49ee-9eae-29200ef69255,Abandoned,2024-07-14 22:35:50,2024-07-15 00:35:50
563,294,fe784200-95c1-46eb-938c-232e21d11734,Deleted,2025-11-03 21:07:23,2025-11-08 15:07:23
112,169,47af4126-5c55-4af1-adcc-dcba46e33cea,Converted,2023-02-27 08:31:29,2023-03-01 20:31:29
485,459,0d1d0c77-8350-4682-bf8d-32f29dfa8741,Abandoned,2025-12-13 23:08:48,2025-12-14 04:08:48
246,135,01fef482-c9a6-4174-b561-9ff193fa8ae8,Converted,2025-07-17 17:34:18,2025-07-20 10:34:18
31,68,8869a795-9799-4a4d-a3dc-5a29ddd2c72b,Active,2025-03-11 13:07:17,2025-03-14 12:07:17
380,425,703a824e-b8ef-4e7a-b9c2-5d2cbcfc5465,Abandoned,2021-06-02 01:33:29,2021-06-02 12:33:29
398,128,bf929552-79e9-426c-b234-e35f5f87f452,Converted,2025-11-17 07:48:55,2025-11-19 16:48:55
552,427,c3b101a7-d24d-4347-99be-f67cf6a53adc,Abandoned,2021-02-22 16:20:39,2021-02-22 22:20:39
250,38,0598e95e-135c-4c22-85db-34716b64e827,Abandoned,2023-05-07 03:29:02,2023-05-07 08:29:02
359,432,1e9d5188-dff1-4f22-945c-66e8cb07dedb,Abandoned,2024-07-16 17:55:40,2024-07-16 22:55:40
484,39,6f7c5c37-d0fd-4c7e-bb59-5484e22c111e,Converted,2023-03-28 09:09:56,2023-03-28 21:09:56
58,173,0e5f2456-a66c-493d-b4e4-e273e53bf7bd,Abandoned,2022-01-04 17:23:29,2022-01-05 05:23:29
61,225,f93956b6-39dd-4a40-a5b3-90713daa2ad8,Active,2017-06-08 14:45:18,2017-06-13 22:45:18
122,89,2e2038a8-dcc8-47d8-92bf-15154df69faa,Abandoned,2023-08-12 08:23:08,2023-08-12 20:23:08
230,225,0305f50b-3c25-4a54-953b-bd6c4ea3b72a,Active,2017-04-15 19:21:52,2017-04-20 23:21:52
375,309,063b987d-3ead-4574-bc90-0a120f20c1b3,Abandoned,2021-01-11 15:55:34,2021-01-11 15:55:34
257,72,6d2d5a1e-e2f9-4573-96c8-117e1f7f923e,Abandoned,2025-09-20 02:45:19,2025-09-20 12:45:19
373,74,c475471e-affa-4750-9200-88370a5bbe0d,Converted,2025-12-10 19:48:45,2025-12-11 09:48:45
571,316,5f6c96b9-2099-4781-9580-e499aea25a21,Active,2019-12-12 04:53:25,2019-12-15 10:53:25
578,484,1a8ded8a-a77b-4c81-b0f2-cc7b64be562f,Abandoned,2023-12-24 09:34:38,2023-12-24 21:34:38
591,308,786e3f78-a87c-4be6-b5fa-15aea0908bbd,Abandoned,2018-11-18 07:56:58,2018-11-18 10:56:58
82,463,44fc5272-23e7-4381-a3ef-af4af52f1840,Abandoned,2019-12-17 01:20:45,2019-12-17 01:20:45
96,111,60bcd20f-5918-4234-9d9c-1b0e140c4742,Abandoned,2025-09-27 09:37:19,2025-09-27 10:37:19
162,147,ee1d045f-5302-47a3-96f1-803c928ff615,Active,2025-01-26 09:11:18,2025-01-27 10:11:18
234,199,ff909cf9-4950-4f7a-9c3a-7b075890d9fa,Abandoned,2021-11-21 21:31:45,2021-11-22 07:31:45
352,65,c1207da6-1dc3-4a0b-8e66-2f1636c115d3,Abandoned,2024-03-09 07:09:40,2024-03-09 09:09:40
208,426,081d5f33-268b-494f-a27c-fa6e8b98f1b9,Abandoned,2025-03-05 19:59:15,2025-03-06 00:59:15
183,141,004ebff0-5f88-470c-b915-b1522acf8242,Abandoned,2023-08-14 18:21:51,2023-08-15 00:21:51
465,119,9378777d-3ce1-48f0-b601-5a683297d834,Abandoned,2020-12-02 06:40:07,2020-12-02 07:40:07
503,271,9a48f8b0-c6f0-4ca2-94dd-e6490b305694,Active,2024-07-30 23:00:02,2024-08-05 13:00:02
329,66,2f5c8e07-adbc-4b5a-8385-763a91036aaa,Deleted,2025-05-02 11:41:07,2025-05-30 04:41:07
426,396,e5d3885b-fd79-49b4-b4bd-ee0cb2e9da1c,Deleted,2021-04-05 02:40:41,2021-04-27 02:40:41
248,240,c592cdbf-182f-4adc-beff-e4d7b90278b1,Abandoned,2025-03-30 23:58:43,2025-03-31 09:58:43
384,4,821a997c-90c6-442e-8718-253c2b32a61a,Abandoned,2025-10-13 08:45:07,2025-10-13 13:45:07
386,420,5febaa29-3629-4e52-b3f7-0aa38f848e49,Abandoned,2025-03-14 22:42:09,2025-03-15 09:42:09
28,91,c8d8aaf5-d035-48e4-bfc7-02a5fa3a527d,Abandoned,2024-10-22 21:32:17,2024-10-23 03:32:17
54,348,96994b4b-b54a-41ed-8dfc-18ff5069df41,Active,2025-02-08 09:03:18,2025-02-15 04:03:18
125,58,625c8726-f9b7-4f44-8915-9385cdb669b2,Abandoned,2023-11-18 13:55:10,2023-11-18 15:55:10
404,204,be9f0e60-0668-441e-ae86-924e1d0e43b7,Converted,2019-08-18 06:41:08,2019-08-19 20:41:08
340,452,a37f8544-c73f-48e5-9a45-30f3ed4036b4,Converted,2022-08-01 10:11:16,2022-08-03 13:11:16
461,324,0b294802-464f-4d92-8a45-a31a0d428cd5,Deleted,2021-01-20 22:49:20,2021-02-11 11:49:20
239,174,8b345311-e212-4f90-a678-e9914e9be4df,Abandoned,2025-09-25 04:23:04,2025-09-25 12:23:04
273,87,5778300a-a83a-4fe2-b143-caffe70a0caf,Active,2023-05-28 15:55:44,2023-05-28 21:55:44
318,378,d5135a95-d3e1-4859-9cd7-c432c9351b7b,Deleted,2025-12-06 07:56:19,2025-12-25 00:00:00
399,82,0bb40cec-39a1-46f0-9dd6-472483852df1,Converted,2025-12-05 07:38:34,2025-12-07 02:38:34
21,162,680891b6-b2ed-4885-a5cf-4d88cc6d436b,Abandoned,2025-12-20 17:25:50,2025-12-21 05:25:50
81,492,76342937-5bec-4573-9b99-bf72f9e8da35,Converted,2022-04-21 13:40:16,2022-04-22 19:40:16
156,140,c5baf7ad-d22d-4639-b529-654ad0ba54aa,Active,2024-09-11 21:16:05,2024-09-17 23:16:05
233,357,85cc9630-8095-4c76-90c1-aa79cfdae33f,Abandoned,2025-07-15 13:52:08,2025-07-15 15:52:08
279,73,9ad03502-b084-4951-9893-e78909de807e,Abandoned,2025-10-18 02:37:49,2025-10-18 02:37:49
127,386,a50e3515-719e-498a-b97a-057eb05059f0,Deleted,2020-07-11 03:54:34,2020-07-30 08:54:34
505,476,3967a40b-fff5-4520-ad24-5f4b5b8dd265,Abandoned,2024-12-13 14:12:34,2024-12-13 22:12:34
19,261,47eb5a98-7731-4019-90af-3722ce4103a6,Active,2021-04-18 18:32:21,2021-04-22 08:32:21
262,453,6d5cac4b-c43e-481f-b21e-ca900e28d5f2,Active,2021-06-06 07:48:46,2021-06-06 15:48:46
269,325,8120a573-302a-469f-9c60-fab93618a9c9,Active,2022-05-31 13:15:12,2022-06-03 05:15:12
414,275,1cd7bb5c-3e22-45e8-ad28-6074f48b3807,Active,2025-08-29 03:11:05,2025-08-31 01:11:05
475,55,1d1f8335-a513-4b33-aae8-fde44318737b,Active,2018-11-18 09:16:51,2018-11-23 14:16:51
195,440,3a52e1de-1f5c-40e8-ada7-3d0d2753f22e,Abandoned,2018-11-12 15:48:39,2018-11-12 22:48:39
97,428,b97e9e78-bc36-4e27-a132-f972fbbcb185,Active,2022-12-30 06:25:46,2023-01-02 02:25:46
322,21,3c8232b6-34f8-4ff1-8312-424a0116c87b,Abandoned,2025-02-05 07:11:09,2025-02-05 11:11:09
532,459,ef51fa99-2608-4c29-92b6-4ced8868593b,Active,2025-10-23 13:40:31,2025-10-25 19:40:31
49,88,1eec039e-fe24-4b67-8fd1-f0ac7e6697d9,Abandoned,2025-08-29 17:14:03,2025-08-30 00:14:03
140,386,1b59516c-3396-48f0-b135-fe0721265e86,Abandoned,2024-11-19 17:06:28,2024-11-20 03:06:28
177,45,911ab687-f6fc-41f1-84cf-7a4f5e37b6ad,Abandoned,2025-09-06 01:28:55,2025-09-06 04:28:55
281,32,50929c04-36ee-4962-b504-0b094d11fa0f,Converted,2025-08-06 23:09:24,2025-08-07 04:09:24
364,223,112ce441-3234-4b30-b56d-e1e46cb3b080,Converted,2021-08-21 02:10:20,2021-08-23 11:10:20
400,79,f408ee5a-d3b3-4822-a0b6-b92e90cba4c8,Converted,2025-12-16 10:47:53,2025-12-18 20:47:53
412,13,93a0021c-2cee-4b92-845e-2c69e1a806c4,Converted,2025-11-26 11:40:11,2025-11-29 00:40:11
595,348,65809976-5b25-42ae-9f2e-b915b2ecee6c,Abandoned,2025-02-27 14:21:41,2025-02-28 01:21:41
365,250,5ec53c58-3155-405d-9731-53c79dd3753f,Active,2024-02-19 21:09:13,2024-02-23 22:09:13
84,353,32175bbf-8531-4d44-b6e3-be206272bdb8,Abandoned,2022-05-11 01:44:57,2022-05-11 07:44:57
201,5,ab15b59d-b182-4b3b-99cf-c2961ba54695,Abandoned,2025-10-16 07:01:09,2025-10-16 11:01:09
508,93,84969490-1fa1-493b-bd89-08178ae92107,Active,2019-01-18 06:51:35,2019-01-22 22:51:35
523,115,889f1985-bda1-4ab3-91b4-d3286b3260a8,Converted,2024-11-06 23:33:47,2024-11-07 03:33:47
113,150,2e5cc9d5-f447-4a4a-bd66-a40ba2b62398,Abandoned,2023-05-04 16:04:57,2023-05-05 03:04:57
166,298,cadb816c-8ecd-4dae-8d81-4e51d36646ab,Abandoned,2022-11-08 22:58:34,2022-11-09 00:58:34
471,235,5949a34f-c7e5-4c9a-b62f-80f361406ab2,Converted,2024-11-12 17:22:46,2024-11-13 11:22:46
543,279,7b92b386-b2f2-4332-ad42-f5411ad3b4e1,Active,2021-11-03 12:47:24,2021-11-09 18:47:24
568,201,fb413a5b-ccaa-4ca8-8a27-89cc79d9c5ba,Converted,2025-12-05 07:06:26,2025-12-06 23:06:26
117,389,9c1985c4-5c9a-442f-806c-d8d093b6fc42,Converted,2023-08-19 19:22:03,2023-08-21 12:22:03
381,349,78525189-d192-49c6-b9e1-0308c647476a,Converted,2024-07-16 06:30:28,2024-07-18 18:30:28
597,238,5c854d4a-d142-4344-b45c-e0bf86c45b82,Converted,2022-06-04 10:06:25,2022-06-05 23:06:25
599,240,1236b5ab-dda2-4481-a08a-be0e277f1fb4,Abandoned,2023-01-03 18:11:41,2023-01-03 19:11:41
512,171,71ed1e7b-1798-4af2-8f93-84ff5d7a29fe,Active,2025-09-27 10:43:11,2025-10-02 09:43:11
128,23,2458d913-f369-43c4-bc86-a12f1cd5cff9,Abandoned,2025-11-01 12:04:54,2025-11-02 00:04:54
56,159,267f0f45-6a1e-402d-a96b-fde7d5cfb888,Converted,2025-05-09 21:12:00,2025-05-12 00:12:00
99,307,1519027e-158d-4094-a0f2-1e2f4868f8a5,Converted,2025-07-09 13:59:48,2025-07-12 01:59:48
466,224,41ba29a6-d15c-4498-a4a1-801442aaa0ee,Converted,2023-03-16 03:25:30,2023-03-18 22:25:30
295,415,c0ac79a0-d6a3-46ff-817d-cf478ae54b97,Abandoned,2024-11-23 23:55:52,2024-11-24 01:55:52
420,299,43d7e424-85a5-4638-9068-56e86de30663,Converted,2025-12-02 21:09:37,2025-12-03 07:09:37
147,142,03f9d88d-0206-4341-9bd8-1be50b53e61b,Active,2019-01-24 19:13:28,2019-01-27 09:13:28
133,461,7e5ff3fa-a4f6-4823-8fdd-e4f14e885ad7,Active,2024-11-01 01:31:43,2024-11-05 08:31:43
292,137,f451d1be-8bcb-4c28-a8e1-d14330fe995a,Deleted,2023-03-01 21:30:29,2023-03-28 21:30:29
263,60,169b334d-3025-4a09-a66a-f206e63e2c66,Active,2021-11-22 14:24:37,2021-11-26 12:24:37
346,63,bd260936-f37c-4999-886b-62ebc3505cbd,Deleted,2021-08-29 22:09:51,2021-09-26 01:09:51
111,230,cec59e94-1963-4514-870f-cf09a49aa847,Active,2025-09-19 20:06:28,2025-09-25 18:06:28
383,428,b97e9e78-bc36-4e27-a132-f972fbbcb185,Converted,2022-12-30 06:25:23,2022-12-30 17:25:23
418,305,672443d5-b5b0-4070-a97b-ae1e0b4219bb,Abandoned,2025-04-04 00:13:03,2025-04-04 05:13:03
429,74,7473fa46-ac78-4f53-8bdb-50060defeb52,Converted,2025-12-09 22:48:35,2025-12-11 17:48:35
561,247,7e052a77-c51b-4f89-aea6-d0c66950fb1f,Abandoned,2025-05-16 06:22:20,2025-05-16 06:22:20
69,157,c627cc61-8df3-4ab8-9a5c-765c44f2d71b,Abandoned,2019-04-17 07:56:19,2019-04-17 11:56:19
402,260,dc49fd5f-4963-4930-a2e6-545794a979db,Abandoned,2025-05-31 19:59:51,2025-06-01 00:59:51
9,361,a6eea685-41c7-46b3-9759-d108c41ab10d,Deleted,2025-11-10 11:54:30,2025-11-30 13:54:30
347,43,acb439af-b877-40c2-a78b-0635f0b38fe4,Active,2022-01-28 19:14:52,2022-01-29 17:14:52
385,370,edab8083-8c9a-493f-81d0-a98e4bf1bc06,Abandoned,2024-05-10 18:07:56,2024-05-11 00:07:56
137,63,bd260936-f37c-4999-886b-62ebc3505cbd,Converted,2021-08-29 22:09:52,2021-08-31 07:09:52
218,410,89f83eb0-3d88-40be-9102-bc2076b94592,Abandoned,2025-01-11 02:48:39,2025-01-11 08:48:39
227,469,cbe79e44-389e-4857-aff8-0c435da95917,Converted,2023-04-15 11:00:23,2023-04-18 07:00:23
300,338,2d29610b-f7ee-4153-9c9d-e6c3898103c4,Converted,2023-12-27 22:26:14,2023-12-29 10:26:14
549,26,6fbfba24-1eeb-442a-b1e4-cd81714904fb,Converted,2024-12-03 21:56:10,2024-12-05 20:56:10
86,251,cdeaac4b-c272-44c8-a494-a91bab5eba2b,Converted,2021-06-22 01:17:34,2021-06-24 21:17:34
229,74,2b741405-9536-46b9-9c3b-f689c87fc71b,Converted,2025-12-03 14:57:59,2025-12-05 23:57:59
304,482,234f1595-59e8-4e52-bc30-847c9493406c,Deleted,2025-06-08 16:13:40,2025-06-21 06:13:40
459,130,c99d05da-4867-413a-a16c-d027349a397c,Abandoned,2024-04-30 07:39:52,2024-04-30 08:39:52
473,323,d8e31e86-2c8d-40a9-9210-ece505d88f95,Active,2022-10-01 20:34:12,2022-10-04 13:34:12
494,25,13835a7b-4fb5-420a-833b-f3c0e8c1fba7,Active,2025-12-13 19:36:30,2025-12-16 12:36:30
72,187,b5f22ad9-b6e4-4c48-85e6-ad88b4f9edc8,Converted,2024-03-26 09:33:36,2024-03-28 14:33:36
194,326,fc2115d2-d35b-4999-a642-f7600d195230,Converted,2022-07-31 23:39:20,2022-08-01 04:39:20
219,185,01393d40-1e9e-4918-afd4-770a00464800,Deleted,2019-10-01 12:49:07,2019-10-02 22:49:07
354,116,92c65de7-47a4-49e0-aabe-32f4850331c4,Abandoned,2025-10-08 20:52:48,2025-10-09 03:52:48
247,113,cbda8131-12ca-4762-9bbc-96e5bb408257,Converted,2024-10-05 05:00:36,2024-10-06 23:00:36
452,184,cba9f02f-2983-4bc5-8df5-0b9ce99b8d38,Abandoned,2025-09-04 10:25:22,2025-09-04 19:25:22
46,246,9f2832c7-42ee-4780-8140-cbdf782e0eb6,Active,2019-09-12 19:45:43,2019-09-19 16:45:43
366,300,781b2c52-f18c-4b15-8dcf-a3a441fd9c63,Converted,2018-10-15 18:20:57,2018-10-16 03:20:57
397,257,4b078022-1255-41cd-9eda-6b4c07138668,Converted,2022-02-18 00:48:17,2022-02-18 23:48:17
593,311,167ccd12-a38a-4bb1-808f-f1d35c9e3a36,Abandoned,2024-12-05 18:58:32,2024-12-06 05:58:32
131,203,16257a43-81a9-486c-95e3-d1b834ed0fc9,Abandoned,2022-05-22 20:36:13,2022-05-23 08:36:13
3,293,0c469ccc-c52e-4e67-9ad4-3ca0ff1eb1e1,Abandoned,2025-09-21 17:56:05,2025-09-22 00:56:05
225,203,7f458f58-8aac-4225-9319-efe9800393f0,Abandoned,2021-10-28 11:58:46,2021-10-28 23:58:46
142,137,a4283b08-ffae-4d6f-b2ec-d621aceb0b00,Active,2023-04-29 20:34:13,2023-05-02 01:34:13
206,432,a1b94fb0-1278-491b-96cf-97c75298678f,Abandoned,2025-04-08 05:40:29,2025-04-08 06:40:29
362,28,36e74996-adf0-4d70-bc67-71e9123053ce,Abandoned,2020-07-16 07:06:31,2020-07-16 14:06:31
482,272,b43d3827-183f-40b7-a826-3034d6975e17,Converted,2023-10-17 23:58:16,2023-10-19 01:58:16
486,426,081d5f33-268b-494f-a27c-fa6e8b98f1b9,Deleted,2025-03-05 19:58:43,2025-04-04 01:58:43
238,183,550907a7-ed3a-4ba9-a5b3-22f05f958300,Active,2024-05-10 12:06:55,2024-05-13 16:06:55
581,468,d057f9a5-8deb-42e0-97c8-1a8f3bcfe144,Active,2021-08-13 02:21:31,2021-08-13 08:21:31
64,463,44fc5272-23e7-4381-a3ef-af4af52f1840,Abandoned,2019-12-17 01:23:31,2019-12-17 12:23:31
98,136,e6ad592f-2cd9-4404-b218-3272041a4965,Active,2025-11-26 16:48:52,2025-12-02 07:48:52
103,204,45b26b1e-4848-42c9-884b-93a117b2b8b3,Active,2023-04-05 17:35:51,2023-04-12 05:35:51
489,35,d39eb03c-3e96-4d67-9c5d-7aaf87bbf8e2,Abandoned,2024-08-31 11:12:55,2024-08-31 21:12:55
153,10,4fcb4222-7076-4ebe-a6cf-927144d560cd,Abandoned,2021-12-15 13:30:57,2021-12-15 13:30:57
253,370,edab8083-8c9a-493f-81d0-a98e4bf1bc06,Active,2024-05-10 18:08:11,2024-05-12 01:08:11
315,49,8ea2f0d1-57e0-4a03-bd58-be43a71619b9,Deleted,2025-11-21 02:57:45,2025-12-05 16:57:45
417,299,d8515f89-3a91-448a-92a6-dfa7eb46041f,Converted,2025-09-15 16:47:05,2025-09-16 02:47:05
456,116,92c65de7-47a4-49e0-aabe-32f4850331c4,Abandoned,2025-10-08 20:54:47,2025-10-08 20:54:47
569,246,210eda6f-7fd8-49aa-ad97-649c6e82c3f3,Converted,2023-05-22 16:12:55,2023-05-23 07:12:55
327,52,e1e7a723-0461-4e16-ae15-9ee74289d709,Abandoned,2024-08-26 18:20:04,2024-08-26 21:20:04
514,341,57b6d600-ec5a-4525-b4c8-8f61a4519b26,Abandoned,2025-07-08 00:11:33,2025-07-08 01:11:33
558,253,07bcef1b-4724-42e0-a6ab-622d25c57dcd,Converted,2015-08-09 18:03:48,2015-08-10 22:03:48
168,96,d5bc95ff-761f-4f4b-9bb2-44583dbf6f2b,Abandoned,2019-10-02 23:57:31,2019-10-03 10:57:31
330,257,9dfdf7a6-bbd6-4c06-8727-d5a4d213ba1f,Active,2021-06-05 03:24:24,2021-06-08 11:24:24
124,286,20bf334b-57d1-4a42-8f2c-669a56c1406d,Converted,2019-11-29 14:43:44,2019-12-01 06:43:44
360,339,d57027bf-5128-4009-ad5c-58aaebff4d50,Abandoned,2024-11-04 02:52:04,2024-11-04 10:52:04
546,460,098dcce7-2c63-4a88-b325-5eed4862cfba,Active,2025-10-18 19:56:44,2025-10-25 01:56:44
583,183,b7e8d053-43e4-40b2-8287-f7e7c9e681e1,Active,2024-11-04 08:07:35,2024-11-10 01:07:35
151,191,c9a311e6-30b7-42fa-a2b3-60f67d6e5e31,Abandoned,2021-09-01 16:41:18,2021-09-01 20:41:18
541,446,01d6adac-0b56-4d76-aa0c-c2655325fed1,Deleted,2024-03-17 07:48:16,2024-04-08 04:48:16
76,203,4be1158a-26ac-4d42-837d-0b65b883316a,Abandoned,2022-10-24 00:35:42,2022-10-24 05:35:42
136,342,19c2bca9-16d6-472b-a0d6-3f392ff6cd28,Active,2015-11-11 16:06:31,2015-11-17 00:06:31
214,371,50790894-3cb2-4142-bdb0-10dde85f101e,Active,2015-05-21 02:03:17,2015-05-22 22:03:17
460,403,86cb0ba3-e1d3-49aa-b490-b4afe355f62f,Active,2022-08-17 04:06:47,2022-08-18 03:06:47
10,475,24ee2d06-8fd2-4207-9459-1d9f8e493b2d,Active,2025-07-11 23:26:16,2025-07-15 04:26:16
35,437,d6a7c02c-c33c-49b1-8284-fe4f1aabcb0f,Abandoned,2021-07-20 02:53:19,2021-07-20 05:53:19
287,222,9dae246b-9142-42b1-b845-3cb05da95f89,Abandoned,2021-06-23 06:10:49,2021-06-23 12:10:49
308,236,a8f7c3a9-b5dd-41b5-8d53-2246d15aa1e6,Active,2022-10-21 13:26:44,2022-10-26 02:26:44
326,460,7eebd97c-9981-44d4-9fa8-0715e8bb0621,Active,2025-08-27 17:14:34,2025-09-02 20:14:34
557,94,1f0607f2-37d3-410a-96a1-82642e19a826,Abandoned,2024-10-11 22:09:01,2024-10-12 08:09:01
4,176,c1d23cd9-d8f6-4971-881a-8cde9ffc6b0f,Active,2022-11-02 18:13:45,2022-11-08 16:13:45
141,118,f0c72a09-00ed-4538-9821-049d28c7dda4,Abandoned,2023-05-10 13:21:12,2023-05-10 21:21:12
212,219,f7a9e698-ae73-4799-bb69-70a804c6d10d,Deleted,2022-10-28 10:29:59,2022-11-13 14:29:59
50,64,746dac62-6568-4661-90c0-2b4ae459b2a9,Abandoned,2018-09-26 23:25:14,2018-09-27 09:25:14
187,15,f40262c4-661f-4416-8014-2822d8b52ee9,Converted,2025-05-25 15:37:51,2025-05-27 19:37:51
198,317,4a423e85-7f81-4d7d-b59a-903de9c2cf8a,Abandoned,2025-05-21 19:12:12,2025-05-22 01:12:12
434,129,80b4c4f2-56e3-4087-9bd9-8ff68842379b,Converted,2022-05-17 14:32:09,2022-05-18 17:32:09
497,119,9378777d-3ce1-48f0-b601-5a683297d834,Abandoned,2020-12-02 06:41:53,2020-12-02 12:41:53
18,82,0bb40cec-39a1-46f0-9dd6-472483852df1,Abandoned,2025-12-05 07:41:21,2025-12-05 07:41:21
358,409,8980d780-33d5-48ea-a600-a46417914fbc,Converted,2025-10-29 15:51:32,2025-10-30 11:51:32
390,60,169b334d-3025-4a09-a66a-f206e63e2c66,Converted,2021-11-22 14:22:42,2021-11-25 03:22:42
534,43,dbd77cc2-6b14-43b0-a757-e53b273fa342,Abandoned,2022-05-26 09:18:56,2022-05-26 12:18:56
30,202,498c0862-99e8-4e75-8915-1e13c5ca117b,Active,2024-05-07 16:46:47,2024-05-08 18:46:47
161,378,2bda6bc9-1f90-4a26-a7f4-294343da288e,Converted,2025-09-05 14:03:52,2025-09-05 19:03:52
173,472,1fc26c73-2617-4497-9382-ea6c48ad78f2,Converted,2024-12-26 01:21:45,2024-12-28 08:21:45
215,319,e44c7b49-48e7-4bef-ab4e-42009ee731c6,Abandoned,2025-02-28 19:36:42,2025-03-01 05:36:42
306,260,a84b4350-2205-4ca6-9ce7-10ba864caff0,Converted,2025-04-29 04:52:47,2025-04-30 19:52:47
344,247,9c163242-f43e-4b32-b689-29829ea5b2ed,Converted,2021-05-08 13:27:29,2021-05-09 13:27:29
433,476,3967a40b-fff5-4520-ad24-5f4b5b8dd265,Abandoned,2024-12-13 14:12:18,2024-12-14 00:12:18
42,92,84f020ea-8f30-4452-a34c-9d54aba47ad4,Active,2025-01-01 12:02:51,2025-01-05 17:02:51
8,201,fb413a5b-ccaa-4ca8-8a27-89cc79d9c5ba,Deleted,2025-12-05 07:06:34,2025-12-09 00:06:34
16,209,5b2aa318-32df-4e96-a594-030e0fad3e20,Abandoned,2019-04-17 00:31:54,2019-04-17 00:31:54
129,85,4669dbff-b259-4c1b-bc06-11a3fbaec7d2,Abandoned,2025-12-23 10:47:38,2025-12-23 22:47:38
298,328,b1f8bedb-1c02-4233-9715-11b067bc2b57,Active,2025-10-11 11:53:02,2025-10-14 01:53:02
361,224,6c70d2f6-1213-425e-8b7e-f382418dc3aa,Abandoned,2024-12-11 10:29:22,2024-12-11 18:29:22
160,413,fc71878b-636b-4ffe-8c4f-4621591a7abb,Deleted,2019-08-04 16:40:19,2019-08-27 03:40:19
179,415,629f61e6-a4a4-413e-ad41-b14e8d986233,Abandoned,2024-06-08 16:55:23,2024-06-08 16:55:23
393,383,12b9e656-d14d-4b3d-bc33-a8118ab9d834,Converted,2021-05-20 05:26:56,2021-05-23 02:26:56
