customer_id,gender,date_of_birth,account_status,address_id,city,state_province,postal_code,country,account_created_at,last_login_date,is_active
1,Male,1953-07-23,Active,1.0,Clinton,NE,68878,US,2023-04-05T03:43:47Z,2025-03-20T06:21:14Z,True
2,Female,1998-01-26,Active,3.0,Chester,LA,38785,US,2024-05-09T11:10:23Z,2025-06-26T17:52:40Z,True
3,Male,1978-11-30,Active,5.0,Seattle,WA,99353,US,2021-09-08T02:24:24Z,2025-02-22T16:57:40Z,True
4,Male,1988-08-14,Inactive,6.0,Chester,WI,26483,US,2025-04-20T00:38:20Z,2025-08-23T00:46:19Z,False
5,Male,1992-04-08,Active,8.0,Salem,AR,54473,US,2021-06-18T15:15:50Z,2025-04-27T04:27:56Z,True
6,Female,1946-04-20,Pending,NaN,NaN,NaN,NaN,NaN,2016-11-05T12:00:24Z,NaN,False
7,Prefer not to say,1946-07-05,Active,9.0,Riverside,ID,87992,US,2023-05-22T10:03:03Z,2025-03-01T01:36:01Z,True
8,Female,1947-07-20,Closed,10.0,Fairview,MD,95717,US,2015-02-08T14:39:36Z,2016-03-23T17:13:49Z,False
9,Female,1991-04-09,Inactive,13.0,Edmonton,AB,N7K 5H1,CA,2024-11-30T13:39:47Z,2025-02-17T21:34:57Z,False
10,Other,1964-06-22,Active,14.0,Salem,VA,10221,US,2017-01-01T18:16:02Z,2025-10-31T13:43:24Z,True
11,Male,2001-10-21,Inactive,15.0,Chester,IN,72021,US,2023-05-23T05:39:36Z,2024-03-26T18:15:29Z,False
12,Female,1962-12-05,Active,16.0,Fairview,OK,51588,US,2016-08-27T20:44:00Z,2025-11-01T09:58:11Z,True
13,Female,1969-09-21,Active,17.0,Fairview,WY,12560,US,2025-01-05T17:05:08Z,2025-10-09T00:29:52Z,True
14,Male,1964-05-18,Active,19.0,Clinton,MN,95215,US,2019-04-02T10:13:29Z,2025-07-10T21:02:25Z,True
15,Female,1985-01-06,Active,22.0,Bellevue,WA,45179,US,2016-03-08T13:23:40Z,2025-05-04T11:33:07Z,True
16,Male,1963-08-05,Active,25.0,Bristol,WV,46241,US,2017-08-02T03:46:12Z,2025-07-16T07:33:46Z,True
17,Male,1968-04-19,Blocked,27.0,Madison,NH,87139,US,2015-12-15T07:07:35Z,2024-07-11T20:46:13Z,False
18,Male,1977-02-24,Inactive,30.0,Fairview,OR,12719,US,2025-07-28T08:32:34Z,2025-12-01T22:38:12Z,False
19,Male,2000-06-25,Inactive,31.0,Springfield,NE,34586,US,2025-08-07T12:52:48Z,2025-08-17T02:58:08Z,False
20,Male,1953-04-15,Closed,33.0,Chester,NU,V6N 9Y6,CA,2024-09-09T02:17:49Z,2025-04-09T13:17:39Z,False
21,Male,1971-05-31,Inactive,35.0,Bristol,VA,80912,US,2021-12-27T22:25:41Z,2022-06-10T09:20:24Z,False
22,Other,1998-05-12,Closed,38.0,Madison,OR,48696,US,2025-10-15T13:44:16Z,2025-11-13T22:56:40Z,False
23,Male,1952-11-23,Active,40.0,San Francisco,CA,39571,US,2023-10-27T17:56:23Z,2025-03-29T10:54:40Z,True
24,Other,1998-01-16,Active,41.0,Georgetown,NJ,97881,US,2024-03-28T14:58:44Z,2025-07-24T11:24:51Z,True
25,Female,2000-05-06,Inactive,44.0,Winston-Salem,NC,24293,US,2024-09-18T00:08:00Z,2025-03-20T07:45:20Z,False
26,Male,1993-07-22,Active,45.0,Salem,IN,69186,US,2021-02-24T22:20:24Z,2025-02-23T14:38:53Z,True
27,Female,1991-06-07,Active,46.0,Madison,PE,P2X 4G7,CA,2018-09-12T21:07:26Z,2025-06-27T18:55:53Z,True
28,Male,1971-07-12,Inactive,47.0,Tacoma,WA,84395,US,2018-12-08T00:11:55Z,2020-07-16T18:54:20Z,False
29,Female,1976-07-01,Active,48.0,Winston-Salem,NC,97562,US,2021-09-20T01:00:13Z,2025-07-23T07:49:21Z,True
30,Female,1980-03-21,Closed,49.0,Naperville,IL,56019,US,2024-06-21T03:15:27Z,2025-04-18T15:48:32Z,False
31,Female,1946-01-29,Inactive,50.0,Springfield,OK,68947,US,2018-12-12T16:04:19Z,2024-02-16T06:06:22Z,False
32,Female,1995-02-10,Inactive,52.0,Grand Rapids,MI,97833,US,2024-10-16T04:21:05Z,2025-08-11T01:31:03Z,False
33,Female,1952-10-18,Pending,NaN,NaN,NaN,NaN,NaN,2021-09-12T12:09:10Z,NaN,False
34,Female,1988-12-12,Inactive,53.0,Salem,ME,75916,US,2017-09-06T09:51:50Z,2022-12-10T16:15:33Z,False
35,Male,1960-12-16,Active,54.0,Georgetown,TN,29142,US,2024-02-28T14:56:22Z,2025-12-12T03:59:47Z,True
36,Male,2000-12-27,Active,56.0,Springfield,NM,93318,US,2015-12-17T16:23:04Z,2025-03-31T09:55:54Z,True
37,Male,1989-10-04,Active,58.0,Georgetown,DE,67272,US,2020-04-23T08:02:48Z,2025-01-27T14:21:10Z,True
38,Male,1955-12-28,Active,59.0,Franklin,WV,14081,US,2022-09-26T14:22:28Z,2025-12-04T14:18:26Z,True
39,Female,1966-01-16,Active,60.0,Clinton,NH,90199,US,2017-10-19T03:01:47Z,2025-09-20T18:35:11Z,True
40,Female,1993-10-09,Inactive,63.0,Aurora,CO,35729,US,2017-01-15T04:27:32Z,2017-08-29T08:00:41Z,False
41,Female,1980-06-23,Inactive,65.0,Salem,NS,G6X 9E5,CA,2019-08-30T15:29:13Z,2023-06-24T10:38:33Z,False
42,Female,1949-02-12,Active,66.0,Georgetown,KY,62855,US,2025-08-07T12:32:29Z,2025-10-24T19:09:51Z,True
43,Female,1977-01-18,Active,67.0,Madison,SC,87820,US,2020-08-10T01:02:02Z,2025-10-15T23:23:53Z,True
44,Female,1988-01-27,Active,68.0,Fairview,WY,71814,US,2022-01-20T23:39:49Z,2025-06-14T04:32:32Z,True
45,Prefer not to say,1961-03-19,Active,69.0,Georgetown,MT,29198,US,2025-07-23T09:49:18Z,2025-11-02T08:34:49Z,True
46,Male,1944-04-19,Blocked,72.0,Chester,TN,78723,US,2024-05-18T12:50:31Z,2024-11-25T12:46:30Z,False
47,Female,1979-05-30,Active,73.0,Bellevue,WA,11498,US,2020-10-11T10:05:25Z,2025-01-16T13:16:33Z,True
48,Female,1948-01-18,Active,75.0,New York,NY,76895,US,2025-04-15T18:07:03Z,2025-05-27T12:04:35Z,True
49,Female,1947-03-26,Active,76.0,Chester,UT,27431,US,2025-06-21T15:02:18Z,2025-09-11T20:51:26Z,True
50,Male,2009-09-18,Closed,77.0,Springfield,RI,68515,US,2023-05-04T01:51:42Z,2024-07-06T21:41:41Z,False
51,Prefer not to say,1975-03-27,Closed,79.0,Hamilton,ON,S9X 3R3,CA,2023-10-24T16:20:44Z,2024-12-24T05:30:03Z,False
52,Female,1999-03-29,Active,81.0,Franklin,IA,12125,US,2019-01-11T09:16:23Z,2025-04-07T00:45:29Z,True
53,Female,1956-03-23,Inactive,82.0,Franklin,VA,11198,US,2016-07-27T23:34:31Z,2018-08-20T17:15:34Z,False
54,Female,1961-04-20,Active,84.0,Reno,NV,84167,US,2018-05-13T21:52:54Z,2025-11-14T18:47:35Z,True
55,Male,1979-10-13,Active,87.0,Georgetown,MO,57277,US,2017-01-30T21:37:42Z,2025-06-14T00:27:21Z,True
56,Male,1946-09-19,Active,89.0,Georgetown,MT,91289,US,2016-11-15T13:17:26Z,2025-07-25T05:07:30Z,True
57,Male,1947-03-31,Active,91.0,Akron,OH,64827,US,2024-03-08T13:43:31Z,2025-10-15T10:02:46Z,True
58,Male,1967-07-18,Active,93.0,Springfield,MD,25084,US,2019-08-31T02:07:53Z,2025-10-13T13:27:14Z,True
59,Male,1956-07-08,Blocked,96.0,Franklin,DE,58929,US,2024-02-16T21:45:51Z,2024-12-17T17:22:56Z,False
60,Female,1948-06-15,Active,98.0,Riverside,OR,45112,US,2021-05-04T00:50:48Z,2025-09-03T09:53:05Z,True
61,Female,1989-05-17,Active,100.0,Franklin,MB,K3N 4R7,CA,2016-11-20T10:45:18Z,2025-07-30T05:03:12Z,True
62,Female,1946-09-21,Inactive,101.0,Springfield,YT,B2T 1E2,CA,2023-12-04T17:25:13Z,2025-02-15T23:56:30Z,False
63,Female,1955-10-06,Active,104.0,Reno,NV,28327,US,2019-12-08T11:46:13Z,2025-02-07T10:56:11Z,True
64,Prefer not to say,1993-09-25,Inactive,106.0,Savannah,GA,20957,US,2015-10-04T00:16:13Z,2016-03-15T02:06:38Z,False
65,Male,1951-08-19,Inactive,108.0,Franklin,MS,43438,US,2023-08-26T00:21:51Z,2024-11-07T08:54:55Z,False
66,Male,2005-08-29,Active,109.0,Madison,YT,N2Y 8A5,CA,2022-03-28T08:52:04Z,2025-03-07T19:59:36Z,True
67,Prefer not to say,1974-10-18,Active,110.0,Hamilton,ON,P8C 2X2,CA,2024-07-09T23:46:19Z,2025-11-02T06:19:34Z,True
68,Male,2004-04-05,Inactive,112.0,Bristol,MT,82869,US,2025-01-24T19:02:13Z,2025-07-10T23:07:58Z,False
69,Prefer not to say,1980-10-27,Active,113.0,Madison,ID,46681,US,2024-01-28T04:05:57Z,2025-07-08T07:08:26Z,True
70,Female,2010-11-20,Active,115.0,Dallas,TX,44934,US,2024-08-30T01:51:30Z,2025-03-28T13:41:07Z,True
71,Female,1941-02-06,Active,117.0,Franklin,AK,86888,US,2018-09-20T19:12:51Z,2025-10-20T05:58:02Z,True
72,Prefer not to say,1948-12-31,Active,120.0,Salem,HI,74629,US,2024-03-19T22:42:40Z,2025-07-07T12:42:56Z,True
73,Male,2006-07-12,Active,122.0,Bristol,RI,36171,US,2025-07-29T08:42:18Z,2025-10-09T15:48:21Z,True
74,Male,1956-01-14,Inactive,125.0,Quebec City,QC,L6C 2R8,CA,2025-11-25T06:51:12Z,2025-11-29T08:18:17Z,False
75,Female,1984-08-08,Active,126.0,Springfield,NS,N5M 5V1,CA,2021-06-01T19:30:02Z,2025-09-28T03:55:11Z,True
76,Male,1992-01-22,Pending,127.0,Springfield,KS,69827,US,2015-04-29T05:12:56Z,NaN,False
77,Male,1992-05-18,Active,128.0,Fairview,ID,11109,US,2023-09-30T06:54:14Z,2025-01-27T14:37:27Z,True
78,Male,1971-03-18,Active,129.0,Clinton,ND,17441,US,2018-02-06T20:20:55Z,2025-08-06T05:02:40Z,True
79,Female,1957-06-18,Active,131.0,Springfield,NU,C8J 9E6,CA,2025-08-14T21:57:21Z,2025-12-03T05:19:35Z,True
80,Female,1955-04-03,Active,132.0,Chester,YT,J1A 4K5,CA,2020-06-28T02:08:39Z,2025-05-16T22:36:04Z,True
81,Other,1942-10-03,Closed,133.0,Springfield,SC,87846,US,2017-07-24T07:46:08Z,2019-12-07T06:47:45Z,False
82,Female,1950-06-14,Inactive,134.0,Springfield,HI,81845,US,2020-09-26T23:39:07Z,2022-04-28T03:29:13Z,False
83,Female,1982-09-10,Closed,135.0,Springfield,WI,11267,US,2015-07-25T03:52:11Z,2016-01-02T13:16:02Z,False
84,Male,2001-11-10,Active,138.0,Salem,UT,29484,US,2020-11-19T23:36:46Z,2025-03-11T07:19:41Z,True
85,Female,1995-03-31,Active,140.0,Bristol,RI,96136,US,2025-10-20T19:40:19Z,2025-10-21T12:54:00Z,True
86,Male,1971-05-11,Blocked,141.0,Raleigh,NC,75382,US,2016-03-17T13:02:59Z,2023-04-24T10:40:06Z,False
87,Male,1969-03-15,Inactive,143.0,Franklin,MB,X9N 2P8,CA,2022-12-25T23:59:35Z,2024-03-15T06:13:14Z,False
88,Male,2003-06-29,Inactive,145.0,Madison,AL,36619,US,2019-09-16T22:42:03Z,2023-12-27T11:08:53Z,False
89,Female,1969-07-22,Active,147.0,Fairview,WI,79533,US,2020-11-22T07:11:33Z,2025-11-20T23:21:59Z,True
90,Female,1959-06-26,Active,149.0,San Jose,CA,39837,US,2021-01-11T22:56:47Z,2025-05-17T19:48:51Z,True
91,Male,1948-10-19,Inactive,150.0,Tacoma,WA,11461,US,2018-02-27T14:24:25Z,2025-07-26T14:54:35Z,False
92,Male,1945-12-02,Inactive,151.0,Fairview,ME,19149,US,2024-07-19T17:29:41Z,2024-10-02T03:11:45Z,False
93,Female,1997-04-04,Active,153.0,Franklin,NU,P7K 5G7,CA,2015-11-10T23:04:57Z,2025-12-16T15:44:58Z,True
94,Male,1964-10-03,Active,154.0,Madison,ND,44513,US,2019-02-22T07:02:42Z,2025-09-11T00:01:32Z,True
95,Male,1966-03-26,Active,155.0,Salem,HI,12942,US,2017-05-16T04:11:10Z,2025-06-22T23:57:02Z,True
96,Male,1984-04-02,Active,156.0,Philadelphia,PA,40122,US,2016-11-29T07:53:26Z,2025-02-20T12:44:03Z,True
97,Male,2009-05-12,Blocked,158.0,Madison,NT,J1A 9E8,CA,2025-07-31T03:27:08Z,2025-10-04T19:16:22Z,False
98,Male,1963-10-22,Active,159.0,Franklin,NH,23143,US,2018-06-10T18:22:49Z,2024-12-29T07:09:57Z,True
99,Male,1987-04-26,Inactive,161.0,Springfield,ND,18993,US,2022-10-31T07:39:10Z,2023-01-12T18:54:51Z,False
100,Female,1978-01-15,Active,164.0,Clinton,MN,85197,US,2025-09-18T11:33:34Z,2025-12-24T10:26:50Z,True
101,Male,1945-11-24,Inactive,166.0,Chester,DE,70302,US,2020-11-23T13:30:34Z,2021-01-29T05:52:59Z,False
102,Male,1957-03-06,Active,167.0,Franklin,AL,65249,US,2021-05-29T04:36:43Z,2025-08-29T08:23:00Z,True
103,Female,1975-03-24,Active,169.0,Riverside,MT,20369,US,2021-11-18T09:29:40Z,2025-10-11T15:10:31Z,True
104,Female,1964-08-02,Closed,171.0,Franklin,ND,13744,US,2021-12-06T04:05:41Z,2024-02-12T13:19:56Z,False
105,Other,1949-01-27,Active,172.0,Bristol,WI,49270,US,2019-12-15T09:23:26Z,2025-08-13T13:42:26Z,True
106,Female,2003-04-18,Inactive,173.0,Fairview,NJ,69345,US,2023-12-18T08:18:41Z,2025-06-14T16:44:53Z,False
107,Male,1985-10-02,Active,174.0,Springfield,MO,25985,US,2019-03-02T14:44:50Z,2025-12-09T00:50:43Z,True
108,Male,1973-05-17,Active,175.0,Bristol,PE,G6C 4H7,CA,2024-12-14T01:55:42Z,2025-09-04T05:11:22Z,True
109,Female,1984-07-30,Active,176.0,Riverside,MB,X3T 5L8,CA,2022-12-04T14:35:18Z,2025-03-23T13:06:30Z,True
110,Female,1969-12-06,Active,177.0,Syracuse,NY,91785,US,2016-03-28T03:33:42Z,2025-11-20T05:26:50Z,True
111,Male,1992-03-06,Active,179.0,Greensboro,NC,96184,US,2022-01-05T05:35:47Z,2025-03-14T19:22:53Z,True
112,Female,1965-10-18,Closed,181.0,Salem,OR,84588,US,2025-04-22T17:32:35Z,2025-09-16T11:41:41Z,False
113,Other,1961-05-19,Active,182.0,Salem,AR,68407,US,2023-05-21T20:54:38Z,2025-12-20T17:44:18Z,True
114,Female,1999-07-22,Active,183.0,Naperville,IL,55157,US,2021-05-29T06:35:39Z,2025-03-31T13:50:43Z,True
115,Male,2003-07-12,Active,186.0,Clinton,NT,R9E 6V9,CA,2023-06-13T08:03:29Z,2025-01-23T08:07:53Z,True
116,Male,2001-11-12,Active,188.0,Clinton,UT,28102,US,2021-11-13T20:43:14Z,2025-05-26T04:19:23Z,True
117,Male,1965-04-01,Inactive,191.0,Springfield,WY,89682,US,2025-08-28T13:14:47Z,2025-11-21T20:03:00Z,False
118,Female,1985-12-15,Active,193.0,Worcester,MA,26193,US,2016-04-08T05:49:37Z,2025-01-02T22:58:02Z,True
119,Male,1981-01-27,Inactive,194.0,Toronto,ON,V4J 8T6,CA,2018-03-28T20:11:07Z,2019-09-18T02:11:46Z,False
120,Female,2011-10-02,Inactive,197.0,Bristol,OR,78118,US,2025-09-24T09:27:38Z,2025-11-03T18:01:14Z,False
121,Female,2007-08-30,Blocked,200.0,Georgetown,AK,59183,US,2020-12-18T16:19:36Z,2025-01-11T13:40:11Z,False
122,Male,1959-03-04,Active,201.0,Chester,CT,98698,US,2025-03-30T02:28:32Z,2025-12-12T18:26:04Z,True
123,Prefer not to say,1959-07-29,Active,203.0,Springfield,UT,23884,US,2021-01-31T11:35:20Z,2025-08-08T16:21:11Z,True
124,Female,1951-03-03,Active,205.0,Toledo,OH,62535,US,2018-12-10T15:29:54Z,2025-09-29T01:19:16Z,True
125,Female,2004-11-27,Active,206.0,Georgetown,MO,74788,US,2024-05-02T15:07:37Z,2025-02-23T05:28:12Z,True
126,Female,1975-04-10,Inactive,209.0,Riverside,AL,94985,US,2019-11-18T17:13:42Z,2021-10-29T08:21:54Z,False
127,Male,2001-01-12,Active,212.0,Chester,NJ,71503,US,2015-11-16T21:40:34Z,2025-03-04T07:19:37Z,True
128,Male,1947-12-08,Active,213.0,Clinton,VT,73559,US,2024-07-19T08:16:08Z,2025-02-12T16:34:02Z,True
129,Male,1963-12-13,Active,216.0,Salem,AL,22805,US,2022-05-04T18:25:29Z,2025-01-14T17:41:15Z,True
130,Male,1946-08-21,Active,218.0,Riverside,SC,67878,US,2019-04-17T12:21:03Z,2025-08-14T20:32:31Z,True
131,Female,1970-12-15,Closed,220.0,Clinton,MO,49173,US,2022-08-24T09:25:03Z,2024-06-02T05:30:26Z,False
132,Female,1942-07-06,Blocked,221.0,Riverside,IA,14833,US,2015-06-01T10:03:21Z,2024-04-01T09:05:46Z,False
133,Female,1946-09-13,Inactive,222.0,Springfield,IN,87736,US,2024-01-09T06:27:21Z,2025-12-03T18:47:28Z,False
134,Male,2003-02-03,Closed,224.0,Clinton,OK,35153,US,2016-07-03T19:11:45Z,2022-02-10T14:17:25Z,False
135,Female,2001-10-06,Active,226.0,Henderson,NV,38333,US,2025-01-27T10:14:49Z,2025-10-29T20:28:55Z,True
136,Female,1998-04-11,Active,227.0,Henderson,NV,42483,US,2025-09-07T19:57:10Z,2025-10-13T13:51:24Z,True
137,Male,1995-12-28,Inactive,230.0,Georgetown,UT,16758,US,2021-01-30T18:50:13Z,2025-07-02T15:55:52Z,False
138,Female,1972-09-06,Inactive,231.0,Bristol,ME,91389,US,2025-01-25T08:32:43Z,2025-08-29T16:35:47Z,False
139,Female,1943-01-28,Active,232.0,Allentown,PA,95951,US,2018-04-15T13:43:34Z,2025-10-19T05:06:00Z,True
140,Male,1991-07-03,Active,234.0,Georgetown,NJ,30454,US,2022-12-06T01:42:20Z,2025-07-01T06:05:48Z,True
141,Female,1977-01-26,Active,235.0,Houston,TX,77081,US,2021-12-04T07:28:22Z,2025-11-07T17:32:00Z,True
142,Female,1959-09-06,Active,237.0,Franklin,WI,36117,US,2018-05-27T15:55:33Z,2025-07-06T18:55:10Z,True
143,Male,1998-11-20,Active,238.0,Georgetown,DE,77177,US,2017-09-29T00:07:48Z,2025-08-05T15:12:26Z,True
144,Male,1949-07-08,Active,239.0,Albany,NY,54605,US,2021-09-18T05:34:20Z,2025-07-17T03:25:39Z,True
145,Male,1961-05-14,Inactive,241.0,Las Vegas,NV,35736,US,2018-06-13T04:13:08Z,2019-04-30T17:57:56Z,False
146,Male,1965-12-04,Blocked,242.0,Philadelphia,PA,79315,US,2025-08-22T18:22:22Z,2025-09-12T11:12:08Z,False
147,Male,1952-02-17,Active,243.0,Clinton,NH,82602,US,2020-03-23T03:33:08Z,2025-04-15T15:18:26Z,True
148,Female,1950-09-25,Active,246.0,Savannah,GA,91522,US,2016-05-15T08:31:31Z,2025-08-29T04:39:32Z,True
149,Female,2000-04-04,Active,248.0,Springfield,NS,A1G 6P9,CA,2021-03-18T21:34:36Z,2025-04-29T13:10:30Z,True
150,Female,1978-12-10,Active,249.0,Georgetown,IN,75107,US,2021-05-15T16:57:26Z,2025-08-10T17:41:56Z,True
151,Female,1989-06-25,Active,251.0,Bristol,WV,45118,US,2018-07-07T06:26:25Z,2025-08-19T01:58:54Z,True
152,Female,1973-08-24,Closed,254.0,Madison,ND,75070,US,2022-07-14T21:56:05Z,2023-08-25T21:49:13Z,False
153,Female,1951-03-05,Active,255.0,Springfield,WV,98027,US,2018-07-20T17:27:30Z,2025-01-10T00:45:26Z,True
154,Female,1941-04-25,Inactive,258.0,Cambridge,MA,72700,US,2019-06-30T06:40:19Z,2023-01-06T00:45:26Z,False
155,Male,1964-12-02,Inactive,260.0,Clinton,UT,64831,US,2018-03-25T23:31:24Z,2019-09-10T13:25:37Z,False
156,Male,1970-11-26,Active,261.0,Springfield,OK,86085,US,2025-06-10T07:30:58Z,2025-09-26T03:13:49Z,True
157,Male,1952-02-18,Inactive,264.0,Fort Worth,TX,37839,US,2018-12-02T02:13:55Z,2022-02-07T08:07:05Z,False
158,Male,2000-03-17,Active,265.0,Fairview,NS,G4B 5N0,CA,2020-05-19T14:40:17Z,2025-02-24T11:40:38Z,True
159,Female,1968-11-10,Active,266.0,Reno,NV,90460,US,2025-02-18T21:38:08Z,2025-06-25T18:45:01Z,True
160,Male,1992-01-15,Active,268.0,Lowell,MA,69637,US,2024-02-12T08:22:16Z,2025-02-28T11:11:48Z,True
161,Male,1973-05-27,Blocked,269.0,Clinton,TN,67119,US,2022-09-29T21:44:43Z,2024-12-16T06:49:51Z,False
162,Male,2005-01-05,Active,270.0,Reading,PA,98954,US,2022-11-05T13:54:31Z,2025-03-04T09:41:06Z,True
163,Female,1960-10-01,Active,271.0,Franklin,NM,91506,US,2021-08-04T21:21:58Z,2025-02-20T20:04:27Z,True
164,Female,1986-03-17,Active,272.0,Macon,GA,89205,US,2015-05-11T02:21:27Z,2025-10-27T21:35:34Z,True
165,Female,1978-02-16,Active,275.0,Cambridge,MA,31538,US,2025-04-18T13:57:29Z,2025-04-26T06:48:12Z,True
166,Female,1943-02-21,Inactive,278.0,Chester,KY,56461,US,2015-04-25T17:37:16Z,2018-01-08T03:23:43Z,False
167,Female,1950-06-25,Active,279.0,Salem,ND,87101,US,2018-09-04T16:37:12Z,2025-06-24T06:43:21Z,True
168,Female,1955-02-10,Active,280.0,Bristol,ME,13667,US,2025-08-02T17:23:58Z,2025-11-25T13:18:24Z,True
169,Female,1948-09-05,Active,283.0,Fairview,VA,68226,US,2017-02-27T19:34:36Z,2025-11-28T14:07:48Z,True
170,Male,1974-09-23,Pending,NaN,NaN,NaN,NaN,NaN,2025-07-23T03:03:12Z,NaN,False
171,Male,1962-01-04,Active,285.0,Savannah,GA,80836,US,2025-03-31T00:17:35Z,2025-11-03T08:06:10Z,True
172,Female,1955-07-10,Active,286.0,Georgetown,NS,L8L 4N5,CA,2023-04-16T17:36:04Z,2025-07-24T20:01:48Z,True
173,Male,1980-12-03,Active,288.0,Springfield,MS,46799,US,2015-02-08T07:47:01Z,2025-08-04T05:45:46Z,True
174,Female,1964-05-01,Inactive,289.0,Lethbridge,AB,B6S 7L1,CA,2025-06-20T18:54:14Z,2025-11-01T18:44:31Z,False
175,Male,1974-11-24,Active,292.0,Salem,MO,22560,US,2018-07-07T22:04:50Z,2025-10-21T00:03:41Z,True
176,Male,1952-06-29,Inactive,294.0,Fairview,MD,54944,US,2018-06-30T18:27:32Z,2025-10-21T05:47:09Z,False
177,Female,1996-04-24,Active,295.0,Quebec City,QC,K8J 4V5,CA,2018-05-12T13:21:10Z,2025-11-02T04:18:00Z,True
178,Female,1963-02-08,Active,296.0,Franklin,MS,79065,US,2017-01-01T06:01:11Z,2025-08-12T09:03:04Z,True
179,Male,1952-05-20,Active,297.0,Bristol,MS,78012,US,2024-07-19T16:37:56Z,2025-04-18T23:24:01Z,True
180,Female,1982-10-12,Active,299.0,Aurora,CO,75767,US,2020-09-29T19:21:27Z,2025-05-09T09:48:53Z,True
181,Female,1948-09-28,Active,302.0,Austin,TX,54541,US,2018-07-06T06:27:49Z,2025-01-01T19:41:17Z,True
182,Male,1966-07-03,Closed,304.0,Bristol,NE,19012,US,2017-04-23T07:18:42Z,2023-03-10T09:47:45Z,False
183,Male,1963-03-09,Active,305.0,Fairview,MT,32954,US,2020-11-23T10:58:36Z,2025-04-18T01:28:12Z,True
184,Other,1990-08-20,Active,306.0,Salem,NJ,55043,US,2016-05-11T11:04:48Z,2025-11-02T03:54:37Z,True
185,Male,1976-02-08,Active,307.0,Chester,SD,94018,US,2016-11-20T02:42:48Z,2025-12-19T23:59:57Z,True
186,Female,1979-06-05,Closed,309.0,Springfield,MS,18825,US,2016-05-09T07:13:06Z,2020-05-08T17:24:06Z,False
187,Other,1980-11-06,Active,312.0,Chester,IN,17087,US,2023-04-16T10:08:17Z,2025-07-16T06:59:05Z,True
188,Prefer not to say,2011-02-18,Active,314.0,Madison,YT,Y3Y 3L6,CA,2025-06-21T02:23:25Z,2025-09-19T07:53:53Z,True
189,Female,1995-05-10,Active,316.0,Ottawa,ON,S3S 5M8,CA,2020-02-09T21:09:16Z,2025-08-21T16:46:58Z,True
190,Other,1960-02-10,Active,318.0,Victoria,BC,C5C 7E4,CA,2017-01-30T06:03:47Z,2025-09-22T12:20:44Z,True
191,Other,1995-04-06,Active,319.0,Georgetown,AR,53287,US,2019-10-26T10:23:43Z,2025-07-02T21:15:58Z,True
192,Male,1983-10-03,Closed,321.0,Chester,YT,B3V 2M8,CA,2022-05-20T22:57:06Z,2024-07-17T08:35:18Z,False
193,Prefer not to say,1953-03-21,Inactive,322.0,Salem,SK,Y7K 4L1,CA,2025-05-07T17:40:46Z,2025-09-09T20:31:30Z,False
194,Female,2004-06-04,Inactive,325.0,Clinton,VA,39500,US,2023-11-07T15:40:53Z,2024-06-15T06:59:38Z,False
195,Male,1993-02-09,Active,326.0,Springfield,WV,57477,US,2024-09-16T01:54:59Z,2024-12-26T11:24:40Z,True
196,Male,1968-03-12,Active,327.0,Riverside,DE,20831,US,2022-09-18T19:11:41Z,2025-06-16T18:02:23Z,True
197,Male,1989-04-06,Closed,328.0,Clinton,WI,96321,US,2017-01-27T12:52:44Z,2017-04-18T01:28:36Z,False
198,Female,1995-06-04,Active,330.0,Madison,MN,26841,US,2021-01-13T16:13:44Z,2025-11-05T14:05:46Z,True
199,Female,1986-12-03,Active,331.0,Aurora,CO,53714,US,2021-10-13T05:26:52Z,2025-10-07T16:17:19Z,True
200,Female,2008-06-29,Active,332.0,Springfield,KY,77314,US,2023-09-01T05:22:51Z,2025-01-11T22:58:29Z,True
201,Female,1990-10-03,Active,334.0,Chester,UT,26343,US,2025-06-04T15:51:55Z,2025-12-23T05:35:27Z,True
202,Male,1992-01-27,Active,336.0,Riverside,MN,10675,US,2019-06-01T06:59:19Z,2025-01-29T23:52:16Z,True
203,Male,1957-05-20,Active,337.0,Georgetown,NE,14142,US,2021-01-06T08:06:28Z,2025-01-22T22:16:36Z,True
204,Male,2002-06-11,Active,338.0,Riverside,LA,44541,US,2018-01-31T01:43:53Z,2025-07-02T15:22:40Z,True
205,Female,1973-08-28,Active,340.0,Henderson,NV,43064,US,2018-02-23T11:45:26Z,2025-08-20T22:42:29Z,True
206,Female,1958-03-28,Active,342.0,Franklin,AK,88532,US,2019-09-09T17:45:16Z,2025-03-14T05:42:39Z,True
207,Male,1941-05-12,Active,343.0,Riverside,OK,32427,US,2016-10-17T18:13:37Z,2025-01-02T19:10:36Z,True
208,Male,1964-01-03,Closed,345.0,Fairview,IN,92549,US,2025-11-23T00:34:42Z,2025-11-24T00:22:26Z,False
209,Female,1947-04-09,Inactive,346.0,Riverside,RI,59528,US,2016-08-10T02:27:15Z,2021-09-16T22:52:21Z,False
210,Female,1955-09-04,Pending,NaN,NaN,NaN,NaN,NaN,2018-06-13T10:30:09Z,NaN,False
211,Female,1961-03-01,Active,347.0,Riverside,NB,M6C 6E5,CA,2015-04-09T07:27:24Z,2025-10-10T19:08:42Z,True
212,Female,1976-01-31,Active,348.0,North Las Vegas,NV,64256,US,2020-01-04T23:50:50Z,2025-04-25T01:58:26Z,True
213,Male,1942-07-31,Active,349.0,Clinton,NE,37621,US,2019-01-24T17:30:08Z,2025-10-29T19:28:30Z,True
214,Male,1978-05-28,Active,350.0,Springfield,NH,47587,US,2016-09-05T05:30:47Z,2025-10-15T05:04:31Z,True
215,Female,1999-08-06,Active,352.0,Franklin,ME,80984,US,2022-03-14T12:52:24Z,2025-10-01T14:43:47Z,True
216,Prefer not to say,1976-10-04,Inactive,353.0,Toronto,ON,X3A 7V9,CA,2020-08-10T06:20:48Z,2022-10-20T05:42:56Z,False
217,Male,1979-09-12,Active,354.0,Fort Collins,CO,22335,US,2015-06-13T22:49:43Z,2025-06-10T06:03:22Z,True
218,Prefer not to say,1966-10-03,Active,355.0,Montreal,QC,B4Y 1G1,CA,2019-07-01T13:54:39Z,2025-01-10T18:23:02Z,True
219,Male,1971-10-05,Active,356.0,Georgetown,AR,66375,US,2021-10-11T15:13:44Z,2025-04-25T18:31:13Z,True
220,Male,1985-11-05,Active,359.0,Clinton,IN,65073,US,2024-09-10T10:07:50Z,2025-01-13T23:24:23Z,True
221,Male,1979-03-31,Active,360.0,Fairview,ME,23005,US,2020-11-12T10:07:59Z,2025-09-26T00:35:22Z,True
222,Other,1966-06-26,Inactive,362.0,Savannah,GA,78021,US,2018-01-01T21:16:19Z,2022-08-27T18:31:19Z,False
223,Female,1952-05-16,Active,363.0,Fairview,AK,81260,US,2020-08-27T03:40:36Z,2025-06-08T00:38:52Z,True
224,Male,1969-03-04,Active,366.0,Chester,HI,43357,US,2022-02-08T14:51:10Z,2025-09-23T23:52:07Z,True
225,Male,1968-12-29,Inactive,368.0,Salem,RI,66270,US,2016-11-09T06:46:31Z,2021-09-19T21:14:09Z,False
226,Female,1960-05-06,Active,369.0,Clinton,RI,79109,US,2022-05-14T11:23:09Z,2025-07-17T14:23:29Z,True
227,Male,1985-05-05,Active,372.0,Cambridge,MA,39667,US,2021-11-13T01:25:19Z,2025-01-02T15:57:13Z,True
228,Female,1984-05-06,Closed,374.0,Clinton,AL,71361,US,2017-07-14T02:16:49Z,2020-11-09T00:22:11Z,False
229,Female,1983-10-07,Active,376.0,Salem,AR,65389,US,2022-06-04T16:28:22Z,2025-08-11T20:27:57Z,True
230,Male,1996-09-06,Active,377.0,Seattle,WA,22352,US,2022-11-05T22:25:25Z,2025-06-07T01:40:11Z,True
231,Male,1970-12-24,Active,380.0,Salem,OR,57109,US,2024-12-30T16:49:42Z,2025-02-23T07:56:59Z,True
232,Male,1972-08-22,Active,383.0,Spokane,WA,66629,US,2022-05-28T00:03:16Z,2025-10-15T11:59:34Z,True
233,Female,1978-05-22,Active,384.0,Greensboro,NC,71391,US,2021-03-20T06:19:19Z,2025-11-11T15:56:18Z,True
234,Male,1977-03-10,Blocked,385.0,Georgetown,VT,17977,US,2022-07-07T00:29:51Z,2025-06-01T15:22:54Z,False
235,Female,1996-01-05,Active,387.0,Bristol,NM,48015,US,2022-08-22T14:54:42Z,2025-02-12T18:21:51Z,True
236,Female,1972-08-09,Active,389.0,Fairview,ID,76450,US,2022-05-10T23:36:21Z,2025-05-04T22:31:11Z,True
237,Female,1955-08-01,Active,392.0,Columbus,OH,54657,US,2019-11-13T16:51:50Z,2025-09-17T19:28:51Z,True
238,Male,1951-08-15,Active,393.0,Riverside,ME,80047,US,2020-08-04T07:03:38Z,2025-03-23T17:04:52Z,True
239,Male,2000-07-20,Blocked,394.0,Sacramento,CA,88400,US,2025-03-25T01:15:31Z,2025-05-01T20:13:10Z,False
240,Female,1974-11-19,Active,395.0,Riverside,IA,87151,US,2022-10-19T04:27:44Z,2025-05-20T21:35:51Z,True
241,Male,1990-07-05,Active,397.0,Clinton,ND,49968,US,2018-04-13T20:15:33Z,2025-08-11T07:00:07Z,True
242,Male,1942-09-24,Active,398.0,Georgetown,RI,44410,US,2024-09-03T12:24:28Z,2025-12-02T19:37:52Z,True
243,Prefer not to say,1962-05-31,Active,399.0,Fairview,TN,11617,US,2016-06-24T00:17:51Z,2025-01-09T08:23:06Z,True
244,Male,1986-07-02,Active,401.0,Springfield,VA,88719,US,2024-08-25T14:37:20Z,2025-12-04T08:22:34Z,True
245,Female,1943-11-01,Closed,402.0,Chester,WY,86216,US,2016-10-18T11:02:18Z,2018-06-25T05:03:24Z,False
246,Female,1980-08-09,Inactive,403.0,Georgetown,NT,C6Y 9C5,CA,2018-07-22T08:12:53Z,2025-01-02T18:11:08Z,False
247,Male,1992-09-18,Active,404.0,Chandler,AZ,13136,US,2020-07-17T20:56:49Z,2025-09-15T02:53:18Z,True
248,Male,1991-08-26,Active,407.0,Fairview,LA,90671,US,2020-10-21T16:37:32Z,2025-05-21T01:57:56Z,True
249,Female,1944-08-09,Active,408.0,Madison,NJ,24367,US,2025-10-06T17:34:51Z,2025-11-30T18:06:44Z,True
250,Female,1964-08-22,Active,411.0,Georgetown,RI,81226,US,2021-11-17T12:40:37Z,2025-08-27T09:03:07Z,True
251,Female,1986-07-27,Active,412.0,Mesa,AZ,68672,US,2017-05-31T13:03:35Z,2025-07-12T21:46:55Z,True
252,Female,1989-01-29,Active,413.0,Riverside,ND,75732,US,2017-03-23T05:53:34Z,2025-06-06T04:07:52Z,True
253,Female,1942-11-06,Inactive,414.0,Madison,MD,70149,US,2015-03-02T23:53:34Z,2021-12-13T04:00:21Z,False
254,Male,1961-11-11,Closed,415.0,Colorado Springs,CO,62847,US,2020-01-06T11:30:36Z,2020-08-17T07:49:57Z,False
255,Female,1951-12-09,Active,417.0,Salem,DE,48564,US,2016-11-11T06:28:55Z,2025-10-27T08:25:22Z,True
256,Female,1997-02-09,Active,419.0,Georgetown,MD,91854,US,2020-04-03T19:10:04Z,2025-06-29T15:46:00Z,True
257,Male,1960-06-16,Active,420.0,Clinton,DE,83419,US,2016-01-10T19:09:09Z,2025-10-02T11:04:09Z,True
258,Female,1999-07-17,Active,421.0,Bristol,NB,P9J 1M5,CA,2018-11-27T05:01:55Z,2025-06-20T19:51:37Z,True
259,Male,1958-06-17,Pending,423.0,Worcester,MA,86919,US,2022-05-07T19:47:01Z,NaN,False
260,Male,1956-03-25,Active,425.0,Madison,MO,33331,US,2023-11-05T00:13:40Z,2025-06-16T14:19:36Z,True
261,Male,1960-08-14,Inactive,427.0,Georgetown,CT,11035,US,2020-03-30T08:02:59Z,2021-07-16T00:45:39Z,False
262,Female,1962-01-22,Active,428.0,Franklin,OR,27025,US,2023-07-23T16:06:26Z,2025-05-21T00:42:51Z,True
263,Female,1949-08-20,Inactive,430.0,Sparks,NV,61622,US,2019-05-07T04:20:48Z,2020-11-03T17:10:08Z,False
264,Male,1975-07-01,Active,431.0,Riverside,NJ,55388,US,2022-05-02T05:27:09Z,2025-08-01T14:51:52Z,True
265,Female,1973-10-09,Blocked,432.0,Salem,NJ,16362,US,2016-04-02T05:27:34Z,2024-10-08T18:23:17Z,False
266,Male,1951-01-22,Active,433.0,Clinton,SC,78623,US,2019-01-03T23:02:34Z,2025-06-06T06:13:39Z,True
267,Female,1958-03-26,Active,434.0,Madison,ID,75740,US,2021-05-27T08:19:39Z,2025-04-06T02:14:29Z,True
268,Female,1989-08-13,Active,435.0,Salem,KY,14229,US,2019-05-13T15:59:35Z,2025-12-19T02:20:55Z,True
269,Female,1985-01-25,Active,436.0,Salem,WV,82098,US,2017-08-19T12:58:34Z,2025-10-19T01:37:28Z,True
270,Other,1941-05-04,Active,437.0,Chester,SC,20552,US,2020-12-21T10:48:29Z,2025-01-23T16:32:27Z,True
271,Female,1962-09-28,Inactive,439.0,Bristol,NB,C1B 7X7,CA,2023-12-08T05:29:32Z,2025-09-24T09:21:10Z,False
272,Male,1964-08-03,Active,440.0,Bristol,NJ,42077,US,2023-07-02T18:48:50Z,2025-10-29T17:59:13Z,True
273,Female,1993-05-13,Active,442.0,Greensboro,NC,78594,US,2018-05-25T04:37:00Z,2025-08-14T16:23:32Z,True
274,Female,1988-01-23,Blocked,443.0,Chester,LA,80091,US,2025-01-26T07:47:12Z,2025-08-01T04:49:37Z,False
275,Female,1945-08-15,Active,445.0,Surrey,BC,J8A 5S9,CA,2018-07-30T20:04:12Z,2025-04-24T23:32:17Z,True
276,Female,1979-10-19,Active,446.0,Bristol,ND,23489,US,2022-07-19T09:06:59Z,2025-05-12T19:47:42Z,True
277,Other,1968-04-11,Active,447.0,Jacksonville,FL,45940,US,2019-02-27T04:19:21Z,2025-06-27T03:39:49Z,True
278,Male,1994-03-27,Active,448.0,Bristol,MS,47255,US,2020-04-08T01:49:42Z,2025-06-09T00:48:27Z,True
279,Female,1985-03-07,Active,451.0,Chicago,IL,99647,US,2018-03-03T18:21:40Z,2025-11-21T17:26:16Z,True
280,Female,1954-09-24,Inactive,453.0,Cincinnati,OH,19078,US,2017-02-12T04:13:19Z,2019-02-25T07:14:53Z,False
281,Male,1958-11-10,Active,454.0,Clinton,WI,25775,US,2017-04-22T12:37:52Z,2025-10-22T14:49:24Z,True
282,Male,1979-12-28,Active,455.0,Franklin,AL,77976,US,2025-08-10T20:19:14Z,2025-12-04T17:01:05Z,True
283,Male,1997-02-20,Active,456.0,Medicine Hat,AB,R9H 3E0,CA,2019-03-09T08:39:20Z,2025-12-10T09:00:21Z,True
284,Female,1992-04-15,Inactive,457.0,Austin,TX,53073,US,2017-03-14T04:14:32Z,2018-08-27T08:29:14Z,False
285,Prefer not to say,1984-10-05,Active,460.0,Riverside,NJ,25765,US,2023-08-29T17:29:42Z,2025-11-06T15:24:03Z,True
286,Female,1988-11-14,Active,461.0,Salem,SC,36502,US,2019-01-25T17:14:44Z,2025-03-28T22:37:54Z,True
287,Female,1950-03-31,Active,464.0,Springfield,LA,60004,US,2023-08-27T20:38:30Z,2025-08-29T18:06:49Z,True
288,Male,1966-03-06,Active,465.0,Buffalo,NY,87474,US,2024-06-12T23:46:17Z,2025-08-19T20:18:38Z,True
289,Female,1957-04-03,Active,467.0,Georgetown,AR,70057,US,2015-04-09T20:21:06Z,2025-07-29T10:12:07Z,True
290,Female,1955-04-29,Pending,NaN,NaN,NaN,NaN,NaN,2025-10-04T05:20:01Z,NaN,False
291,Male,2000-07-15,Active,469.0,Bristol,IA,15344,US,2019-07-16T08:09:45Z,2025-07-04T01:32:10Z,True
292,Male,1976-11-21,Blocked,470.0,Reno,NV,57777,US,2022-01-13T18:56:57Z,2024-03-16T18:13:42Z,False
293,Female,1982-05-01,Active,471.0,Tacoma,WA,84678,US,2021-12-09T14:31:37Z,2025-05-15T16:41:38Z,True
294,Male,1993-09-09,Active,472.0,Franklin,WI,33755,US,2018-07-12T00:39:03Z,2024-12-25T12:16:10Z,True
295,Female,1959-01-14,Active,473.0,Springfield,ND,10610,US,2017-07-17T11:41:40Z,2025-11-13T22:10:28Z,True
296,Other,1954-12-20,Active,475.0,Joliet,IL,15451,US,2021-11-16T10:29:59Z,2025-01-22T04:23:23Z,True
297,Male,1980-01-29,Active,476.0,Tucson,AZ,21689,US,2019-03-25T02:31:01Z,2025-04-17T05:51:36Z,True
298,Male,1960-04-13,Inactive,477.0,Springfield,SC,15928,US,2016-02-09T14:11:57Z,2018-08-05T12:32:01Z,False
299,Female,2012-01-08,Active,480.0,Chester,ME,47544,US,2025-09-11T02:11:34Z,2025-11-13T07:58:50Z,True
300,Male,1947-02-01,Inactive,481.0,Franklin,AL,54741,US,2017-09-17T13:39:23Z,2022-08-17T12:48:51Z,False
301,Male,1992-04-23,Blocked,484.0,Bristol,MN,72800,US,2022-03-26T12:18:43Z,2025-09-08T00:47:41Z,False
302,Male,1977-06-12,Active,485.0,Rockford,IL,57633,US,2019-09-21T13:29:46Z,2025-05-08T03:54:15Z,True
303,Male,2007-04-17,Active,487.0,Denver,CO,11136,US,2021-09-29T15:20:39Z,2025-02-15T08:08:19Z,True
304,Female,1949-09-30,Active,489.0,Bristol,AK,98049,US,2023-06-23T01:08:56Z,2025-06-12T16:33:26Z,True
305,Female,1996-10-30,Inactive,490.0,Bristol,KY,66747,US,2024-12-28T18:26:10Z,2025-07-03T02:38:42Z,False
306,Other,2000-10-22,Closed,492.0,San Francisco,CA,84961,US,2025-03-30T10:55:32Z,2025-04-28T11:46:40Z,False
307,Female,1957-09-24,Active,494.0,Riverside,DE,34667,US,2020-04-05T09:46:43Z,2025-02-24T11:14:54Z,True
308,Female,1985-05-08,Active,495.0,Montreal,QC,N6C 5N7,CA,2018-11-10T23:03:39Z,2025-05-19T01:47:27Z,True
309,Female,1942-07-06,Active,497.0,North Las Vegas,NV,30948,US,2019-05-22T15:09:17Z,2025-07-05T21:10:48Z,True
310,Prefer not to say,1961-07-30,Inactive,500.0,Franklin,NT,N2X 8T9,CA,2022-12-10T18:39:15Z,2024-05-04T10:15:45Z,False
311,Male,2003-11-24,Inactive,502.0,Franklin,NJ,68547,US,2017-01-03T09:16:13Z,2018-08-16T18:17:14Z,False
312,Male,1990-05-24,Blocked,503.0,Lowell,MA,84518,US,2015-04-15T20:27:41Z,2018-12-02T08:39:01Z,False
313,Male,1998-08-15,Active,504.0,Clinton,AR,72743,US,2023-11-09T12:44:09Z,2025-03-19T15:36:22Z,True
314,Male,1981-01-04,Active,507.0,Clinton,VT,87759,US,2021-10-07T20:42:32Z,2025-06-01T02:53:39Z,True
315,Male,1955-05-08,Active,509.0,Springfield,MD,25738,US,2016-02-03T01:23:13Z,2025-01-28T07:51:00Z,True
316,Male,1946-11-20,Inactive,510.0,Madison,SK,V4L 1L3,CA,2019-06-17T21:24:01Z,2019-11-17T12:51:54Z,False
317,Female,1997-02-12,Active,513.0,London,ON,B9E 1L8,CA,2016-08-17T19:21:34Z,2025-02-05T18:32:28Z,True
318,Male,1957-12-08,Inactive,514.0,Salem,WI,49696,US,2023-01-12T00:57:50Z,2025-11-10T04:28:59Z,False
319,Female,1974-09-04,Active,515.0,Chester,NT,E7P 8A6,CA,2017-05-03T09:27:39Z,2025-02-27T01:08:18Z,True
320,Female,1945-05-30,Active,517.0,Bristol,NM,42642,US,2017-11-03T18:07:44Z,2025-04-05T09:19:41Z,True
321,Male,1991-01-14,Active,519.0,Joliet,IL,96489,US,2022-11-15T13:04:04Z,2025-11-10T22:00:46Z,True
322,Female,1978-02-19,Active,522.0,Clinton,RI,26688,US,2024-06-01T20:23:14Z,2025-08-13T09:27:02Z,True
323,Male,1971-09-04,Inactive,523.0,San Diego,CA,92460,US,2018-05-28T17:38:20Z,2021-11-11T09:10:51Z,False
324,Male,1971-04-23,Inactive,525.0,Grand Rapids,MI,43387,US,2017-01-19T20:51:31Z,2021-04-04T04:17:01Z,False
325,Male,1996-07-05,Active,528.0,Springfield,SC,31023,US,2021-10-08T18:48:17Z,2025-03-18T06:41:32Z,True
326,Female,1981-01-24,Active,529.0,Salem,NU,X6N 1V8,CA,2017-05-24T07:06:54Z,2025-11-13T20:52:22Z,True
327,Female,1943-01-01,Active,530.0,Franklin,NU,H4X 9J0,CA,2019-05-12T18:22:23Z,2025-06-12T18:53:50Z,True
328,Female,2005-12-03,Active,532.0,Springfield,HI,71481,US,2020-12-01T04:34:59Z,2025-09-20T12:24:59Z,True
329,Female,2008-04-07,Active,534.0,Madison,MO,58971,US,2023-07-12T08:33:59Z,2025-05-30T14:06:53Z,True
330,Male,1982-10-10,Active,535.0,Georgetown,AR,70960,US,2019-03-02T06:29:08Z,2025-05-26T07:44:17Z,True
331,Female,1987-02-24,Inactive,537.0,Augusta,GA,35733,US,2015-05-29T21:49:35Z,2023-07-31T21:26:07Z,False
332,Prefer not to say,1964-11-10,Active,538.0,Georgetown,NJ,90844,US,2023-02-26T15:50:04Z,2025-09-04T06:48:14Z,True
333,Female,1954-10-15,Active,540.0,Georgetown,WY,17458,US,2025-05-21T03:44:34Z,2025-08-17T15:11:21Z,True
334,Female,1993-05-01,Active,543.0,Sacramento,CA,89451,US,2015-12-04T01:39:00Z,2025-09-17T07:36:25Z,True
335,Male,1968-10-15,Closed,544.0,Georgetown,WY,51936,US,2022-06-21T10:13:15Z,2025-01-20T14:58:24Z,False
336,Male,2000-02-07,Blocked,545.0,Madison,HI,64499,US,2025-11-02T12:50:45Z,2025-11-23T02:59:37Z,False
337,Female,1959-02-19,Blocked,546.0,Springfield,YT,T9M 9T0,CA,2017-05-14T04:21:43Z,2024-10-02T04:09:15Z,False
338,Male,1944-09-04,Active,547.0,Madison,WY,88675,US,2017-06-27T14:15:25Z,2025-12-24T03:18:29Z,True
339,Male,2006-08-15,Active,548.0,Madison,WI,50565,US,2022-07-04T05:42:18Z,2025-01-15T14:08:28Z,True
340,Male,1977-02-22,Active,551.0,Salem,NJ,52233,US,2017-05-19T05:12:39Z,2025-02-01T21:02:16Z,True
341,Female,1990-07-11,Active,552.0,Madison,SK,R3L 6S1,CA,2023-02-21T10:07:39Z,2025-12-09T06:27:54Z,True
342,Female,1961-10-23,Active,553.0,Salem,CT,15339,US,2015-07-21T08:19:53Z,2025-03-19T02:18:47Z,True
343,Male,1950-05-11,Closed,554.0,Medicine Hat,AB,L4V 9K0,CA,2022-01-27T00:30:13Z,2022-10-13T06:18:05Z,False
344,Male,1947-07-08,Active,556.0,Seattle,WA,58333,US,2022-09-02T12:08:13Z,2025-08-05T15:44:13Z,True
345,Female,1978-02-16,Active,557.0,Bristol,LA,61196,US,2016-03-28T09:09:18Z,2025-08-03T14:37:07Z,True
346,Male,1968-11-14,Inactive,558.0,Bristol,MB,X1G 1N8,CA,2023-05-16T12:01:04Z,2024-12-16T15:17:01Z,False
347,Female,1971-03-13,Active,559.0,Bristol,NB,S9C 2Y7,CA,2019-01-01T15:48:15Z,2025-03-28T02:19:29Z,True
348,Female,2008-01-02,Inactive,560.0,Clinton,NU,S6E 2X9,CA,2024-07-09T07:02:30Z,2025-04-19T00:13:12Z,False
349,Female,1978-10-02,Inactive,562.0,Reading,PA,53260,US,2016-03-20T02:48:10Z,2018-08-04T04:57:36Z,False
350,Other,1952-05-31,Pending,563.0,Richmond,BC,V7G 1X2,CA,2025-02-06T01:14:47Z,NaN,False
351,Male,1998-03-11,Inactive,566.0,Georgetown,MN,59682,US,2021-07-27T02:05:44Z,2022-08-20T17:56:50Z,False
352,Male,1980-01-14,Active,567.0,Aurora,CO,77618,US,2020-03-29T00:02:38Z,2025-11-29T00:44:54Z,True
353,Female,1962-08-10,Active,568.0,Salem,DE,43136,US,2019-08-08T19:54:39Z,2025-03-15T10:34:01Z,True
354,Male,1953-09-25,Active,569.0,Franklin,VA,58268,US,2022-10-24T12:39:43Z,2025-07-27T11:50:16Z,True
355,Female,1943-02-16,Active,570.0,London,ON,A4E 6K8,CA,2022-07-01T02:30:24Z,2025-07-20T16:20:41Z,True
356,Female,1945-05-17,Inactive,572.0,Los Angeles,CA,90199,US,2021-10-20T06:15:37Z,2022-04-26T02:58:49Z,False
357,Female,1994-08-13,Active,573.0,Fairview,AL,99144,US,2020-11-15T00:15:44Z,2025-06-14T10:46:24Z,True
358,Female,1993-08-30,Active,574.0,Madison,WV,27046,US,2016-07-24T13:12:10Z,2025-10-05T19:50:48Z,True
359,Male,1960-02-19,Active,576.0,Franklin,OK,91419,US,2016-02-14T05:49:13Z,2025-08-16T16:11:16Z,True
360,Male,2005-12-24,Active,577.0,Bristol,AK,43455,US,2020-05-12T01:06:42Z,2025-06-18T15:51:26Z,True
361,Female,1958-06-26,Active,579.0,Fairview,NT,A9V 3R1,CA,2025-09-09T05:56:12Z,2025-12-11T11:50:01Z,True
362,Female,1941-04-25,Closed,580.0,Cleveland,OH,66904,US,2025-01-23T11:26:56Z,2025-03-24T16:24:40Z,False
363,Male,1976-10-21,Active,581.0,Bristol,HI,39325,US,2021-01-26T04:15:37Z,2025-07-18T20:33:17Z,True
364,Female,1977-12-04,Closed,583.0,Jacksonville,FL,63955,US,2022-01-12T04:03:46Z,2024-02-05T11:44:03Z,False
365,Female,1955-10-11,Active,585.0,Salem,MN,25894,US,2022-08-09T03:05:38Z,2025-10-02T03:29:45Z,True
366,Prefer not to say,2002-03-25,Active,586.0,Raleigh,NC,34464,US,2018-01-09T03:25:30Z,2025-03-26T07:24:39Z,True
367,Other,1954-03-09,Active,589.0,Austin,TX,11944,US,2024-08-23T00:23:48Z,2025-12-23T12:57:57Z,True
368,Female,1955-03-31,Pending,590.0,Clinton,SK,Y7L 9M2,CA,2016-06-03T01:54:21Z,NaN,False
369,Female,1985-06-09,Inactive,592.0,New York,NY,94319,US,2021-11-05T17:31:24Z,2024-11-18T22:26:03Z,False
370,Male,1995-11-21,Active,594.0,Riverside,PE,N7H 5C5,CA,2018-04-19T05:40:15Z,2025-02-03T10:23:49Z,True
371,Male,1973-11-09,Inactive,595.0,Fairview,MD,25725,US,2015-04-16T20:31:33Z,2018-03-28T09:26:08Z,False
372,Female,1951-12-27,Active,598.0,Georgetown,WY,62716,US,2022-10-22T18:33:30Z,2025-03-12T20:12:16Z,True
373,Prefer not to say,1989-08-09,Pending,599.0,Lowell,MA,47753,US,2022-02-02T10:46:37Z,NaN,False
374,Male,1985-01-20,Active,602.0,Franklin,WV,58343,US,2016-08-13T15:54:44Z,2025-09-03T05:23:41Z,True
375,Female,1982-09-09,Pending,604.0,Jacksonville,FL,30284,US,2018-08-07T08:47:23Z,NaN,False
376,Male,1960-07-13,Inactive,605.0,Salem,SK,N2M 4Y8,CA,2025-05-20T18:41:37Z,2025-07-06T19:01:48Z,False
377,Male,1988-04-26,Closed,607.0,Ottawa,ON,G3A 2G5,CA,2025-03-19T15:46:07Z,2025-05-13T07:32:04Z,False
378,Female,1998-03-24,Active,608.0,Fairview,OR,52039,US,2020-12-31T12:59:03Z,2025-12-04T19:00:20Z,True
379,Male,1949-01-17,Inactive,611.0,Clinton,NH,35945,US,2016-04-19T03:24:25Z,2017-06-21T08:22:36Z,False
380,Female,1994-02-05,Active,613.0,Erie,PA,12239,US,2017-03-04T22:54:23Z,2025-06-29T22:19:16Z,True
381,Male,1984-01-16,Active,614.0,Riverside,TN,54877,US,2017-08-03T17:31:17Z,2025-11-24T23:09:56Z,True
382,Male,1974-05-30,Inactive,615.0,Charlotte,NC,15076,US,2018-03-13T13:53:11Z,2020-12-15T22:24:04Z,False
383,Male,2005-08-13,Active,616.0,Georgetown,ME,79559,US,2019-10-27T10:45:03Z,2025-05-01T12:57:35Z,True
384,Male,1970-12-25,Active,617.0,Clinton,ND,28117,US,2017-03-25T21:51:55Z,2025-09-14T17:17:05Z,True
385,Female,1990-07-26,Active,618.0,Fairview,SC,75776,US,2015-10-06T22:36:48Z,2025-01-01T21:17:32Z,True
386,Female,1957-06-17,Inactive,620.0,Henderson,NV,13448,US,2017-05-13T23:44:32Z,2024-11-16T18:22:50Z,False
387,Female,2000-05-20,Closed,622.0,Riverside,WI,69151,US,2020-09-12T00:52:52Z,2021-02-03T18:52:17Z,False
388,Male,1951-08-14,Active,625.0,Georgetown,IA,59464,US,2017-11-25T02:50:37Z,2025-05-22T06:13:04Z,True
389,Male,1991-05-10,Active,626.0,Madison,IA,80073,US,2018-10-16T03:24:09Z,2025-10-04T15:01:57Z,True
390,Prefer not to say,2008-12-04,Active,627.0,Georgetown,KY,82914,US,2025-12-24T07:22:42Z,2025-12-25T14:08:08Z,True
391,Female,1961-05-11,Closed,630.0,Bristol,OK,50844,US,2024-06-01T10:39:11Z,2024-12-20T07:03:27Z,False
392,Female,1946-08-04,Active,631.0,Salem,AR,73636,US,2017-07-19T19:34:48Z,2025-03-16T07:48:14Z,True
393,Male,1942-04-30,Active,632.0,Winston-Salem,NC,13786,US,2024-03-13T09:20:27Z,2025-06-22T01:08:55Z,True
394,Other,2001-08-15,Active,633.0,Georgetown,WI,90382,US,2019-10-09T05:54:11Z,2025-10-25T11:03:29Z,True
395,Female,2004-10-27,Closed,634.0,Red Deer,AB,T3S 5H6,CA,2023-05-11T17:08:12Z,2023-07-31T22:44:50Z,False
396,Male,1956-09-21,Active,635.0,Georgetown,MD,47382,US,2018-06-22T04:07:42Z,2025-03-15T02:55:56Z,True
397,Male,1975-02-01,Blocked,637.0,Clinton,MO,15466,US,2022-09-07T05:52:04Z,2025-05-06T17:37:04Z,False
398,Female,1980-07-24,Inactive,638.0,Cincinnati,OH,18645,US,2020-04-26T16:18:32Z,2021-01-26T05:40:43Z,False
399,Female,2002-12-30,Pending,639.0,Riverside,NM,45945,US,2022-09-13T01:19:20Z,NaN,False
400,Female,1950-04-19,Active,640.0,Chester,ID,77460,US,2016-09-10T03:41:42Z,2025-03-18T18:43:07Z,True
401,Female,1991-02-10,Active,641.0,Madison,OK,51854,US,2025-04-24T21:30:45Z,2025-09-18T00:31:20Z,True
402,Male,1978-11-27,Pending,643.0,Madison,MS,21343,US,2018-01-05T02:04:00Z,NaN,False
403,Female,1991-10-18,Active,645.0,Salem,NJ,13063,US,2016-04-29T15:33:43Z,2025-01-21T12:05:33Z,True
404,Other,1982-05-25,Closed,646.0,Chester,CT,98208,US,2019-01-19T10:32:20Z,2024-06-30T14:01:51Z,False
405,Female,1974-06-28,Active,647.0,Calgary,AB,R4N 7L0,CA,2020-06-14T01:20:27Z,2025-04-10T05:21:21Z,True
406,Male,1998-08-04,Active,649.0,Mesa,AZ,39807,US,2022-10-30T01:05:07Z,2025-03-05T12:05:46Z,True
407,Male,1991-12-14,Active,650.0,Bristol,LA,25147,US,2020-11-07T14:26:37Z,2025-03-16T08:40:32Z,True
408,Female,1997-08-13,Active,653.0,Aurora,CO,62044,US,2025-11-13T09:25:58Z,2025-12-17T02:29:19Z,True
409,Male,1962-01-06,Active,655.0,Springfield,NE,20346,US,2018-07-14T08:44:05Z,2025-01-09T13:45:02Z,True
410,Male,2009-04-02,Active,658.0,Clinton,WI,58994,US,2023-11-02T02:04:34Z,2025-07-24T22:44:32Z,True
411,Male,1962-09-19,Inactive,659.0,Allentown,PA,39494,US,2020-05-15T16:17:44Z,2021-10-11T15:13:57Z,False
412,Male,1944-08-12,Inactive,661.0,Chester,NE,43197,US,2022-03-19T13:53:43Z,2022-06-23T01:08:43Z,False
413,Male,1979-01-13,Inactive,662.0,Bristol,MB,P6X 3C4,CA,2018-06-30T05:25:02Z,2021-01-30T12:51:44Z,False
414,Male,1952-03-17,Closed,663.0,Boulder,CO,51018,US,2020-11-09T18:58:31Z,2024-11-28T19:41:54Z,False
415,Prefer not to say,2008-09-06,Active,665.0,Aurora,CO,46535,US,2024-05-06T05:00:03Z,2025-09-25T22:13:42Z,True
416,Male,1971-12-10,Closed,668.0,Riverside,RI,64488,US,2023-01-08T19:14:59Z,2025-05-06T09:44:28Z,False
417,Female,1978-09-13,Active,669.0,Salem,IA,30050,US,2020-06-17T00:32:03Z,2025-06-20T13:07:59Z,True
418,Male,1974-11-09,Active,670.0,Clinton,NL,S3N 9N4,CA,2016-11-16T14:12:08Z,2025-09-30T02:20:35Z,True
419,Female,1988-09-25,Inactive,672.0,Tacoma,WA,58469,US,2017-08-24T07:15:16Z,2019-11-30T09:07:00Z,False
420,Male,1974-03-25,Active,674.0,Springfield,MA,85460,US,2015-04-01T17:44:58Z,2025-12-21T12:06:57Z,True
421,Male,1978-04-24,Pending,675.0,Springfield,VA,69350,US,2024-02-27T03:19:49Z,NaN,False
422,Male,1969-08-07,Closed,676.0,Springfield,HI,79341,US,2016-10-02T06:23:52Z,2024-02-17T15:11:49Z,False
423,Other,1954-09-21,Active,677.0,Georgetown,ID,70701,US,2024-02-15T14:59:34Z,2025-11-22T15:59:33Z,True
424,Male,1976-02-05,Active,678.0,Dallas,TX,40753,US,2016-12-21T23:01:38Z,2025-01-29T04:38:24Z,True
425,Male,1944-02-27,Active,679.0,Joliet,IL,15056,US,2020-04-07T12:05:58Z,2025-11-30T05:35:00Z,True
426,Other,1964-03-18,Inactive,680.0,Toronto,ON,E5L 3P8,CA,2023-09-28T12:30:12Z,2024-08-26T03:18:28Z,False
427,Male,1946-01-05,Active,681.0,Worcester,MA,11776,US,2018-01-17T12:43:50Z,2025-04-17T20:50:42Z,True
428,Male,2001-03-12,Active,683.0,Salem,HI,30748,US,2016-01-10T18:46:24Z,2025-02-25T01:23:44Z,True
429,Male,1960-05-20,Closed,684.0,Salem,TN,98467,US,2015-10-31T05:27:31Z,2021-04-03T12:33:22Z,False
430,Male,1984-08-31,Active,686.0,Franklin,AL,65163,US,2024-01-21T12:17:18Z,2025-03-12T08:47:09Z,True
431,Prefer not to say,1998-01-03,Active,688.0,Franklin,ND,70643,US,2021-05-05T20:22:08Z,2025-03-09T18:46:22Z,True
432,Male,2000-01-07,Active,691.0,Chester,WY,86367,US,2022-11-05T17:10:09Z,2025-09-01T18:47:30Z,True
433,Female,2004-06-19,Pending,694.0,Springfield,NM,82794,US,2024-02-16T12:12:21Z,NaN,False
434,Female,1999-06-16,Closed,697.0,Riverside,ME,71055,US,2018-07-09T22:45:57Z,2020-02-06T17:41:14Z,False
435,Male,1996-12-26,Active,698.0,Los Angeles,CA,97861,US,2023-11-23T07:00:08Z,2025-12-16T11:21:33Z,True
436,Female,1984-10-14,Active,699.0,Springfield,YT,C8H 3G4,CA,2016-11-29T07:01:13Z,2025-08-09T06:00:03Z,True
437,Other,1957-11-15,Active,702.0,Hamilton,ON,B2T 1V4,CA,2020-01-23T18:49:04Z,2025-09-20T21:57:09Z,True
438,Female,1981-10-21,Active,703.0,Aurora,IL,10197,US,2017-01-14T05:01:23Z,2025-07-29T09:10:30Z,True
439,Female,1986-07-27,Active,704.0,Georgetown,RI,64278,US,2022-09-04T11:04:39Z,2025-07-17T17:55:22Z,True
440,Female,1977-11-13,Active,705.0,Madison,SC,97042,US,2017-06-13T01:09:37Z,2025-07-15T11:58:19Z,True
441,Female,1978-06-19,Pending,707.0,Philadelphia,PA,79578,US,2021-01-03T15:25:19Z,NaN,False
442,Female,1977-01-29,Closed,708.0,San Francisco,CA,33989,US,2018-02-28T12:47:19Z,2019-06-30T08:15:05Z,False
443,Male,1995-09-18,Inactive,709.0,Franklin,WV,10279,US,2021-08-30T19:17:36Z,2025-07-15T11:24:17Z,False
444,Female,1959-08-05,Active,711.0,Riverside,WV,76277,US,2024-11-21T16:39:57Z,2025-06-11T14:30:53Z,True
445,Male,2006-08-18,Active,712.0,Springfield,WI,63223,US,2022-02-16T11:57:11Z,2025-05-03T11:35:57Z,True
446,Prefer not to say,1986-03-07,Active,713.0,Franklin,SK,R7P 7Y6,CA,2022-10-16T03:22:37Z,2025-05-24T22:17:11Z,True
447,Female,1953-04-14,Inactive,714.0,Riverside,MD,67392,US,2021-06-30T19:01:28Z,2023-01-01T15:31:37Z,False
448,Female,1962-10-19,Active,715.0,Franklin,RI,96885,US,2018-03-29T14:33:40Z,2025-07-02T20:59:26Z,True
449,Female,1941-02-04,Closed,718.0,Joliet,IL,80957,US,2017-05-21T01:43:22Z,2021-10-05T23:08:28Z,False
450,Female,1944-07-03,Active,720.0,Riverside,ID,89821,US,2019-03-28T04:50:49Z,2025-10-21T08:11:47Z,True
451,Male,1988-12-24,Blocked,721.0,Springfield,RI,10435,US,2017-07-11T10:00:31Z,2018-06-11T14:18:52Z,False
452,Male,1973-11-20,Active,724.0,Bristol,OR,36140,US,2022-02-28T06:22:49Z,2025-10-13T15:51:44Z,True
453,Male,1986-06-09,Active,725.0,Riverside,ID,68349,US,2020-12-31T05:51:58Z,2025-03-14T08:14:48Z,True
454,Male,1984-01-28,Active,728.0,Madison,MO,77449,US,2017-07-22T18:01:34Z,2025-08-28T15:46:55Z,True
455,Female,1981-07-30,Active,730.0,Clinton,LA,65765,US,2025-01-29T02:29:00Z,2025-07-09T21:02:19Z,True
456,Male,1942-01-22,Closed,731.0,Georgetown,MS,29373,US,2024-12-14T00:47:50Z,2025-10-03T21:42:00Z,False
457,Female,1962-09-03,Active,732.0,Springfield,OR,79614,US,2023-10-30T18:05:00Z,2025-08-20T11:13:54Z,True
458,Female,2008-06-09,Closed,734.0,Riverside,DE,59785,US,2023-11-04T02:23:40Z,2024-08-28T17:05:55Z,False
459,Male,1974-07-13,Active,736.0,Madison,SD,98661,US,2025-10-20T03:02:12Z,2025-12-24T07:33:25Z,True
460,Male,1965-12-31,Active,737.0,Bristol,DE,44849,US,2025-07-11T19:32:29Z,2025-10-17T06:20:51Z,True
461,Male,1972-04-27,Active,740.0,Madison,WI,18688,US,2017-12-19T05:02:59Z,2025-08-12T07:44:53Z,True
462,Female,1954-08-03,Inactive,741.0,Clinton,VT,32595,US,2023-05-08T12:16:55Z,2025-12-19T06:43:08Z,False
463,Male,1962-04-02,Active,742.0,Buffalo,NY,27899,US,2019-05-21T13:46:08Z,2025-11-20T08:09:20Z,True
464,Female,1953-10-29,Inactive,743.0,New York,NY,84642,US,2017-01-30T03:01:51Z,2019-12-05T13:57:50Z,False
465,Male,1993-10-07,Active,744.0,Georgetown,TN,51393,US,2018-01-10T02:09:46Z,2025-01-19T01:11:23Z,True
466,Female,2001-07-19,Closed,746.0,Boulder,CO,24357,US,2019-09-22T04:13:29Z,2021-11-06T06:11:29Z,False
467,Female,1989-07-07,Closed,747.0,Clinton,HI,74443,US,2018-01-06T16:27:17Z,2023-01-19T17:59:27Z,False
468,Male,1967-12-22,Inactive,750.0,Clinton,IA,66958,US,2021-02-03T02:54:55Z,2024-02-29T16:25:11Z,False
469,Male,1998-10-24,Active,753.0,Franklin,AL,61259,US,2023-02-01T00:51:08Z,2024-12-28T18:49:13Z,True
470,Male,1991-04-13,Active,754.0,Riverside,NT,B1T 3K0,CA,2025-08-28T04:35:44Z,2025-11-12T08:10:51Z,True
471,Other,1985-09-11,Inactive,755.0,Salem,MD,16029,US,2023-04-01T13:27:48Z,2024-02-27T21:20:37Z,False
472,Female,1965-03-23,Active,758.0,Franklin,MD,26456,US,2023-11-11T19:18:30Z,2025-04-29T22:00:40Z,True
473,Male,1942-08-01,Active,759.0,Athens,GA,42647,US,2025-11-16T12:42:44Z,2025-12-07T22:24:36Z,True
474,Male,1949-11-11,Inactive,760.0,Fairview,MD,79191,US,2024-02-27T03:02:11Z,2024-05-30T08:55:07Z,False
475,Female,1990-10-23,Active,762.0,Springfield,SC,76496,US,2019-08-27T01:49:47Z,2025-11-01T22:38:11Z,True
476,Female,1996-04-06,Active,764.0,Springfield,IA,68642,US,2020-04-09T04:08:57Z,2025-09-13T01:47:53Z,True
477,Male,2002-04-13,Blocked,766.0,Atlanta,GA,52186,US,2019-04-09T02:27:39Z,2020-08-05T10:04:33Z,False
478,Female,1942-06-05,Blocked,768.0,Fairview,IA,53253,US,2018-07-19T07:02:09Z,2019-09-05T19:00:13Z,False
479,Female,1953-04-25,Closed,769.0,Springfield,SD,98007,US,2021-02-14T02:57:28Z,2023-11-20T13:48:34Z,False
480,Male,1952-01-12,Blocked,770.0,Franklin,WY,67973,US,2019-01-21T12:51:16Z,2024-06-12T06:33:04Z,False
481,Female,1995-03-16,Inactive,772.0,Fairview,NT,K3B 6P3,CA,2016-05-28T06:57:33Z,2021-03-30T06:30:26Z,False
482,Female,1954-04-01,Active,775.0,Chester,SC,58752,US,2020-05-28T03:06:48Z,2025-11-16T18:00:11Z,True
483,Male,2010-11-19,Active,777.0,Franklin,NH,83819,US,2023-12-26T10:43:00Z,2025-12-08T20:20:12Z,True
484,Male,1985-04-17,Inactive,778.0,North Las Vegas,NV,69318,US,2017-01-08T17:55:05Z,2018-10-26T12:02:57Z,False
485,Female,1972-04-21,Active,781.0,Richmond,BC,K6M 6B3,CA,2025-09-25T06:15:13Z,2025-12-02T06:25:28Z,True
486,Male,1998-11-30,Inactive,782.0,Salem,RI,51032,US,2017-08-02T03:08:53Z,2020-08-09T11:14:03Z,False
487,Female,1996-11-08,Closed,783.0,Franklin,MT,65515,US,2023-12-08T03:37:08Z,2024-06-10T16:05:12Z,False
488,Male,1950-01-16,Inactive,785.0,Madison,NS,G3C 9Y3,CA,2021-07-11T20:06:19Z,2022-11-10T17:59:22Z,False
489,Male,1998-02-23,Pending,787.0,Cleveland,OH,52026,US,2020-08-24T11:47:33Z,NaN,False
490,Male,1990-11-14,Active,788.0,Franklin,NU,Y7J 5H0,CA,2016-10-13T05:11:55Z,2025-06-28T06:00:01Z,True
491,Female,1988-06-27,Active,791.0,Georgetown,ND,11353,US,2016-08-11T14:31:42Z,2025-12-06T00:56:59Z,True
492,Male,1967-12-04,Active,792.0,Bristol,MS,65079,US,2016-07-16T06:45:06Z,2025-06-08T18:03:03Z,True
493,Male,1971-02-12,Active,794.0,Jacksonville,FL,83323,US,2023-12-05T06:32:52Z,2025-06-09T00:49:20Z,True
494,Male,1969-11-11,Inactive,795.0,Madison,CT,39114,US,2023-10-01T18:38:01Z,2023-11-04T13:27:15Z,False
495,Female,1977-04-18,Active,796.0,Riverside,OR,11453,US,2021-03-16T02:23:42Z,2025-07-26T00:29:15Z,True
496,Male,1983-09-09,Active,798.0,Chandler,AZ,71699,US,2025-03-21T18:41:17Z,2025-11-14T13:43:06Z,True
497,Male,1977-02-14,Active,800.0,Winston-Salem,NC,20497,US,2023-07-23T05:36:59Z,2025-01-12T06:07:11Z,True
498,Female,1942-10-08,Active,802.0,Fairview,KY,79533,US,2016-04-07T09:22:49Z,2025-03-11T04:49:17Z,True
499,Male,2010-05-02,Pending,804.0,Aurora,CO,10193,US,2024-12-13T23:42:09Z,NaN,False
500,Male,1978-03-28,Active,805.0,Franklin,PE,T5C 2S8,CA,2021-03-03T05:41:55Z,2025-07-26T15:35:28Z,True
