inventory_id,product_id,supplier_id,stock_quantity,reserved_quantity,minimum_stock_level,storage_cost,last_restocked_date
1,1,SUPP_36,276,21,5,8.33,2025-11-13
2,2,SUPP_36,286,41,14,15.98,2025-09-11
3,3,SUPP_36,15,3,0,1.32,2025-10-29
4,4,SUPP_33,6,1,12,5.23,2025-10-13
5,4,SUPP_42,202,20,30,4.75,2025-10-25
6,4,SUPP_24,0,0,16,6.74,2025-10-20
7,5,SUPP_41,466,16,12,14.88,2025-08-01
8,6,SUPP_50,11,5,19,3.83,2025-11-12
9,6,SUPP_34,293,38,28,2.28,2025-11-08
10,6,SUPP_2,0,0,16,1.04,2025-09-28
11,7,SUPP_25,485,42,27,33.15,2025-07-13
12,8,SUPP_13,0,0,26,34.06,2025-08-12
13,9,SUPP_29,384,42,20,4.77,2025-08-15
14,10,SUPP_39,0,0,7,17.96,2025-06-28
15,10,SUPP_48,0,0,11,21.53,2025-08-20
16,11,SUPP_38,287,3,23,18.8,2025-08-25
17,12,SUPP_32,475,1,13,11.24,2025-12-16
18,12,SUPP_25,307,24,14,11.33,2025-09-15
19,13,SUPP_16,324,14,26,3.9,2025-10-28
20,14,SUPP_28,250,4,18,4.44,2025-08-21
21,14,SUPP_5,0,0,7,4.54,2025-05-29
22,15,SUPP_15,0,0,22,1.11,2025-03-16
23,16,SUPP_50,113,15,9,16.03,2025-10-25
24,17,SUPP_45,0,0,15,1.18,2025-09-09
25,18,SUPP_33,0,0,29,6.15,2024-12-27
26,18,SUPP_39,0,0,16,13.66,2025-02-01
27,18,SUPP_9,0,0,13,4.42,2025-01-30
28,19,SUPP_15,177,16,14,4.71,2025-12-08
29,19,SUPP_20,463,33,24,3.56,2025-07-25
30,20,SUPP_32,10,5,0,3.69,2025-08-09
31,20,SUPP_13,9,2,0,3.45,2025-08-29
32,21,SUPP_2,0,0,18,18.5,2025-11-06
33,22,SUPP_5,8,3,0,1.2,2025-11-15
34,23,SUPP_37,222,48,19,4.95,2025-07-01
35,24,SUPP_30,246,47,17,0.48,2025-09-14
36,25,SUPP_8,1,1,16,59.9,2025-08-19
37,26,SUPP_17,488,1,17,46.83,2025-07-13
38,26,SUPP_6,329,42,8,11.55,2025-09-20
39,27,SUPP_8,227,9,13,6.84,2025-11-05
40,28,SUPP_13,318,21,30,7.65,2025-07-17
41,29,SUPP_44,123,43,8,2.79,2025-10-27
42,30,SUPP_21,0,0,7,4.25,2025-10-22
43,30,SUPP_25,269,14,18,9.14,2025-07-04
44,31,SUPP_8,292,46,14,1.1,2025-08-24
45,31,SUPP_8,0,0,6,0.75,2025-10-10
46,31,SUPP_27,213,44,30,0.37,2025-09-16
47,32,SUPP_14,13,3,25,6.61,2025-09-13
48,32,SUPP_30,6,1,12,4.91,2025-12-04
49,33,SUPP_12,91,3,24,2.11,2025-11-04
50,33,SUPP_10,0,0,24,1.89,2025-05-26
51,34,SUPP_31,300,29,6,23.74,2025-11-21
52,34,SUPP_36,118,17,8,26.39,2025-11-24
53,34,SUPP_5,0,0,5,16.58,2025-11-12
54,35,SUPP_3,187,26,6,17.47,2025-11-05
55,35,SUPP_6,216,8,22,12.19,2025-07-24
56,35,SUPP_25,390,23,20,19.36,2025-11-11
57,36,SUPP_31,296,22,11,33.58,2025-11-06
58,37,SUPP_6,14,6,0,6.47,2025-07-11
59,38,SUPP_27,389,36,17,6.49,2025-06-28
60,38,SUPP_47,205,24,22,4.18,2025-09-22
61,39,SUPP_23,0,0,9,0.41,2025-08-06
62,39,SUPP_41,0,0,14,1.06,2025-05-16
63,40,SUPP_8,0,0,25,0.17,2025-09-15
64,41,SUPP_24,0,0,22,3.5,2025-06-13
65,42,SUPP_25,391,28,12,55.62,2025-08-09
66,43,SUPP_3,207,0,24,2.32,2025-08-26
67,44,SUPP_46,331,50,15,11.79,2025-12-09
68,45,SUPP_9,240,31,27,5.76,2025-06-29
69,45,SUPP_6,394,30,11,1.42,2025-11-11
70,46,SUPP_26,7,0,0,6.41,2025-07-04
71,46,SUPP_15,17,2,0,8.15,2025-10-28
72,46,SUPP_2,19,5,0,6.92,2025-10-04
73,47,SUPP_25,467,27,9,1.88,2025-07-26
74,48,SUPP_29,358,24,18,10.36,2025-07-17
75,48,SUPP_34,33,0,10,28.9,2025-08-26
76,48,SUPP_2,473,49,26,10.11,2025-12-08
77,49,SUPP_15,18,3,0,0.08,2025-08-06
78,50,SUPP_6,368,21,10,2.99,2025-07-03
79,50,SUPP_50,253,45,7,2.86,2025-07-03
80,51,SUPP_26,488,14,24,0.86,2025-10-01
81,51,SUPP_37,306,14,11,4.69,2025-07-07
82,51,SUPP_8,9,0,21,2.54,2025-08-10
83,52,SUPP_16,365,3,29,0.51,2025-07-30
84,53,SUPP_25,53,4,8,24.94,2025-10-06
85,53,SUPP_12,14,0,18,20.87,2025-09-03
86,54,SUPP_36,268,45,6,44.97,2025-10-09
87,54,SUPP_35,28,11,29,26.01,2025-11-02
88,54,SUPP_9,457,50,11,34.39,2025-07-26
89,55,SUPP_22,13,3,0,4.66,2025-08-30
90,56,SUPP_25,0,0,16,12.18,2025-02-22
91,57,SUPP_13,12,0,0,3.51,2025-10-28
92,58,SUPP_1,69,21,5,0.65,2025-08-04
93,58,SUPP_18,93,28,8,1.92,2025-09-26
94,59,SUPP_6,0,0,16,9.49,2025-09-06
95,59,SUPP_12,0,0,13,9.03,2025-09-10
96,60,SUPP_40,271,48,14,3.01,2025-12-02
97,61,SUPP_14,76,25,5,1.68,2025-07-13
98,61,SUPP_38,363,34,23,1.12,2025-07-21
99,62,SUPP_45,11,1,0,32.4,2025-08-18
100,62,SUPP_14,3,2,0,16.42,2025-12-15
101,62,SUPP_10,1,0,0,38.96,2025-07-30
102,63,SUPP_37,43,17,20,7.09,2025-10-05
103,64,SUPP_49,216,4,12,0.2,2025-11-23
104,64,SUPP_43,293,45,21,0.63,2025-12-02
105,64,SUPP_28,333,32,20,0.32,2025-11-19
106,65,SUPP_20,66,29,23,1.38,2025-10-04
107,65,SUPP_44,62,62,29,0.24,2025-10-20
108,65,SUPP_25,151,21,7,1.31,2025-08-08
109,66,SUPP_45,12,6,0,3.17,2025-11-16
110,66,SUPP_1,1,1,0,1.39,2025-08-27
111,67,SUPP_48,1,1,0,1.03,2025-12-11
112,68,SUPP_33,266,50,9,3.13,2025-11-14
113,68,SUPP_28,241,48,14,3.9,2025-08-25
114,68,SUPP_21,184,31,14,3.45,2025-07-18
115,69,SUPP_17,302,11,29,2.38,2025-08-10
116,69,SUPP_25,412,22,18,1.51,2025-07-21
117,70,SUPP_27,0,0,21,0.62,2025-06-10
118,71,SUPP_21,234,12,18,1.91,2025-11-16
119,72,SUPP_40,382,37,13,15.5,2025-07-17
120,72,SUPP_32,6,2,26,9.05,2025-07-27
121,73,SUPP_34,147,43,11,2.29,2025-11-01
122,74,SUPP_8,370,47,23,17.22,2025-08-20
123,74,SUPP_17,159,21,24,12.18,2025-07-20
124,74,SUPP_40,252,29,14,5.46,2025-10-13
125,75,SUPP_21,146,23,9,9.46,2025-11-10
126,76,SUPP_45,186,50,19,9.96,2025-09-05
127,76,SUPP_9,67,25,24,6.75,2025-10-20
128,77,SUPP_11,323,50,8,1.78,2025-12-02
129,78,SUPP_49,268,15,30,2.92,2025-11-19
130,79,SUPP_48,146,14,17,1.09,2025-08-31
131,80,SUPP_36,0,0,10,2.32,2025-04-29
132,81,SUPP_20,0,0,20,3.35,2025-02-23
133,81,SUPP_47,57,28,18,3.7,2025-12-22
134,82,SUPP_32,13,3,29,17.44,2025-11-11
135,82,SUPP_42,116,30,22,23.68,2025-11-14
136,83,SUPP_2,187,3,28,0.6,2025-11-18
137,83,SUPP_28,245,3,16,0.95,2025-10-18
138,84,SUPP_3,343,40,11,9.5,2025-10-10
139,84,SUPP_44,93,8,21,6.12,2025-08-24
140,84,SUPP_12,14,1,23,12.08,2025-11-03
141,85,SUPP_14,418,34,12,2.3,2025-10-13
142,86,SUPP_41,68,13,21,2.76,2025-11-18
143,86,SUPP_47,0,0,18,3.21,2025-05-06
144,87,SUPP_25,285,33,26,0.57,2025-11-12
145,87,SUPP_26,472,40,23,0.58,2025-08-30
146,87,SUPP_38,180,3,19,0.54,2025-10-04
147,88,SUPP_15,145,9,28,1.63,2025-09-27
148,88,SUPP_9,0,0,28,7.36,2025-10-10
149,89,SUPP_13,10,2,28,5.23,2025-07-10
150,89,SUPP_37,350,26,28,16.2,2025-11-28
151,90,SUPP_1,4,0,15,2.93,2025-11-12
152,90,SUPP_42,311,26,7,1.13,2025-07-21
153,90,SUPP_47,172,47,12,1.77,2025-07-25
154,91,SUPP_27,0,0,15,1.19,2025-08-21
155,91,SUPP_24,0,0,18,0.65,2025-07-20
156,92,SUPP_28,405,20,13,11.23,2025-07-24
157,93,SUPP_46,344,36,18,12.66,2025-07-29
158,94,SUPP_35,233,4,26,9.56,2025-08-31
159,94,SUPP_29,363,40,26,13.9,2025-07-10
160,95,SUPP_47,0,0,27,2.41,2024-12-29
161,96,SUPP_23,32,14,7,4.66,2025-12-11
162,96,SUPP_31,378,9,5,14.68,2025-09-18
163,97,SUPP_13,421,33,21,5.4,2025-07-17
164,97,SUPP_19,182,41,21,1.84,2025-07-26
165,98,SUPP_22,94,10,7,8.23,2025-11-28
166,99,SUPP_5,122,0,27,23.8,2025-11-03
167,100,SUPP_16,243,5,22,6.27,2025-10-25
168,100,SUPP_47,254,10,19,1.81,2025-08-05
169,100,SUPP_44,5,3,17,2.06,2025-07-05
170,101,SUPP_4,0,0,30,3.89,2025-05-01
171,102,SUPP_49,0,0,13,3.58,2025-09-19
172,102,SUPP_17,0,0,26,13.57,2025-10-12
173,103,SUPP_50,9,0,28,11.51,2025-09-01
174,104,SUPP_49,97,47,6,1.91,2025-08-21
175,104,SUPP_47,218,30,16,0.37,2025-09-20
176,105,SUPP_20,324,5,14,0.42,2025-10-25
177,105,SUPP_1,132,0,22,1.2,2025-10-31
178,105,SUPP_19,447,31,8,0.55,2025-07-15
179,106,SUPP_4,7,1,0,24.65,2025-10-10
180,106,SUPP_16,12,0,0,12.51,2025-09-01
181,107,SUPP_37,29,8,7,1.76,2025-08-19
182,107,SUPP_11,208,37,14,2.58,2025-07-23
183,108,SUPP_17,257,22,24,4.07,2025-07-20
184,109,SUPP_39,2,1,5,3.71,2025-11-26
185,110,SUPP_4,11,3,17,2.79,2025-11-13
186,110,SUPP_18,431,44,27,9.07,2025-09-28
187,111,SUPP_23,0,0,29,12.96,2025-01-08
188,112,SUPP_6,9,4,0,5.39,2025-07-21
189,112,SUPP_24,18,9,0,9.7,2025-07-07
190,113,SUPP_26,289,25,16,1.92,2025-12-17
191,114,SUPP_26,202,27,26,9.58,2025-08-24
192,114,SUPP_2,0,0,30,3.5,2025-08-08
193,114,SUPP_47,478,14,20,5.65,2025-10-23
194,115,SUPP_29,15,1,23,0.08,2025-11-04
195,115,SUPP_28,234,34,6,0.06,2025-08-23
196,116,SUPP_22,468,5,20,15.27,2025-11-07
197,116,SUPP_21,206,0,25,14.98,2025-08-07
198,117,SUPP_42,10,1,0,28.28,2025-10-18
199,118,SUPP_13,151,38,10,12.55,2025-11-10
200,119,SUPP_10,356,40,11,3.16,2025-12-11
201,119,SUPP_32,395,37,5,8.39,2025-07-11
202,120,SUPP_39,282,6,8,6.35,2025-09-02
203,120,SUPP_1,447,35,20,3.64,2025-08-23
204,121,SUPP_47,11,3,21,8.42,2025-12-14
205,121,SUPP_33,369,2,11,6.52,2025-12-03
206,121,SUPP_46,32,13,5,8.72,2025-10-23
207,122,SUPP_26,0,0,12,2.78,2025-03-25
208,123,SUPP_27,106,22,12,1.93,2025-07-08
209,123,SUPP_1,14,3,10,13.24,2025-07-20
210,124,SUPP_9,5,5,5,1.52,2025-08-21
211,124,SUPP_39,379,16,5,6.88,2025-07-30
212,125,SUPP_18,201,38,26,7.81,2025-12-01
213,126,SUPP_15,10,1,30,18.21,2025-11-10
214,127,SUPP_9,0,0,12,4.36,2025-11-06
215,127,SUPP_19,104,39,15,2.22,2025-12-17
216,128,SUPP_32,33,5,5,3.91,2025-11-15
217,128,SUPP_21,324,13,7,2.8,2025-12-23
218,129,SUPP_16,0,0,21,21.68,2025-07-30
219,129,SUPP_23,0,0,12,38.92,2025-04-25
220,130,SUPP_48,0,0,23,22.49,2025-05-14
221,131,SUPP_43,8,3,20,0.55,2025-08-06
222,132,SUPP_1,8,2,29,7.52,2025-10-06
223,133,SUPP_2,10,4,22,1.36,2025-10-06
224,134,SUPP_47,0,0,19,0.7,2025-01-29
225,135,SUPP_27,276,0,10,2.16,2025-09-30
226,135,SUPP_4,348,5,17,1.11,2025-06-28
227,135,SUPP_24,458,25,13,1.84,2025-12-16
228,136,SUPP_40,40,17,30,7.2,2025-08-14
229,136,SUPP_9,55,13,23,4.87,2025-08-31
230,137,SUPP_10,11,2,18,0.55,2025-09-06
231,138,SUPP_22,455,5,20,11.18,2025-07-01
232,138,SUPP_44,1,1,23,30.15,2025-10-14
233,139,SUPP_4,276,18,14,3.09,2025-12-24
234,140,SUPP_44,1,0,25,20.65,2025-07-14
235,141,SUPP_19,476,48,9,31.4,2025-09-24
236,142,SUPP_4,294,6,14,3.63,2025-07-15
237,142,SUPP_22,378,4,10,2.28,2025-11-10
238,143,SUPP_28,62,15,30,18.94,2025-11-24
239,144,SUPP_28,455,9,11,30.59,2025-07-29
240,144,SUPP_47,382,23,23,14.09,2025-08-04
241,145,SUPP_23,10,4,0,4.53,2025-11-26
242,146,SUPP_19,479,7,21,19.41,2025-10-30
243,146,SUPP_35,153,28,9,18.9,2025-09-02
244,147,SUPP_27,0,0,26,1.69,2025-05-05
245,147,SUPP_9,0,0,25,1.87,2025-02-23
246,148,SUPP_46,112,47,13,1.89,2025-11-18
247,149,SUPP_16,57,9,26,2.04,2025-11-11
248,150,SUPP_15,297,9,16,1.74,2025-09-18
249,150,SUPP_50,38,11,7,1.73,2025-06-30
250,150,SUPP_20,337,49,30,6.83,2025-08-07
251,151,SUPP_23,472,8,19,0.04,2025-11-26
252,152,SUPP_10,10,0,20,2.66,2025-12-13
253,153,SUPP_19,0,0,19,11.61,2025-01-29
254,154,SUPP_3,167,20,24,4.94,2025-12-18
255,155,SUPP_37,167,1,10,32.17,2025-10-03
256,156,SUPP_6,0,0,29,0.74,2025-01-13
257,156,SUPP_34,0,0,18,0.68,2024-12-26
258,156,SUPP_24,0,0,18,0.3,2025-02-21
259,157,SUPP_19,212,36,17,1.35,2025-09-09
260,157,SUPP_34,217,48,25,7.32,2025-10-06
261,157,SUPP_5,260,4,30,8.28,2025-06-30
262,158,SUPP_13,139,15,8,1.33,2025-07-02
263,159,SUPP_21,472,33,30,1.61,2025-07-31
264,160,SUPP_39,0,0,27,2.21,2025-11-05
265,161,SUPP_33,20,2,24,27.82,2025-12-11
266,162,SUPP_45,0,0,29,22.19,2025-04-22
267,162,SUPP_19,0,0,5,25.21,2025-09-08
268,163,SUPP_27,8,2,6,3.13,2025-07-08
269,164,SUPP_5,13,4,22,11.51,2025-08-08
270,165,SUPP_26,0,0,12,2.43,2025-02-24
271,165,SUPP_40,0,0,24,2.64,2025-10-20
272,166,SUPP_7,0,0,0,4.91,2025-01-06
273,167,SUPP_8,8,0,0,25.86,2025-09-06
274,168,SUPP_16,0,0,12,8.81,2025-10-02
275,168,SUPP_8,0,0,13,9.4,2025-01-21
276,169,SUPP_39,338,12,24,12.86,2025-10-29
277,170,SUPP_1,38,7,12,5.51,2025-11-17
278,170,SUPP_41,113,15,16,2.95,2025-10-02
279,171,SUPP_49,34,2,22,14.12,2025-08-09
280,171,SUPP_40,463,49,30,8.28,2025-08-22
281,172,SUPP_8,6,0,0,1.3,2025-08-18
282,172,SUPP_26,13,1,0,0.54,2025-09-06
283,173,SUPP_30,20,0,0,4.11,2025-08-01
284,173,SUPP_1,0,0,0,2.58,2025-09-10
285,174,SUPP_23,0,0,11,0.55,2025-11-22
286,174,SUPP_35,0,0,11,1.33,2025-06-24
287,174,SUPP_19,0,0,30,0.85,2025-05-06
288,175,SUPP_25,0,0,29,27.28,2025-08-22
289,175,SUPP_37,80,24,24,20.44,2025-10-26
290,175,SUPP_17,228,48,23,13.67,2025-09-06
291,176,SUPP_48,365,45,5,2.36,2025-10-24
292,176,SUPP_6,280,46,14,4.22,2025-10-14
293,177,SUPP_20,181,37,16,1.88,2025-11-15
294,178,SUPP_48,465,40,21,13.41,2025-09-04
295,179,SUPP_44,0,0,27,7.32,2025-01-24
296,179,SUPP_47,200,29,5,9.62,2025-10-12
297,180,SUPP_49,0,0,11,0.69,2025-11-14
298,180,SUPP_34,0,0,22,0.37,2025-06-12
299,181,SUPP_18,7,0,22,0.64,2025-12-07
300,181,SUPP_11,211,50,23,0.96,2025-07-04
301,182,SUPP_14,439,23,24,17.28,2025-07-23
302,183,SUPP_28,336,35,30,3.95,2025-11-02
303,183,SUPP_4,0,0,25,1.99,2025-03-23
304,183,SUPP_19,425,5,8,4.12,2025-08-07
305,184,SUPP_35,168,3,23,3.34,2025-11-12
306,185,SUPP_21,121,7,11,6.84,2025-12-17
307,186,SUPP_20,1,1,0,8.51,2025-07-02
308,186,SUPP_27,8,3,0,7.46,2025-07-07
309,187,SUPP_5,214,22,21,1.98,2025-12-19
310,187,SUPP_26,295,6,23,1.77,2025-11-02
311,187,SUPP_26,54,11,10,1.54,2025-12-17
312,188,SUPP_46,180,1,14,21.41,2025-12-16
313,189,SUPP_5,436,31,15,8.95,2025-07-02
314,190,SUPP_13,422,14,18,3.21,2025-10-07
315,191,SUPP_27,392,22,20,24.8,2025-10-03
316,192,SUPP_5,101,46,15,1.22,2025-11-14
317,192,SUPP_1,3,2,26,0.66,2025-12-06
318,193,SUPP_35,330,30,21,0.89,2025-10-04
319,194,SUPP_39,79,79,8,11.32,2025-09-25
320,194,SUPP_4,181,181,28,12.28,2025-09-30
321,195,SUPP_13,0,0,25,56.53,2025-08-05
322,196,SUPP_50,428,9,5,5.65,2025-08-16
323,197,SUPP_37,182,28,15,1.84,2025-10-28
324,198,SUPP_34,0,0,18,3.01,2025-06-15
325,199,SUPP_5,7,0,0,3.56,2025-07-16
326,200,SUPP_19,275,48,20,5.05,2025-11-27
327,201,SUPP_22,15,4,9,27.91,2025-09-13
328,202,SUPP_8,393,0,13,4.57,2025-07-30
329,202,SUPP_10,173,3,25,7.43,2025-09-16
330,202,SUPP_34,247,247,5,5.7,2025-08-05
331,203,SUPP_13,6,3,19,1.59,2025-10-04
332,204,SUPP_50,34,14,18,19.85,2025-08-30
333,204,SUPP_7,426,23,24,6.77,2025-07-28
334,204,SUPP_43,5,1,15,18.87,2025-12-19
335,205,SUPP_1,419,30,28,0.51,2025-12-21
336,206,SUPP_49,0,0,24,1.49,2025-09-18
337,207,SUPP_46,132,32,14,0.89,2025-08-23
338,207,SUPP_39,0,0,27,1.26,2025-07-11
339,208,SUPP_48,0,0,30,0.08,2025-09-11
340,208,SUPP_44,231,31,18,0.14,2025-10-25
341,208,SUPP_15,423,6,27,0.09,2025-08-18
342,209,SUPP_11,365,18,5,5.45,2025-08-20
343,210,SUPP_15,100,11,24,10.49,2025-08-06
344,210,SUPP_41,0,0,7,10.34,2025-10-13
345,211,SUPP_12,0,0,20,1.24,2025-09-27
346,212,SUPP_41,0,0,22,1.29,2025-04-16
347,213,SUPP_47,75,22,17,0.87,2025-10-31
348,214,SUPP_39,0,0,21,5.44,2025-02-26
349,214,SUPP_8,0,0,21,18.43,2025-10-08
350,215,SUPP_18,182,28,11,0.53,2025-10-18
351,215,SUPP_37,0,0,8,0.21,2025-05-19
352,216,SUPP_14,0,0,10,5.89,2025-02-28
353,217,SUPP_37,227,49,12,10.85,2025-10-02
354,217,SUPP_39,55,6,26,24.07,2025-12-03
355,218,SUPP_7,0,0,16,8.39,2025-09-09
356,219,SUPP_12,0,0,10,2.31,2025-06-10
357,219,SUPP_31,0,0,16,3.84,2025-06-29
358,219,SUPP_8,0,0,28,6.65,2025-10-09
359,220,SUPP_42,452,46,8,4.8,2025-11-25
360,221,SUPP_28,9,1,0,3.19,2025-10-21
361,221,SUPP_10,12,0,0,2.09,2025-07-07
362,222,SUPP_11,45,20,6,7.1,2025-11-24
363,223,SUPP_7,173,1,14,7.94,2025-08-07
364,223,SUPP_31,45,11,9,2.42,2025-08-28
365,224,SUPP_37,413,3,25,4.89,2025-10-27
366,225,SUPP_33,490,3,19,0.37,2025-09-14
367,226,SUPP_4,300,21,22,26.89,2025-08-12
368,226,SUPP_18,166,21,6,25.01,2025-07-20
369,226,SUPP_19,133,32,18,16.81,2025-10-11
370,227,SUPP_32,235,28,12,5.22,2025-09-21
371,228,SUPP_12,2,0,0,1.1,2025-08-09
372,228,SUPP_27,16,5,0,0.62,2025-10-31
373,229,SUPP_32,0,0,7,6.9,2024-12-26
374,230,SUPP_45,3,2,10,6.47,2025-11-07
375,230,SUPP_31,0,0,5,8.81,2025-10-14
376,230,SUPP_31,456,11,15,12.56,2025-09-12
377,231,SUPP_1,159,46,21,28.62,2025-09-10
378,232,SUPP_11,0,0,28,16.14,2025-03-29
379,233,SUPP_27,0,0,25,1.9,2025-08-03
380,233,SUPP_43,418,18,30,2.14,2025-12-14
381,233,SUPP_11,14,4,26,1.2,2025-10-25
382,234,SUPP_26,332,33,8,2.09,2025-09-04
383,235,SUPP_31,20,5,0,44.73,2025-07-15
384,235,SUPP_9,10,4,0,17.09,2025-08-14
385,236,SUPP_22,249,27,22,30.74,2025-11-05
386,237,SUPP_34,158,47,19,5.33,2025-08-26
387,237,SUPP_33,0,0,9,5.62,2025-10-19
388,238,SUPP_34,0,0,20,34.12,2025-07-27
389,238,SUPP_34,0,0,15,27.18,2025-09-10
390,239,SUPP_42,0,0,7,3.05,2025-10-31
391,239,SUPP_42,149,40,22,13.02,2025-11-20
392,239,SUPP_9,13,5,16,8.65,2025-09-07
393,240,SUPP_37,149,9,19,15.46,2025-07-26
394,241,SUPP_25,46,22,30,4.36,2025-11-04
395,242,SUPP_15,0,0,24,6.52,2025-03-03
396,242,SUPP_48,0,0,15,7.61,2025-07-16
397,243,SUPP_37,377,36,6,6.38,2025-09-28
398,244,SUPP_31,6,2,5,9.62,2025-09-09
399,244,SUPP_48,0,0,12,10.38,2025-04-24
400,245,SUPP_4,490,30,30,4.01,2025-09-26
401,246,SUPP_22,138,15,13,13.31,2025-09-18
402,246,SUPP_35,0,0,9,6.31,2025-11-04
403,247,SUPP_5,15,5,0,3.08,2025-09-29
404,248,SUPP_43,14,2,22,5.47,2025-10-25
405,249,SUPP_12,333,26,21,3.41,2025-10-27
406,250,SUPP_13,214,35,30,21.05,2025-11-22
407,251,SUPP_40,288,6,30,2.53,2025-11-16
408,252,SUPP_8,421,13,10,4.28,2025-12-11
409,253,SUPP_23,37,12,5,3.24,2025-10-22
410,253,SUPP_26,0,0,27,2.7,2025-07-16
411,254,SUPP_7,252,11,11,10.54,2025-12-16
412,254,SUPP_16,416,27,15,11.39,2025-09-08
413,255,SUPP_4,5,0,8,7.7,2025-11-13
414,256,SUPP_41,148,0,27,1.66,2025-10-12
415,257,SUPP_19,0,0,7,1.85,2025-02-28
416,258,SUPP_17,0,0,30,14.21,2025-10-05
417,259,SUPP_14,10,0,21,1.74,2025-11-23
418,260,SUPP_50,10,2,0,8.32,2025-10-12
419,260,SUPP_46,7,1,0,5.8,2025-11-15
420,260,SUPP_4,4,1,0,9.7,2025-10-08
421,261,SUPP_32,0,0,16,3.71,2025-09-28
422,261,SUPP_23,397,37,19,7.69,2025-08-29
423,261,SUPP_2,279,40,14,1.81,2025-09-08
424,262,SUPP_28,312,19,28,15.28,2025-07-27
425,262,SUPP_2,4,2,10,4.53,2025-08-08
426,263,SUPP_27,65,15,22,37.62,2025-07-27
427,264,SUPP_28,11,2,23,7.38,2025-10-03
428,265,SUPP_39,12,6,8,0.41,2025-11-29
429,266,SUPP_16,20,0,0,2.94,2025-12-06
430,266,SUPP_45,14,6,0,0.74,2025-08-11
431,266,SUPP_18,7,0,0,0.68,2025-08-15
432,267,SUPP_19,0,0,15,1.39,2025-08-11
433,268,SUPP_25,64,4,25,3.04,2025-12-05
434,268,SUPP_15,152,37,12,6.13,2025-08-14
435,268,SUPP_24,455,25,12,3.44,2025-08-24
436,269,SUPP_29,10,5,12,4.79,2025-10-04
437,269,SUPP_44,246,47,11,0.99,2025-06-28
438,270,SUPP_34,1,0,0,19.01,2025-07-07
439,271,SUPP_46,0,0,13,3.2,2025-01-08
440,271,SUPP_43,0,0,19,1.73,2025-10-23
441,271,SUPP_46,0,0,15,2.75,2025-02-03
442,272,SUPP_28,75,16,23,1.88,2025-12-15
443,272,SUPP_1,9,1,13,6.05,2025-12-12
444,273,SUPP_25,173,23,17,1.85,2025-10-10
445,273,SUPP_28,301,3,28,1.4,2025-10-16
446,274,SUPP_27,11,0,0,2.34,2025-08-22
447,274,SUPP_15,1,0,0,5.56,2025-08-18
448,275,SUPP_22,468,2,20,1.19,2025-11-11
449,275,SUPP_10,30,6,27,1.65,2025-07-02
450,275,SUPP_1,0,0,15,1.51,2025-02-03
451,276,SUPP_17,0,0,24,3.71,2025-09-18
452,276,SUPP_8,0,0,17,5.18,2025-03-03
453,277,SUPP_38,5,4,15,0.76,2025-11-06
454,277,SUPP_43,2,1,9,0.91,2025-09-12
455,278,SUPP_21,32,1,7,2.32,2025-10-07
456,279,SUPP_32,11,4,27,0.6,2025-12-15
457,280,SUPP_32,409,3,19,52.05,2025-07-30
458,281,SUPP_10,440,8,16,2.57,2025-11-28
459,282,SUPP_26,66,29,16,0.22,2025-07-18
460,282,SUPP_14,15,1,9,0.21,2025-10-06
461,282,SUPP_18,227,44,27,0.32,2025-08-16
462,283,SUPP_31,0,0,27,17.86,2025-05-08
463,283,SUPP_38,0,0,28,26.48,2025-09-08
464,284,SUPP_11,25,12,11,9.63,2025-07-26
465,285,SUPP_35,409,48,16,6.84,2025-07-11
466,286,SUPP_7,16,6,0,2.73,2025-09-28
467,286,SUPP_37,9,0,0,1.28,2025-09-11
468,286,SUPP_27,2,2,0,2.0,2025-10-15
469,287,SUPP_15,188,37,24,12.84,2025-07-25
470,287,SUPP_27,0,0,25,8.3,2025-06-28
471,287,SUPP_12,454,23,23,9.4,2025-07-19
472,288,SUPP_3,0,0,17,0.92,2025-11-19
473,289,SUPP_14,101,15,16,3.87,2025-11-04
474,290,SUPP_45,224,2,30,0.79,2025-10-06
475,291,SUPP_11,0,0,13,0.8,2025-05-14
476,291,SUPP_15,0,0,24,1.36,2025-07-06
477,292,SUPP_47,388,3,24,3.84,2025-06-29
478,293,SUPP_1,68,22,25,0.62,2025-12-07
479,294,SUPP_13,0,0,27,19.72,2025-02-26
480,294,SUPP_50,0,0,16,15.47,2025-01-09
481,295,SUPP_42,0,0,16,3.39,2025-07-08
482,295,SUPP_11,0,0,27,7.76,2025-11-18
483,296,SUPP_29,426,37,23,16.65,2025-07-04
484,297,SUPP_39,287,287,18,1.85,2025-07-19
485,297,SUPP_46,311,46,24,1.8,2025-12-16
486,298,SUPP_20,9,1,22,12.42,2025-11-05
487,298,SUPP_11,424,46,24,11.1,2025-08-09
488,299,SUPP_16,373,1,22,4.67,2025-12-03
489,299,SUPP_26,7,2,6,2.26,2025-10-15
490,300,SUPP_7,233,0,26,11.0,2025-11-25
491,300,SUPP_31,130,33,17,5.94,2025-08-27
492,301,SUPP_47,400,33,18,0.41,2025-07-26
493,301,SUPP_9,174,7,15,0.48,2025-10-21
494,301,SUPP_1,351,22,29,0.23,2025-11-13
495,302,SUPP_12,381,49,21,3.28,2025-07-15
496,302,SUPP_19,291,15,13,3.44,2025-11-19
497,303,SUPP_32,500,1,9,1.29,2025-11-04
498,303,SUPP_28,461,13,23,1.99,2025-11-23
499,304,SUPP_25,8,1,0,50.48,2025-09-20
500,305,SUPP_26,0,0,27,3.46,2025-07-16
501,305,SUPP_16,0,0,30,9.07,2025-04-08
502,306,SUPP_21,0,0,20,2.09,2025-10-01
503,306,SUPP_40,8,3,16,2.13,2025-07-25
504,307,SUPP_13,0,0,10,4.25,2025-01-08
505,307,SUPP_47,0,0,15,5.47,2025-02-04
506,308,SUPP_40,0,0,15,24.66,2025-10-11
507,309,SUPP_17,9,4,0,1.3,2025-09-11
508,309,SUPP_33,19,2,0,1.38,2025-08-18
509,309,SUPP_10,15,0,0,2.26,2025-08-11
510,310,SUPP_47,0,0,20,5.64,2024-12-25
511,311,SUPP_27,73,21,13,3.96,2025-10-14
512,312,SUPP_21,0,0,5,1.82,2025-08-02
513,312,SUPP_50,0,0,21,0.5,2025-11-08
514,312,SUPP_2,0,0,16,0.43,2025-06-21
515,313,SUPP_3,0,0,25,29.44,2025-08-02
516,313,SUPP_7,0,0,23,21.27,2025-05-05
517,313,SUPP_21,0,0,18,17.28,2025-09-05
518,314,SUPP_35,8,2,0,8.02,2025-11-16
519,315,SUPP_2,4,3,0,15.07,2025-07-28
520,315,SUPP_28,3,1,0,4.34,2025-08-27
521,316,SUPP_43,0,0,29,2.07,2025-06-26
522,317,SUPP_25,67,5,17,1.63,2025-11-03
523,317,SUPP_15,306,25,10,5.33,2025-07-11
524,318,SUPP_39,0,0,29,8.08,2025-04-07
525,318,SUPP_7,0,0,11,4.54,2025-06-11
526,319,SUPP_34,148,30,26,6.51,2025-08-05
527,319,SUPP_4,153,22,12,8.11,2025-12-03
528,319,SUPP_20,374,11,25,10.27,2025-12-12
529,320,SUPP_49,255,19,5,7.0,2025-12-20
530,320,SUPP_48,185,23,20,7.28,2025-08-24
531,321,SUPP_47,304,30,27,1.27,2025-09-13
532,322,SUPP_49,0,0,30,2.69,2024-12-25
533,322,SUPP_19,0,0,20,0.79,2025-04-15
534,323,SUPP_45,309,39,17,1.77,2025-09-29
535,323,SUPP_28,0,0,22,1.04,2025-08-13
536,324,SUPP_27,261,2,30,1.76,2025-07-17
537,324,SUPP_3,377,29,25,0.55,2025-09-23
538,324,SUPP_35,4,0,24,1.82,2025-08-12
539,325,SUPP_20,3,3,5,1.35,2025-09-07
540,325,SUPP_22,282,24,7,7.78,2025-07-15
541,325,SUPP_49,0,0,9,8.1,2025-02-24
542,326,SUPP_23,6,3,0,12.85,2025-11-16
543,326,SUPP_35,9,4,0,5.37,2025-12-13
544,326,SUPP_23,14,1,0,13.99,2025-12-08
545,327,SUPP_13,0,0,24,0.72,2025-07-01
546,328,SUPP_5,59,6,21,2.37,2025-07-10
547,328,SUPP_19,224,23,22,0.89,2025-08-05
548,329,SUPP_46,165,49,21,31.65,2025-08-22
549,330,SUPP_26,264,16,11,1.52,2025-10-08
550,331,SUPP_24,0,0,16,0.41,2025-02-15
551,332,SUPP_12,311,0,24,0.46,2025-11-27
552,333,SUPP_39,249,46,12,16.38,2025-08-03
553,334,SUPP_39,0,0,26,0.95,2025-03-27
554,335,SUPP_4,6,0,26,13.49,2025-07-16
555,335,SUPP_3,5,3,26,23.78,2025-07-17
556,335,SUPP_19,6,3,20,19.27,2025-08-16
557,336,SUPP_21,3,1,12,14.23,2025-12-15
558,336,SUPP_36,476,40,21,41.95,2025-09-14
559,337,SUPP_5,19,4,0,8.71,2025-10-13
560,338,SUPP_36,0,0,22,0.18,2025-06-05
561,339,SUPP_20,12,4,0,2.45,2025-08-12
562,339,SUPP_28,17,8,0,2.67,2025-08-26
563,339,SUPP_26,11,2,0,2.42,2025-12-18
564,340,SUPP_31,450,16,9,7.64,2025-11-14
565,340,SUPP_6,2,2,12,29.06,2025-07-26
566,341,SUPP_4,0,0,27,1.21,2025-11-04
567,341,SUPP_43,0,0,21,1.28,2025-01-17
568,342,SUPP_33,366,9,8,3.02,2025-09-04
569,343,SUPP_32,288,27,9,1.98,2025-12-03
570,343,SUPP_42,54,17,18,0.59,2025-12-09
571,343,SUPP_47,26,10,20,2.43,2025-12-07
572,344,SUPP_44,0,0,19,30.79,2025-11-11
573,344,SUPP_3,0,0,21,14.71,2025-03-23
574,345,SUPP_9,0,0,26,9.5,2025-09-04
575,345,SUPP_11,0,0,7,6.03,2025-02-05
576,346,SUPP_1,0,0,21,5.17,2025-04-13
577,346,SUPP_38,8,2,8,1.37,2025-10-21
578,347,SUPP_21,20,6,0,3.02,2025-06-30
579,347,SUPP_4,3,3,0,2.72,2025-12-13
580,347,SUPP_27,2,1,0,2.17,2025-07-19
581,348,SUPP_1,15,3,14,13.79,2025-12-09
582,349,SUPP_8,178,46,9,5.95,2025-09-23
583,350,SUPP_48,0,0,28,9.06,2025-02-09
584,351,SUPP_42,146,28,24,1.72,2025-12-09
585,351,SUPP_25,88,16,21,1.3,2025-07-15
586,352,SUPP_5,0,0,15,3.29,2025-08-31
587,353,SUPP_6,80,10,8,5.08,2025-11-08
588,353,SUPP_20,259,2,25,4.89,2025-10-13
589,354,SUPP_13,12,2,14,4.74,2025-07-21
590,354,SUPP_33,348,7,5,2.64,2025-12-17
591,355,SUPP_48,17,1,0,17.12,2025-11-13
592,355,SUPP_38,7,2,0,7.58,2025-12-13
593,356,SUPP_19,205,27,20,11.19,2025-10-12
594,357,SUPP_29,183,26,11,35.72,2025-12-15
595,357,SUPP_46,136,0,5,20.55,2025-12-15
596,357,SUPP_42,313,10,17,36.04,2025-10-27
597,358,SUPP_29,18,7,0,26.06,2025-10-12
598,358,SUPP_30,16,8,0,20.43,2025-08-02
599,359,SUPP_11,0,0,11,25.77,2025-11-18
600,359,SUPP_21,0,0,25,29.31,2025-10-11
601,359,SUPP_4,0,0,30,7.06,2025-05-29
602,360,SUPP_41,0,0,16,2.65,2025-09-09
603,361,SUPP_7,0,0,22,7.21,2025-11-25
604,361,SUPP_27,327,50,27,6.88,2025-09-14
605,362,SUPP_44,476,41,30,6.17,2025-11-29
606,362,SUPP_31,154,31,28,1.41,2025-10-21
607,362,SUPP_9,497,39,13,7.14,2025-08-07
608,363,SUPP_4,311,18,7,0.89,2025-07-04
609,363,SUPP_5,494,39,16,0.21,2025-09-09
610,364,SUPP_29,16,5,0,12.03,2025-10-08
611,365,SUPP_36,20,6,0,3.51,2025-07-14
612,365,SUPP_21,0,0,0,10.02,2024-12-25
613,365,SUPP_8,4,3,0,3.66,2025-07-11
614,366,SUPP_24,0,0,10,2.38,2025-11-04
615,367,SUPP_42,0,0,19,9.41,2025-05-18
616,367,SUPP_24,43,5,29,6.91,2025-09-15
617,368,SUPP_37,466,50,8,1.87,2025-12-14
618,369,SUPP_38,448,26,15,5.3,2025-12-19
619,370,SUPP_11,158,9,10,1.53,2025-07-14
620,371,SUPP_19,219,3,10,4.77,2025-10-26
621,372,SUPP_38,0,0,24,4.33,2025-04-13
622,373,SUPP_49,468,30,13,3.41,2025-12-24
623,374,SUPP_6,290,8,19,0.37,2025-12-23
624,374,SUPP_46,327,49,18,0.79,2025-11-09
625,375,SUPP_3,289,34,20,0.7,2025-11-13
626,375,SUPP_45,5,0,24,0.54,2025-11-23
627,376,SUPP_30,433,34,23,9.18,2025-09-06
628,377,SUPP_24,278,14,7,10.75,2025-09-27
629,377,SUPP_37,141,6,25,29.76,2025-10-22
630,377,SUPP_47,412,50,16,10.6,2025-10-26
631,378,SUPP_39,5,1,16,2.6,2025-07-09
632,379,SUPP_7,417,28,25,1.31,2025-11-22
633,379,SUPP_40,199,33,17,0.65,2025-10-22
634,380,SUPP_17,0,0,26,32.67,2025-11-04
635,381,SUPP_35,343,3,5,18.32,2025-12-15
636,382,SUPP_15,289,25,7,2.86,2025-10-04
637,382,SUPP_13,35,8,22,3.3,2025-10-22
638,383,SUPP_2,260,1,12,12.95,2025-12-11
639,384,SUPP_10,343,3,18,1.09,2025-09-16
640,385,SUPP_27,499,41,17,8.03,2025-09-28
641,386,SUPP_42,0,0,6,9.98,2025-11-07
642,387,SUPP_45,51,3,8,2.48,2025-11-30
643,388,SUPP_11,7,1,0,5.1,2025-07-14
644,388,SUPP_23,12,2,0,2.24,2025-07-17
645,389,SUPP_10,453,38,9,2.41,2025-12-08
646,390,SUPP_2,231,16,26,2.41,2025-08-01
647,390,SUPP_8,280,50,11,1.97,2025-12-14
648,391,SUPP_20,0,0,18,1.86,2025-09-09
649,391,SUPP_47,176,43,25,1.16,2025-07-17
650,392,SUPP_28,351,36,27,7.66,2025-11-29
651,393,SUPP_35,0,0,29,1.36,2025-07-16
652,393,SUPP_43,0,0,5,6.96,2025-06-27
653,394,SUPP_7,117,41,12,4.0,2025-12-01
654,395,SUPP_8,287,33,11,15.02,2025-09-01
655,395,SUPP_7,358,39,24,17.7,2025-09-21
656,396,SUPP_21,0,0,29,0.64,2025-07-27
657,397,SUPP_23,319,37,15,7.95,2025-10-15
658,398,SUPP_42,16,2,0,12.2,2025-09-30
659,398,SUPP_42,13,1,0,14.38,2025-10-25
660,399,SUPP_35,137,12,22,36.22,2025-09-30
661,399,SUPP_3,7,1,24,22.72,2025-10-12
662,399,SUPP_17,351,31,5,19.48,2025-10-04
663,400,SUPP_16,0,0,25,4.61,2025-10-20
664,400,SUPP_45,0,0,23,2.45,2025-03-22
665,401,SUPP_32,306,10,19,1.38,2025-08-31
666,401,SUPP_37,55,1,16,0.74,2025-11-27
667,401,SUPP_38,132,13,25,1.79,2025-07-05
668,402,SUPP_25,354,24,9,4.39,2025-08-18
669,403,SUPP_24,290,46,19,4.15,2025-09-11
670,403,SUPP_2,374,29,14,5.16,2025-09-30
671,404,SUPP_48,63,1,25,0.49,2025-11-04
672,405,SUPP_30,291,25,12,12.66,2025-10-07
673,405,SUPP_50,478,15,18,49.23,2025-09-24
674,405,SUPP_33,349,44,16,36.74,2025-08-07
675,406,SUPP_41,14,2,20,9.41,2025-08-01
676,407,SUPP_8,87,43,22,2.46,2025-11-27
677,408,SUPP_38,9,4,0,5.63,2025-11-05
678,408,SUPP_2,13,6,0,4.65,2025-08-05
679,408,SUPP_19,6,2,0,14.32,2025-09-22
680,409,SUPP_32,0,0,28,31.07,2025-07-23
681,409,SUPP_4,0,0,30,13.88,2025-07-02
682,410,SUPP_36,383,44,14,3.54,2025-08-31
683,411,SUPP_45,390,41,10,1.16,2025-09-20
684,411,SUPP_34,353,8,27,0.65,2025-08-17
685,411,SUPP_5,239,48,25,0.47,2025-07-29
686,412,SUPP_38,0,0,26,6.21,2025-07-05
687,413,SUPP_10,353,43,26,0.46,2025-08-31
688,414,SUPP_45,167,41,26,5.22,2025-11-25
689,415,SUPP_44,99,46,12,6.96,2025-11-10
690,416,SUPP_33,396,43,5,4.12,2025-11-03
691,417,SUPP_23,158,32,24,1.95,2025-09-14
692,417,SUPP_25,195,1,16,1.12,2025-12-08
693,418,SUPP_33,6,0,22,0.94,2025-12-08
694,419,SUPP_45,0,0,16,1.59,2025-11-21
695,419,SUPP_24,0,0,11,0.63,2025-06-04
696,420,SUPP_42,3,3,5,4.28,2025-07-12
697,420,SUPP_36,0,0,15,8.2,2025-01-04
698,421,SUPP_7,329,29,17,50.94,2025-12-11
699,421,SUPP_28,39,5,21,52.49,2025-09-07
700,421,SUPP_16,379,42,22,11.1,2025-07-29
701,422,SUPP_11,0,0,21,10.63,2025-09-02
702,422,SUPP_23,6,0,5,18.01,2025-07-28
703,423,SUPP_4,296,0,13,2.51,2025-11-21
704,424,SUPP_1,0,0,29,0.35,2025-04-17
705,424,SUPP_27,11,0,28,1.23,2025-10-20
706,425,SUPP_39,469,14,21,1.1,2025-10-21
707,426,SUPP_18,17,4,0,18.36,2025-10-01
708,427,SUPP_37,355,6,19,5.87,2025-12-22
709,428,SUPP_21,0,0,5,12.4,2025-10-19
710,428,SUPP_31,0,0,12,5.71,2025-01-13
711,428,SUPP_31,0,0,19,3.53,2025-08-08
712,429,SUPP_21,120,16,16,0.6,2025-08-25
713,429,SUPP_49,273,9,15,1.05,2025-09-06
714,429,SUPP_32,28,1,14,1.01,2025-07-05
715,430,SUPP_46,379,30,17,5.76,2025-12-13
716,431,SUPP_44,437,22,14,12.4,2025-10-02
717,432,SUPP_12,356,0,20,1.13,2025-08-02
718,432,SUPP_33,116,36,20,2.22,2025-10-17
719,432,SUPP_26,312,41,7,1.1,2025-09-25
720,433,SUPP_17,349,46,23,6.21,2025-10-20
721,433,SUPP_9,188,32,23,1.36,2025-07-24
722,434,SUPP_14,114,1,13,5.25,2025-07-27
723,434,SUPP_11,288,20,5,8.83,2025-12-09
724,434,SUPP_32,0,0,21,17.36,2025-09-22
725,435,SUPP_2,18,2,0,1.35,2025-08-13
726,435,SUPP_32,0,0,0,2.13,2025-05-05
727,436,SUPP_24,0,0,19,1.37,2025-09-24
728,437,SUPP_15,295,49,17,7.79,2025-11-26
729,438,SUPP_35,13,4,21,6.77,2025-09-10
730,439,SUPP_36,126,0,6,8.36,2025-10-05
731,440,SUPP_39,316,43,20,9.21,2025-11-16
732,441,SUPP_48,11,5,11,2.55,2025-08-07
733,442,SUPP_6,10,5,0,2.86,2025-07-14
734,442,SUPP_35,6,3,0,4.77,2025-09-19
735,443,SUPP_31,2,0,5,36.97,2025-11-22
736,444,SUPP_5,6,1,0,1.99,2025-08-04
737,444,SUPP_42,1,0,0,1.79,2025-07-23
738,445,SUPP_23,7,1,27,8.33,2025-09-11
739,446,SUPP_42,388,13,23,27.43,2025-08-02
740,446,SUPP_12,315,4,11,18.52,2025-12-07
741,447,SUPP_23,213,31,11,6.61,2025-12-13
742,447,SUPP_45,451,45,13,4.7,2025-07-01
743,448,SUPP_29,0,0,13,4.74,2025-08-27
744,448,SUPP_42,0,0,11,2.13,2025-09-11
745,449,SUPP_18,134,46,13,10.88,2025-08-27
746,449,SUPP_24,25,9,5,9.84,2025-12-05
747,450,SUPP_27,0,0,22,6.67,2025-07-23
748,451,SUPP_50,0,0,16,2.0,2025-01-28
749,451,SUPP_4,0,0,9,7.4,2025-01-05
750,452,SUPP_24,0,0,13,5.59,2025-09-05
751,453,SUPP_19,289,42,30,15.24,2025-09-05
752,453,SUPP_42,0,0,12,9.54,2025-05-13
753,453,SUPP_45,72,20,27,5.28,2025-09-12
754,454,SUPP_3,14,5,0,1.19,2025-09-28
755,455,SUPP_9,5,4,0,39.8,2025-07-22
756,455,SUPP_32,12,1,0,41.03,2025-10-30
757,456,SUPP_16,0,0,18,2.02,2025-10-01
758,456,SUPP_46,0,0,26,4.87,2025-10-25
759,457,SUPP_42,2,2,0,5.6,2025-12-08
760,457,SUPP_38,18,3,0,3.77,2025-12-10
761,458,SUPP_17,8,2,9,0.52,2025-07-11
762,459,SUPP_43,0,0,19,4.69,2025-05-05
763,460,SUPP_15,497,34,23,7.05,2025-09-19
764,460,SUPP_33,264,44,5,1.38,2025-09-21
765,461,SUPP_49,147,15,13,10.96,2025-11-25
766,461,SUPP_12,0,0,12,17.82,2025-08-12
767,461,SUPP_10,467,39,11,15.19,2025-07-25
768,462,SUPP_37,6,1,0,6.66,2025-12-21
769,462,SUPP_35,10,1,0,2.17,2025-12-22
770,462,SUPP_18,3,3,0,9.08,2025-08-11
771,463,SUPP_33,148,29,27,1.0,2025-12-03
772,464,SUPP_18,43,21,22,1.87,2025-07-15
773,465,SUPP_48,129,36,21,2.82,2025-08-21
774,465,SUPP_18,0,0,28,2.8,2025-07-12
775,466,SUPP_13,1,1,30,47.74,2025-07-18
776,467,SUPP_34,0,0,12,1.73,2025-08-27
777,468,SUPP_50,175,21,19,0.79,2025-08-04
778,469,SUPP_15,499,4,18,1.24,2025-11-08
779,470,SUPP_14,118,45,25,7.18,2025-09-30
780,471,SUPP_18,1,1,10,5.49,2025-11-03
781,472,SUPP_16,3,3,0,1.56,2025-07-09
782,473,SUPP_2,0,0,30,13.47,2025-09-16
783,474,SUPP_38,11,0,0,1.23,2025-12-24
784,474,SUPP_46,5,3,0,1.37,2025-11-25
785,475,SUPP_14,450,5,8,10.33,2025-12-12
786,476,SUPP_35,291,30,21,8.54,2025-10-11
787,476,SUPP_11,166,3,30,7.62,2025-09-15
788,476,SUPP_39,366,23,16,36.47,2025-08-23
789,477,SUPP_11,109,45,28,2.77,2025-08-06
790,478,SUPP_34,188,19,13,10.81,2025-10-31
791,479,SUPP_39,156,9,10,5.89,2025-07-20
792,480,SUPP_3,0,0,7,0.95,2025-09-09
793,481,SUPP_17,7,0,0,2.02,2025-07-20
794,482,SUPP_18,5,1,0,0.94,2025-08-19
795,482,SUPP_36,3,1,0,2.79,2025-11-09
796,483,SUPP_43,395,15,23,23.35,2025-12-22
797,484,SUPP_32,12,3,17,1.14,2025-11-29
798,484,SUPP_9,115,24,8,1.57,2025-09-15
799,484,SUPP_19,314,5,19,1.89,2025-07-17
800,485,SUPP_20,493,493,5,6.36,2025-10-17
