product_id,product_name,sku,category_id,category,sub_category,brand,cost_price,sell_price,launch_date,weight,dimensions,color,size,material,supplier_id
1,Fitbit Pro Pro 128GB,FIT-SMAR-00001,11,Smartphones,NaN,Fitbit,349.91,509.16,2023-10-11,3.29,59.3x24.0x52.2,Blue,256GB,Stainless Steel,
2,Crate & Barrel TV Stand Leather,CRA-LIVI-00002,70,Living Room Furniture,Bestseller,Crate & Barrel,325.9,934.87,2021-04-28,35.75,5.5x64.1x42.1,Navy,NaN,Bamboo,
3,Nestle Coffee Beans,NES-BEVE-00003,46,Beverages,Bestseller,Nestle,19.02,55.38,2016-12-21,2.25,31.9x76.1x58.5,Black,NaN,NaN,
4,Yeti Yoga Block Set,YET-YOGA-00004,75,Yoga & Pilates,NaN,Yeti,115.01,147.53,2016-12-19,8.87,45.2x6.1x5.2,NaN,NaN,NaN,
5,Sony Bluetooth Speaker Rose Gold,SON-SPEA-00005,63,Speakers,NaN,Sony,786.16,993.19,2025-05-22,3.97,28.0x60.2x10.7,White,NaN,Stainless Steel,
6,The North Face Elliptical Trainer,THE-CARD-00006,73,Cardio Machines,Featured,The North Face,52.82,119.78,2017-05-27,8.51,43.8x12.8x16.8,Space Gray,NaN,NaN,
7,Apple Soundbar System,APP-SPEA-00007,63,Speakers,NaN,Apple,741.57,1181.48,2024-12-16,2.94,57.2x61.6x6.4,Blue,256GB,Plastic,
8,Microsoft Standard Pro 64GB,MIC-SMAR-00008,11,Smartphones,NaN,Microsoft,621.64,870.7,2024-12-06,3.4,61.2x78.4x57.8,White,32GB,Stainless Steel,
9,Dyson Executive Desk Leather,DYS-OFFI-00009,72,Office Furniture,NaN,Dyson,224.77,564.82,2017-11-04,16.99,39.2x70.8x33.0,Silver,NaN,NaN,
10,LG Noise Cancelling Headphones,LG-HEAD-00010,62,Headphones,NaN,LG,441.06,1211.32,2016-03-27,1.77,16.5x12.4x23.3,Black,NaN,Aluminum,
11,Cuisinart Blender Space Gray,CUI-KITC-00011,23,Kitchen,Bestseller,Cuisinart,262.73,496.19,2024-11-01,20.46,60.4x39.7x54.0,Brown,NaN,NaN,
12,Under Armour Mens Jeans Beige XL,UND-MENS-00012,65,Mens Pants,Bestseller,Under Armour,149.7,224.0,2018-01-02,0.25,33.3x43.3x20.0,Silver,XXL,Linen,
13,REI Pool Float,REI-WATE-00013,30,Water Sports,New Arrivals,REI,64.41,119.0,2018-12-19,3.77,68.3x19.9x4.5,Orange,NaN,NaN,
14,Estee Lauder Body Mist,EST-FRAG-00014,35,Fragrances,Featured,Estee Lauder,94.61,152.07,2023-01-12,0.75,40.1x15.7x55.6,Gold,NaN,NaN,
15,Gap Mens Dress Pants Silver,GAP-MENS-00015,65,Mens Pants,Bestseller,Gap,69.29,185.9,2026-03-04,1.65,17.7x57.3x48.0,Red,M,Linen,
16,Samsung iPhone 1 Pro Max 256GB,SAM-IPHO-00016,57,iPhone,NaN,Samsung,342.32,692.72,2017-01-05,4.73,97.3x66.7x10.1,Space Gray,512GB,Aluminum,
17,Unilever Olive Oil,UNI-PANT-00017,47,Pantry Staples,NaN,Unilever,18.67,50.12,2020-02-23,6.53,55.9x68.0x26.2,NaN,NaN,NaN,
18,GNC First Aid Kit,GNC-MEDI-00018,55,Medical Supplies,Clearance,GNC,182.18,397.05,2025-10-17,5.74,31.7x8.6x30.4,NaN,NaN,NaN,
19,Puma Womens Sweater Gray,PUM-TOPS-00019,68,Tops,NaN,Puma,95.5,219.56,2020-09-24,1.5,58.5x25.3x13.2,Silver,XL,Polyester,
20,Silent Waters by Emily White,HAC-NONF-00020,37,Non-Fiction,NaN,Hachette,58.69,142.38,2018-03-06,0.0,NaN,Gray,NaN,NaN,
21,Scotts TV Stand Metal,SCO-LIVI-00021,70,Living Room Furniture,Bestseller,Scotts,232.08,389.41,2019-11-29,4.94,75.6x64.9x45.3,NaN,NaN,Plastic,
22,The Great Adventure Blu-ray,SON-MOVI-00022,39,Movies,Featured,Sony Music,20.88,62.07,2018-06-17,0.0,NaN,NaN,NaN,NaN,
23,KitchenAid Modern Table,KIT-FURN-00023,22,Furniture,Bestseller,KitchenAid,143.69,254.81,2018-07-21,25.5,81.3x23.7x46.2,NaN,NaN,NaN,
24,Unilever Coffee Beans,UNI-BEVE-00024,46,Beverages,Bestseller,Unilever,7.67,19.59,2021-12-18,4.16,97.1x28.9x42.2,White,NaN,NaN,
25,Dell Wireless Audio System,DEL-AUDI-00025,13,Audio Equipment,Featured,Dell,758.83,1421.95,2020-04-30,1.93,19.7x71.3x52.5,Black,256GB,Glass,
26,"Canon X1 Laptop 27"" 64GB",CAN-LAPT-00026,12,Laptops,NaN,Canon,718.38,1484.84,2020-07-25,3.1,30.7x33.2x52.2,Silver,64GB,Glass,
27,Ralph Lauren Athletic Shoes Rose Gold,RAL-FOOT-00027,20,Footwear,NaN,Ralph Lauren,118.6,266.52,2019-07-15,0.56,41.7x56.1x51.2,Purple,XS,Leather,
28,Adidas Mountain Bike Space Gray,ADI-CYCL-00028,31,Cycling,Featured,Adidas,125.15,298.62,2023-09-26,0.86,56.0x68.9x59.9,NaN,NaN,NaN,
29,Dyson Executive Desk Fabric,DYS-OFFI-00029,72,Office Furniture,NaN,Dyson,97.79,129.61,2021-05-04,17.19,55.5x35.4x20.4,Green,NaN,Wood,
30,Craftsman Tool Box,CRA-TOOL-00030,51,Tools,New Arrivals,Craftsman,190.01,386.41,2016-10-06,6.94,40.1x70.0x12.7,Navy,NaN,NaN,
31,Pantene Shampoo,PAN-HAIR-00031,34,Hair Care,Bestseller,Pantene,21.56,51.19,2024-04-18,1.01,31.4x43.9x3.8,NaN,NaN,NaN,
32,Clinique Styling Gel,CLI-HAIR-00032,34,Hair Care,Bestseller,Clinique,97.32,160.4,2025-10-16,5.34,42.1x43.7x45.7,Gold,NaN,NaN,
33,Solo Artist CD Collection,SIM-MUSI-00033,38,Music,Seasonal,Simon & Schuster,40.05,62.37,2024-04-02,0.0,NaN,NaN,NaN,NaN,
34,Weber TV Stand Metal,WEB-LIVI-00034,70,Living Room Furniture,Bestseller,Weber,352.17,946.98,2018-03-20,4.92,18.1x18.6x45.6,Gray,NaN,NaN,
35,Dyson Comforter Set Beige,DYS-BEDD-00035,24,Bedding,Featured,Dyson,382.92,601.24,2021-01-25,2.3,28.0x62.0x28.9,NaN,NaN,Fabric,
36,Samsung Smart Watch Purple,SAM-WEAR-00036,15,Wearable Technology,NaN,Samsung,714.09,1213.75,2021-03-13,2.77,18.2x20.5x54.9,Blue,NaN,Aluminum,
37,Scotts Bookshelf Wood,SCO-OFFI-00037,72,Office Furniture,NaN,Scotts,244.92,660.53,2016-09-26,32.73,85.0x27.5x54.1,NaN,NaN,Bamboo,
38,Gap Mens Shelf Space Gray XL,GAP-MENS-00038,17,Mens Clothing,Seasonal,Gap,90.06,153.42,2021-09-27,1.08,72.3x65.6x48.4,Black,S,Denim,
39,Mattel Strategy Game,MAT-BOAR-00039,41,Board Games,Seasonal,Mattel,22.65,59.03,2016-04-28,5.26,85.0x7.3x16.5,NaN,NaN,NaN,
40,Organic Valley Organic Pasta,ORG-PANT-00040,47,Pantry Staples,NaN,Organic Valley,10.26,28.74,2016-01-02,9.35,53.3x5.4x4.6,Navy,NaN,NaN,
41,Olay Lipstick Green,OLA-MAKE-00041,33,Makeup,NaN,Olay,130.87,199.76,2016-08-28,3.65,58.7x59.1x46.6,NaN,NaN,NaN,
42,Garmin Digital Camera Gold,GAR-CAME-00042,14,Cameras,Clearance,Garmin,724.78,1313.65,2023-09-01,0.72,49.0x67.6x5.5,Blue,NaN,Glass,
43,Braun Vitamin C,BRA-VITA-00043,53,Vitamins,Featured,Braun,148.57,259.85,2016-07-14,0.33,71.3x20.9x56.6,Red,NaN,NaN,
44,Scotts Wall Art Print,SCO-HOME-00044,26,Home Decor,NaN,Scotts,159.69,326.93,2019-11-10,49.96,99.9x37.8x4.5,White,NaN,Glass,
45,Barbie STEM Learning Kit,BAR-EDUC-00045,44,Educational Toys,New Arrivals,Barbie,77.28,217.29,2018-01-22,3.61,38.3x44.4x39.6,NaN,NaN,NaN,
46,Pottery Barn Comforter Set Red,POT-BEDD-00046,24,Bedding,Featured,Pottery Barn,144.94,269.64,2016-05-04,6.35,94.4x18.3x15.1,NaN,NaN,NaN,
47,Williams-Sonoma Table Lamp White,WIL-HOME-00047,26,Home Decor,NaN,Williams-Sonoma,67.14,85.17,2024-01-20,32.72,50.6x28.5x51.3,NaN,NaN,Plastic,
48,"JBL 5000 Laptop 27"" 512GB",JBL-LAPT-00048,12,Laptops,NaN,JBL,427.0,746.22,2023-03-29,0.21,51.8x21.7x13.5,Space Gray,128GB,Stainless Steel,
49,General Mills Natural Pants,GEN-ORGA-00049,48,Organic Foods,Seasonal,General Mills,3.38,8.98,2018-06-14,1.7,78.5x44.7x16.0,Purple,NaN,NaN,
50,Philips Pulse Oximeter,PHI-WELL-00050,56,Wellness Devices,NaN,Philips,111.09,175.24,2016-07-14,6.92,81.9x15.3x57.5,Silver,NaN,NaN,
51,Adidas Mens Cabinet Blue S,ADI-MENS-00051,17,Mens Clothing,Seasonal,Adidas,80.28,188.65,2025-03-16,0.15,6.5x67.0x15.2,White,XXL,Wool,
52,Kelloggs Natural Table,KEL-ORGA-00052,48,Organic Foods,Seasonal,Kelloggs,36.11,105.12,2020-02-05,7.37,75.5x74.0x26.7,NaN,NaN,NaN,
53,Williams-Sonoma Kitchen Shirt Set,WIL-KITC-00053,23,Kitchen,Bestseller,Williams-Sonoma,436.88,1144.2,2024-06-06,42.3,40.7x36.7x34.9,Orange,NaN,Wood,
54,Microsoft iPhone 1 Pro Max 512GB,MIC-IPHO-00054,57,iPhone,NaN,Microsoft,568.9,1494.0,2025-06-18,4.52,35.2x59.9x25.9,White,1TB,Plastic,
55,Weber Garden Tool Set,WEB-GARD-00055,25,Garden Supplies,New Arrivals,Weber,103.04,304.12,2024-05-20,4.27,25.7x52.9x31.8,Blue,NaN,NaN,
56,Trek Yoga Mat Pink,TRE-YOGA-00056,75,Yoga & Pilates,NaN,Trek,169.86,409.39,2025-10-15,4.29,22.9x54.7x6.8,NaN,NaN,NaN,
57,Logitech Soundbar System,LOG-SPEA-00057,63,Speakers,NaN,Logitech,330.24,864.44,2018-12-25,1.33,44.7x15.6x42.4,Blue,NaN,Carbon Fiber,
58,Thule Brake Pads,THU-CARP-00058,49,Car Parts,NaN,Thule,48.85,68.4,2017-11-16,6.18,81.2x16.9x53.6,Silver,NaN,NaN,
59,Levis Running Shoes White,LEV-FOOT-00059,20,Footwear,NaN,Levis,137.58,234.15,2022-01-11,0.79,36.1x65.5x12.6,Green,S,Denim,
60,Journey Home by Emily White,HAC-NONF-00060,37,Non-Fiction,NaN,Hachette,75.29,125.84,2016-11-21,0.0,NaN,Black,NaN,NaN,
61,Journey Home Hardcover Edition,HAC-FICT-00061,36,Fiction,NaN,Hachette,25.6,57.63,2023-06-24,0.0,NaN,Black,NaN,NaN,
62,Bose Smart Watch Brown,BOS-WEAR-00062,15,Wearable Technology,NaN,Bose,699.22,1379.33,2017-06-17,1.25,54.1x61.7x43.3,Blue,NaN,Aluminum,
63,LOreal Styling Gel,LOR-HAIR-00063,34,Hair Care,Bestseller,LOreal,147.53,406.16,2022-08-13,9.79,75.6x15.5x46.6,NaN,NaN,NaN,
64,Gap Mens Winter Coat Blue,GAP-MENS-00064,66,Mens Outerwear,NaN,Gap,11.1,25.71,2024-04-28,1.26,92.0x16.2x15.2,Pink,XL,Polyester,
65,Estee Lauder Lipstick Navy,EST-MAKE-00065,33,Makeup,NaN,Estee Lauder,22.61,61.02,2018-06-07,6.18,21.5x45.2x9.5,Blue,NaN,NaN,
66,Neutrogena Body Mist,NEU-FRAG-00066,35,Fragrances,Featured,Neutrogena,73.42,203.17,2020-02-27,7.51,20.1x23.9x19.0,NaN,NaN,NaN,
67,Hot Wheels Empire Board Game,HOT-BOAR-00067,41,Board Games,Seasonal,Hot Wheels,34.0,60.49,2023-12-03,5.87,65.0x25.1x50.5,NaN,NaN,NaN,
68,Maybelline Styling Gel,MAY-HAIR-00068,34,Hair Care,Bestseller,Maybelline,58.48,145.25,2023-12-17,2.03,33.6x54.5x28.0,NaN,NaN,NaN,
69,Nestle Natural Table,NES-ORGA-00069,48,Organic Foods,Seasonal,Nestle,30.51,64.86,2019-05-25,8.31,38.9x52.0x2.2,NaN,NaN,NaN,
70,Fitbit Pre-Workout,FIT-FITN-00070,54,Fitness Supplements,Clearance,Fitbit,50.49,114.91,2026-02-04,8.47,84.6x47.9x47.8,NaN,NaN,NaN,
71,Calvin Klein Womens Blouse Red M,CAL-TOPS-00071,68,Tops,NaN,Calvin Klein,42.62,110.38,2017-01-28,0.76,90.1x45.7x10.6,Orange,XS,Denim,
72,Cuisinart Executive Desk Wood,CUI-OFFI-00072,72,Office Furniture,NaN,Cuisinart,205.44,462.01,2022-08-02,41.81,52.6x41.6x29.3,Black,NaN,NaN,
73,Nerf Fashion Doll,NER-DOLL-00073,43,Dolls,Seasonal,Nerf,37.95,104.94,2020-08-28,9.85,62.0x11.3x39.4,NaN,NaN,NaN,
74,Cuisinart Lawn Mower,CUI-GARD-00074,25,Garden Supplies,New Arrivals,Cuisinart,343.35,746.97,2025-03-07,17.8,18.8x72.6x8.7,NaN,NaN,NaN,
75,Adidas Womens Sweater Pink,ADI-TOPS-00075,68,Tops,NaN,Adidas,120.46,339.97,2017-07-21,0.1,13.8x46.0x53.7,Gray,XS,Leather,
76,Crate & Barrel Table Lamp Pink,CRA-HOME-00076,26,Home Decor,NaN,Crate & Barrel,440.08,845.51,2025-06-11,44.73,90.3x25.2x36.9,Red,NaN,Glass,
77,Silent Waters Guide Book,SON-NONF-00077,37,Non-Fiction,NaN,Sony Music,38.52,46.43,2019-07-19,0.0,NaN,Yellow,NaN,NaN,
78,Silent Waters Blu-ray,HAR-MOVI-00078,39,Movies,Featured,HarperCollins,48.44,88.98,2023-09-16,0.0,NaN,NaN,NaN,NaN,
79,Pantene Cologne,PAN-FRAG-00079,35,Fragrances,Featured,Pantene,15.57,41.54,2017-03-12,5.35,49.1x36.8x16.5,NaN,NaN,NaN,
80,Centrum Massage Gun,CEN-WELL-00080,56,Wellness Devices,NaN,Centrum,31.0,85.74,2026-03-30,6.16,88.8x28.7x7.4,Beige,NaN,NaN,
81,Zara Mens Winter Coat Purple,ZAR-MENS-00081,66,Mens Outerwear,NaN,Zara,52.49,123.92,2021-02-28,0.42,75.6x33.1x50.0,Yellow,M,Silk,
82,Lenovo Portable Speaker Gold,LEN-SPEA-00082,63,Speakers,NaN,Lenovo,410.61,931.55,2022-01-04,3.94,11.2x79.8x18.1,Black,NaN,Carbon Fiber,
83,Mystery of Time by Emily White,PEN-NONF-00083,37,Non-Fiction,NaN,Penguin,18.01,35.12,2016-07-04,0.0,NaN,NaN,NaN,NaN,
84,Cuisinart Kitchen Table Set,CUI-KITC-00084,23,Kitchen,Bestseller,Cuisinart,420.1,1161.5,2022-06-09,1.84,48.1x45.8x46.7,NaN,NaN,Metal,
85,REI Mountain Bike Pink,REI-CYCL-00085,31,Cycling,Featured,REI,65.61,191.07,2021-08-29,3.96,66.7x20.7x4.7,NaN,NaN,NaN,
86,Kelloggs Green Tea,KEL-BEVE-00086,46,Beverages,Bestseller,Kelloggs,48.21,117.94,2018-08-06,0.96,59.6x10.4x54.3,Pink,NaN,NaN,
87,Unilever Organic Table,UNI-ORGA-00087,48,Organic Foods,Seasonal,Unilever,7.86,23.29,2022-01-14,9.8,82.0x59.1x12.0,NaN,NaN,NaN,
88,Gap Kids Hoodie Beige,GAP-KIDS-00088,19,Kids Clothing,NaN,Gap,144.2,332.31,2025-10-21,1.69,97.5x74.8x35.5,White,L,Nylon,
89,Sony iPhone 14 Pro Max 128GB,SON-IPHO-00089,57,iPhone,NaN,Sony,283.5,513.91,2019-11-27,4.07,72.5x11.7x13.6,Gold,256GB,Plastic,
90,Levis Womens Sweater Pink,LEV-TOPS-00090,68,Tops,NaN,Levis,54.02,85.57,2024-01-23,1.15,14.5x36.8x46.2,Blue,XXL,Linen,
91,General Mills Organic Pants,GEN-ORGA-00091,48,Organic Foods,Seasonal,General Mills,27.72,59.47,2021-06-21,7.83,80.2x60.1x19.5,Brown,NaN,NaN,
92,Sony Pixel 7 64GB,SON-ANDR-00092,58,Android Phones,New Arrivals,Sony,208.67,476.17,2017-08-09,4.63,65.6x16.0x21.4,Gold,NaN,Plastic,
93,Fitbit Soundbar System,FIT-SPEA-00093,63,Speakers,NaN,Fitbit,662.55,899.07,2019-05-17,4.76,57.2x16.9x56.2,Gold,NaN,Stainless Steel,
94,Meguiars Seat Covers Black,MEG-CARA-00094,50,Car Accessories,Clearance,Meguiars,234.32,548.84,2017-12-25,7.58,93.0x55.6x52.8,Green,NaN,NaN,
95,Patagonia Hiking Backpack Silver,PAT-OUTD-00095,28,Outdoor Recreation,New Arrivals,Patagonia,77.86,133.22,2024-11-25,1.43,18.5x10.5x37.8,NaN,NaN,NaN,
96,Pottery Barn Cotton Sheet Set White,POT-BEDD-00096,24,Bedding,Featured,Pottery Barn,230.56,656.65,2016-09-14,40.14,82.7x35.3x32.8,Blue,NaN,Fabric,
97,Nature Made Vitamin C,NAT-VITA-00097,53,Vitamins,Featured,Nature Made,79.83,122.94,2023-06-01,2.67,99.6x37.4x17.0,Green,NaN,NaN,
98,Nike Soccer Ball,NIK-TEAM-00098,29,Team Sports,Featured,Nike,196.52,293.39,2017-08-25,7.42,91.1x63.4x34.0,Purple,NaN,NaN,
99,Weber Coffee Table Leather,WEB-LIVI-00099,70,Living Room Furniture,Bestseller,Weber,441.95,932.42,2025-07-21,20.6,69.4x75.5x53.6,NaN,NaN,Glass,
100,Fitbit Galaxy S14 64GB Yellow,FIT-ANDR-00100,58,Android Phones,New Arrivals,Fitbit,89.71,212.59,2025-11-06,4.44,47.0x51.0x15.2,Space Gray,512GB,Stainless Steel,
101,Hot Wheels Fashion Doll,HOT-DOLL-00101,43,Dolls,Seasonal,Hot Wheels,55.99,153.81,2026-05-13,4.74,82.4x62.0x51.1,Orange,NaN,NaN,
102,Goodyear Floor Mats,GOO-CARA-00102,50,Car Accessories,Clearance,Goodyear,237.5,580.65,2026-03-21,4.82,65.9x12.5x7.9,Blue,NaN,NaN,
103,"JBL ThinkPad X1 17""",JBL-BUSI-00103,60,Business Laptops,Bestseller,JBL,204.48,408.53,2021-06-13,0.43,98.4x13.5x57.5,Gold,128GB,Plastic,
104,Funko Building Block Set,FUN-BUIL-00104,42,Building Sets,NaN,Funko,25.24,32.71,2025-05-23,8.1,66.5x65.9x29.1,NaN,NaN,NaN,
105,Under Armour Classic Shirt Blue,UND-MENS-00105,17,Mens Clothing,Seasonal,Under Armour,16.05,24.47,2021-10-31,0.95,74.6x35.7x18.7,Pink,M,Wool,
106,Crate & Barrel Ergonomic Office Chair,CRA-OFFI-00106,72,Office Furniture,NaN,Crate & Barrel,398.34,1032.83,2018-08-20,22.45,7.4x71.0x56.6,Beige,NaN,NaN,
107,Nestle Sparkling Water,NES-BEVE-00107,46,Beverages,Bestseller,Nestle,35.23,84.07,2017-11-08,9.1,63.7x27.2x41.7,NaN,NaN,NaN,
108,Columbia Fitness Chair,COL-EXER-00108,27,Exercise Equipment,Clearance,Columbia,126.93,274.85,2017-09-15,7.96,18.2x25.1x20.2,Black,NaN,NaN,
109,Mystery of Time by Robert Brown Paperback,PEN-FICT-00109,36,Fiction,NaN,Penguin,46.71,134.59,2017-05-29,0.0,NaN,NaN,NaN,NaN,
110,Optimum Nutrition Vitamin C,OPT-VITA-00110,53,Vitamins,Featured,Optimum Nutrition,188.6,534.23,2020-11-24,9.38,70.8x58.7x41.5,Brown,NaN,NaN,
111,"Samsung E14 Notebook 15.6""",SAM-LAPT-00111,12,Laptops,NaN,Samsung,535.81,1148.98,2020-12-28,4.22,85.4x15.9x4.9,Black,32GB,Stainless Steel,
112,iRobot Ergonomic Office Chair,IRO-OFFI-00112,72,Office Furniture,NaN,iRobot,264.44,779.16,2023-02-19,27.17,93.4x61.1x55.0,White,NaN,Leather,
113,Maybelline Body Mist,MAY-FRAG-00113,35,Fragrances,Featured,Maybelline,115.61,206.93,2017-11-12,2.61,97.5x16.3x6.6,NaN,NaN,NaN,
114,Pantene Anti-Aging Serum,PAN-SKIN-00114,32,Skincare,Clearance,Pantene,119.97,249.98,2020-06-05,6.35,54.3x68.3x43.3,Black,NaN,NaN,
115,Nestle Organic Pasta,NES-PANT-00115,47,Pantry Staples,NaN,Nestle,4.63,12.56,2025-10-16,2.07,40.1x20.4x50.0,Green,NaN,NaN,
116,"Bose ZenBook 27""",BOS-ULTR-00116,61,Ultrabooks,Clearance,Bose,208.0,465.99,2023-11-25,0.25,95.4x67.3x34.6,White,NaN,Plastic,
117,Bose Smart Band,BOS-WEAR-00117,15,Wearable Technology,NaN,Bose,551.68,1099.3,2022-02-25,4.45,26.7x60.2x59.5,Blue,256GB,Plastic,
118,"Dell E14 Laptop 17"" 512GB",DEL-LAPT-00118,12,Laptops,NaN,Dell,216.2,285.82,2016-03-20,1.25,20.1x39.7x45.9,Gold,256GB,Carbon Fiber,
119,Olay Eyeshadow Palette,OLA-MAKE-00119,33,Makeup,NaN,Olay,115.93,222.7,2019-07-27,1.11,52.3x61.4x24.6,Green,NaN,NaN,
120,Apple Gaming Console,APP-GAMI-00120,16,Gaming,Bestseller,Apple,92.41,196.59,2018-11-23,3.4,20.3x78.0x17.0,Silver,NaN,Glass,
121,Crate & Barrel Executive Desk Metal Edition,CRA-OFFI-00121,72,Office Furniture,NaN,Crate & Barrel,273.36,707.62,2025-02-12,9.66,98.4x18.2x6.8,Orange,NaN,Bamboo,
122,Zara Designer Chair Blue,ZAR-WOME-00122,18,Womens Clothing,NaN,Zara,42.17,101.65,2023-11-04,1.78,52.5x7.1x53.9,Blue,M,Wool,
123,Sony Wireless Audio System,SON-AUDI-00123,13,Audio Equipment,Featured,Sony,177.12,450.3,2023-06-25,4.39,50.2x11.0x30.2,Blue,NaN,Glass,
124,Clinique Body Mist,CLI-FRAG-00124,35,Fragrances,Featured,Clinique,136.92,228.97,2019-11-07,3.04,69.9x52.5x55.0,NaN,NaN,NaN,
125,Nike Classic Pants Gold,NIK-MENS-00125,17,Mens Clothing,Seasonal,Nike,102.69,287.02,2024-01-04,0.81,88.6x55.8x35.1,Purple,M,Cotton,
126,"Fitbit Spectre x360 27""",FIT-ULTR-00126,61,Ultrabooks,Clearance,Fitbit,369.66,712.64,2022-07-20,0.16,71.0x67.7x57.6,Space Gray,1TB,Plastic,
127,Barbie Construction Kit,BAR-BUIL-00127,42,Building Sets,NaN,Barbie,61.06,104.13,2022-11-10,5.79,81.7x45.3x50.6,NaN,NaN,NaN,
128,Patagonia Yoga Mat Beige,PAT-YOGA-00128,75,Yoga & Pilates,NaN,Patagonia,61.19,147.29,2019-02-07,2.08,46.6x36.7x52.4,NaN,NaN,NaN,
129,Pottery Barn Kitchen Shirt Set,POT-KITC-00129,23,Kitchen,Bestseller,Pottery Barn,497.31,1432.08,2021-02-15,35.86,53.9x8.2x25.5,Space Gray,NaN,Glass,
130,Logitech Gaming Headset,LOG-GAMI-00130,16,Gaming,Bestseller,Logitech,284.05,745.47,2022-09-21,3.79,73.3x74.7x51.5,Blue,32GB,Aluminum,
131,The Band Album Vinyl Record,SON-MUSI-00131,38,Music,Seasonal,Sony Music,6.99,15.41,2016-09-29,0.0,NaN,Brown,NaN,NaN,
132,Meguiars Tool Box,MEG-TOOL-00132,51,Tools,New Arrivals,Meguiars,200.5,369.68,2019-06-03,6.92,52.7x75.2x38.6,NaN,NaN,NaN,
133,Solo Artist CD Collection Gen2,SON-MUSI-00133,38,Music,Seasonal,Sony Music,31.59,81.01,2016-01-27,0.0,NaN,NaN,NaN,NaN,
134,Under Armour Yoga Block Set,UND-YOGA-00134,75,Yoga & Pilates,NaN,Under Armour,40.8,82.81,2026-03-17,3.22,6.9x21.6x59.5,NaN,NaN,NaN,
135,Schwinn Bike Home Gym,SCH-EXER-00135,27,Exercise Equipment,Clearance,Schwinn,38.55,80.26,2016-06-26,7.59,65.5x38.9x8.1,Brown,NaN,NaN,
136,MAC Body Mist,MAC-FRAG-00136,35,Fragrances,Featured,MAC,101.77,302.25,2018-07-12,6.08,81.2x65.7x17.2,NaN,NaN,NaN,
137,Coca-Cola Organic Pasta,COC-PANT-00137,47,Pantry Staples,NaN,Coca-Cola,8.57,20.16,2018-06-07,4.87,65.0x10.5x50.6,NaN,NaN,NaN,
138,Apple Wireless Headphones Rose Gold,APP-HEAD-00138,62,Headphones,NaN,Apple,580.71,1680.47,2024-04-22,1.0,63.6x76.5x39.3,Silver,32GB,Carbon Fiber,
139,Weber Comforter Set Yellow,WEB-BEDD-00139,24,Bedding,Featured,Weber,68.83,191.19,2022-06-29,23.77,7.2x28.0x13.3,Gold,NaN,Fabric,
140,Scotts Cotton Sheet Set Red,SCO-BEDD-00140,24,Bedding,Featured,Scotts,453.66,1099.8,2023-04-21,42.99,11.8x72.2x25.8,Purple,NaN,NaN,
141,JBL Galaxy S6 128GB White,JBL-ANDR-00141,58,Android Phones,New Arrivals,JBL,487.93,632.42,2016-11-25,1.28,29.1x54.8x50.7,Blue,1TB,Stainless Steel,
142,Nerf Doll House Set,NER-DOLL-00142,43,Dolls,Seasonal,Nerf,77.67,174.48,2025-08-23,1.05,25.0x65.3x9.6,Gold,NaN,NaN,
143,Fitbit Gaming Controller Blue,FIT-GAMI-00143,16,Gaming,Bestseller,Fitbit,387.05,618.02,2022-08-26,2.99,54.1x58.3x14.4,White,NaN,Aluminum,
144,Williams-Sonoma Comforter Set Rose Gold,WIL-BEDD-00144,24,Bedding,Featured,Williams-Sonoma,464.18,1082.93,2018-12-05,29.75,11.4x55.7x53.1,Green,NaN,NaN,
145,Hasbro Science Experiment Set,HAS-EDUC-00145,44,Educational Toys,New Arrivals,Hasbro,74.73,136.37,2016-11-22,1.15,51.9x27.4x36.5,NaN,NaN,NaN,
146,"Garmin ROG Gaming Laptop 13"" 64GB",GAR-GAMI-00146,59,Gaming Laptops,New Arrivals,Garmin,317.09,612.21,2023-10-25,0.4,9.6x52.9x58.7,Black,256GB,Carbon Fiber,
147,Calvin Klein Womens Maxi Dress Beige,CAL-DRES-00147,67,Dresses,NaN,Calvin Klein,27.64,80.44,2024-05-01,0.33,22.2x65.9x48.8,Red,M,Cotton,
148,Adidas Yoga Block Set,ADI-YOGA-00148,75,Yoga & Pilates,NaN,Adidas,116.22,317.46,2022-04-27,3.15,33.0x51.5x8.3,Gray,NaN,NaN,
149,Organic Valley Organic Chair,ORG-ORGA-00149,48,Organic Foods,Seasonal,Organic Valley,35.21,82.18,2019-10-03,6.96,23.0x27.2x21.3,NaN,NaN,NaN,
150,"Microsoft ThinkPad T480 17""",MIC-BUSI-00150,60,Business Laptops,Bestseller,Microsoft,121.85,361.94,2016-02-06,2.48,36.9x38.7x13.1,Blue,NaN,Glass,
151,Kelloggs Natural Cabinet,KEL-ORGA-00151,48,Organic Foods,Seasonal,Kelloggs,2.93,7.05,2020-12-01,8.78,99.7x79.8x12.7,Green,NaN,NaN,
152,H&M Kids Jacket Blue,HM-KIDS-00152,19,Kids Clothing,NaN,H&M,36.94,78.76,2023-06-10,1.86,89.3x30.5x53.1,Rose Gold,XXL,Denim,
153,Optimum Nutrition Vitamin D3 Edition,OPT-VITA-00153,53,Vitamins,Featured,Optimum Nutrition,151.53,432.84,2019-06-07,4.9,71.0x29.1x42.2,NaN,NaN,NaN,
154,Canon Over-Ear Headphones Orange,CAN-HEAD-00154,62,Headphones,NaN,Canon,131.59,382.99,2016-10-11,1.57,80.3x65.8x37.0,Black,1TB,Aluminum,
155,"Nikon Legion Gaming Laptop 13""",NIK-GAMI-00155,59,Gaming Laptops,New Arrivals,Nikon,782.09,2193.18,2023-05-16,1.81,24.0x23.6x56.3,Space Gray,512GB,Plastic,
156,Solo Artist Album Vinyl Record,SON-MUSI-00156,38,Music,Seasonal,Sony Music,11.28,19.08,2026-02-25,0.0,NaN,Beige,NaN,NaN,
157,Adidas Fitness Pants,ADI-EXER-00157,27,Exercise Equipment,Clearance,Adidas,130.36,278.27,2017-09-04,0.99,42.1x54.4x26.5,NaN,NaN,NaN,
158,Calvin Klein Mens Casual Shirt Gold,CAL-MENS-00158,64,Mens Shirts,Clearance,Calvin Klein,80.61,207.38,2024-08-16,0.75,73.4x46.7x28.8,Black,M,Linen,
159,Under Armour Mens Dress Pants Gray,UND-MENS-00159,65,Mens Pants,Bestseller,Under Armour,21.46,32.23,2022-03-19,1.72,85.4x42.6x39.3,Red,XXL,Nylon,
160,Clinique Eyeshadow Palette,CLI-MAKE-00160,33,Makeup,NaN,Clinique,136.15,261.49,2024-10-11,6.59,10.0x10.3x34.1,White,NaN,NaN,
161,Dell Latitude T480,DEL-BUSI-00161,60,Business Laptops,Bestseller,Dell,656.26,1381.37,2018-12-01,3.35,56.1x65.0x18.4,Gold,NaN,Glass,
162,Nikon Wireless Audio System,NIK-AUDI-00162,13,Audio Equipment,Featured,Nikon,684.58,2036.98,2019-12-01,2.42,72.2x40.2x53.9,Space Gray,512GB,Stainless Steel,
163,LEGO Building Block Set,LEG-BUIL-00163,42,Building Sets,NaN,LEGO,46.54,119.59,2020-12-21,5.36,36.6x60.0x19.8,Pink,NaN,NaN,
164,Thule Car Wax,THU-CARC-00164,52,Car Care,NaN,Thule,167.49,336.48,2023-06-14,4.63,49.4x46.2x20.7,NaN,NaN,NaN,
165,Optimum Nutrition First Aid Kit,OPT-MEDI-00165,55,Medical Supplies,Clearance,Optimum Nutrition,57.59,133.28,2016-10-22,1.58,21.7x69.6x54.5,NaN,NaN,NaN,
166,Schwinn Resistance Band Set,SCH-YOGA-00166,75,Yoga & Pilates,NaN,Schwinn,153.23,357.58,2019-03-17,0.27,22.0x14.7x50.3,NaN,NaN,NaN,
167,Asus Smart Watch Pink,ASU-WEAR-00167,15,Wearable Technology,NaN,Asus,453.92,705.09,2021-03-01,3.77,64.2x46.0x10.6,Space Gray,NaN,Aluminum,
168,GNC Massage Gun,GNC-WELL-00168,56,Wellness Devices,NaN,GNC,179.98,352.24,2026-03-23,5.45,53.0x53.4x2.7,NaN,NaN,NaN,
169,Meguiars Seat Covers Blue,MEG-CARA-00169,50,Car Accessories,Clearance,Meguiars,276.79,571.68,2016-12-16,1.59,90.0x68.7x55.2,Gold,NaN,NaN,
170,Adidas Camping Tent,ADI-OUTD-00170,28,Outdoor Recreation,New Arrivals,Adidas,118.81,244.27,2023-06-28,5.92,53.2x53.0x6.7,NaN,NaN,NaN,
171,JBL Elite Ultra 512GB Blue,JBL-SMAR-00171,11,Smartphones,NaN,JBL,202.51,263.42,2021-02-24,4.21,32.9x72.2x56.9,Space Gray,NaN,Carbon Fiber,
172,Philips Blood Pressure Monitor,PHI-MEDI-00172,55,Medical Supplies,Clearance,Philips,28.45,35.63,2022-01-16,9.22,65.4x20.9x24.4,Rose Gold,NaN,NaN,
173,Adidas Womens T-Shirt White,ADI-TOPS-00173,68,Tops,NaN,Adidas,102.15,138.6,2022-12-30,0.34,9.7x26.2x14.2,Black,XL,Nylon,
174,Crate & Barrel Garden Tool Set,CRA-GARD-00174,25,Garden Supplies,New Arrivals,Crate & Barrel,37.09,53.99,2022-05-04,27.59,23.8x65.4x51.9,Gold,NaN,Wood,
175,"Nikon Spectre x360 13""",NIK-ULTR-00175,61,Ultrabooks,Clearance,Nikon,586.38,1387.45,2016-06-22,1.61,37.9x28.7x44.3,Blue,128GB,Plastic,
176,Omron Vitamin C,OMR-VITA-00176,53,Vitamins,Featured,Omron,159.25,318.15,2025-02-23,1.93,99.0x51.1x13.9,NaN,NaN,NaN,
177,Journey Home by John Smith Paperback,SON-FICT-00177,36,Fiction,NaN,Sony Music,34.72,46.41,2016-01-19,0.0,NaN,NaN,NaN,NaN,
178,Bose iPhone 8 128GB Brown,BOS-IPHO-00178,57,iPhone,NaN,Bose,631.57,1729.24,2022-06-09,4.18,74.0x37.3x12.2,Silver,1TB,Plastic,
179,Patagonia Yoga Mat Gray,PAT-YOGA-00179,75,Yoga & Pilates,NaN,Patagonia,174.18,235.24,2018-09-26,0.64,18.8x40.5x45.3,Space Gray,NaN,NaN,
180,Funko Construction Kit,FUN-BUIL-00180,42,Building Sets,NaN,Funko,10.45,26.12,2026-03-13,8.78,51.7x53.7x55.9,Yellow,NaN,NaN,
181,3M Seat Covers Black,3M-CARA-00181,50,Car Accessories,Clearance,3M,18.17,28.97,2024-08-25,3.74,58.9x73.8x50.1,NaN,NaN,NaN,
182,Williams-Sonoma Executive Desk Wood,WIL-OFFI-00182,72,Office Furniture,NaN,Williams-Sonoma,261.04,488.84,2017-01-05,22.41,11.8x36.2x14.5,Beige,NaN,Wood,
183,iRobot Coffee Table Wood,IRO-LIVI-00183,70,Living Room Furniture,Bestseller,iRobot,87.36,164.72,2024-04-21,27.17,46.3x44.0x26.0,NaN,NaN,NaN,
184,Scotts Coffee Maker Rose Gold,SCO-KITC-00184,23,Kitchen,Bestseller,Scotts,288.33,666.26,2025-05-03,9.11,73.5x23.6x3.7,Purple,NaN,NaN,
185,Sony Pixel 11 128GB,SON-ANDR-00185,58,Android Phones,New Arrivals,Sony,591.49,1590.04,2025-06-22,2.09,88.9x59.2x58.2,Black,128GB,Glass,
186,Patagonia Cycling Jersey Gray,PAT-CYCL-00186,31,Cycling,Featured,Patagonia,155.27,366.75,2018-12-17,8.45,44.3x15.2x38.8,NaN,NaN,NaN,
187,Mattel Doll House Set,MAT-DOLL-00187,43,Dolls,Seasonal,Mattel,26.64,69.09,2023-04-26,5.06,22.2x26.9x16.2,White,NaN,NaN,
188,Apple Noise Cancelling Headphones,APP-HEAD-00188,62,Headphones,NaN,Apple,502.39,960.8,2024-04-16,0.59,6.5x23.5x4.7,Gold,NaN,Glass,
189,Schwinn Sleeping Bag,SCH-OUTD-00189,28,Outdoor Recreation,New Arrivals,Schwinn,169.6,342.29,2019-11-11,6.11,66.0x16.8x25.8,Silver,NaN,NaN,
190,Silent Waters by John Smith 60,UNI-NONF-00190,37,Non-Fiction,NaN,Universal,44.8,130.25,2018-09-24,0.0,NaN,NaN,NaN,NaN,
191,Cuisinart Memory Foam Pillow,CUI-BEDD-00191,24,Bedding,Featured,Cuisinart,466.48,856.4,2018-10-03,31.61,25.2x27.5x54.2,Black,NaN,Glass,
192,Kraft Natural Cabinet,KRA-ORGA-00192,48,Organic Foods,Seasonal,Kraft,23.74,46.76,2023-04-27,8.66,17.2x22.9x2.7,NaN,NaN,NaN,
193,New Balance Womens Pants Gray S,NEW-WOME-00193,18,Womens Clothing,NaN,New Balance,27.31,58.16,2025-02-17,0.89,29.8x71.6x34.0,Black,S,Cotton,
194,Fitbit Pre-Workout Edition,FIT-FITN-00194,54,Fitness Supplements,Clearance,Fitbit,195.59,339.09,2022-05-15,5.77,95.7x76.3x41.4,NaN,NaN,NaN,
195,Dell Mirrorless Camera Kit,DEL-CAME-00195,14,Cameras,Clearance,Dell,709.77,998.01,2026-01-08,4.63,92.2x47.7x29.3,Space Gray,NaN,Aluminum,
196,HP DSLR Camera Body,HP-CAME-00196,14,Cameras,Clearance,HP,173.9,290.04,2021-05-26,1.01,64.4x16.1x53.2,Black,128GB,Aluminum,
197,Unilever Olive Oil 23,UNI-PANT-00197,47,Pantry Staples,NaN,Unilever,26.02,48.38,2022-08-26,4.64,62.0x48.7x59.9,Gray,NaN,NaN,
198,Schwinn Swim Goggles,SCH-WATE-00198,30,Water Sports,New Arrivals,Schwinn,136.0,275.96,2018-12-22,7.92,37.0x77.1x33.4,Silver,NaN,NaN,
199,Omron First Aid Kit,OMR-MEDI-00199,55,Medical Supplies,Clearance,Omron,49.7,140.84,2017-09-23,6.92,94.3x71.5x38.9,Black,NaN,NaN,
200,IKEA Sectional Sofa Purple,IKE-LIVI-00200,70,Living Room Furniture,Bestseller,IKEA,452.61,899.94,2022-05-16,43.05,51.2x17.7x20.4,NaN,NaN,Glass,
201,Pottery Barn Coffee Maker Gray,POT-KITC-00201,23,Kitchen,Bestseller,Pottery Barn,362.66,460.71,2020-01-24,49.3,16.8x38.7x30.4,Orange,NaN,Fabric,
202,Nature Made Sleep Tracker,NAT-WELL-00202,56,Wellness Devices,NaN,Nature Made,140.17,367.03,2020-02-19,4.21,6.5x17.3x19.3,Navy,NaN,NaN,
203,Maybelline Face Moisturizer,MAY-SKIN-00203,32,Skincare,Clearance,Maybelline,37.47,94.19,2020-12-15,8.19,78.9x32.1x24.7,NaN,NaN,NaN,
204,Dyson TV Stand Wood,DYS-LIVI-00204,70,Living Room Furniture,Bestseller,Dyson,251.81,553.08,2017-06-10,6.12,30.5x13.5x56.9,Navy,NaN,NaN,
205,Coca-Cola Sparkling Water,COC-BEVE-00205,46,Beverages,Bestseller,Coca-Cola,20.58,26.56,2019-10-01,4.86,55.2x77.0x35.6,Beige,NaN,NaN,
206,Ralph Lauren Athletic Shoes Purple,RAL-FOOT-00206,20,Footwear,NaN,Ralph Lauren,84.64,238.06,2022-03-16,0.54,20.5x48.5x14.0,Orange,L,Nylon,
207,Nestle Organic Chair 40,NES-ORGA-00207,48,Organic Foods,Seasonal,Nestle,38.12,46.8,2021-05-01,7.04,6.7x56.8x24.6,NaN,NaN,NaN,
208,Organic Valley Organic Cabinet,ORG-ORGA-00208,48,Organic Foods,Seasonal,Organic Valley,2.43,4.24,2025-01-21,4.56,37.5x36.9x43.0,NaN,NaN,NaN,
209,The North Face Snorkel Set,THE-WATE-00209,30,Water Sports,New Arrivals,The North Face,89.01,170.8,2016-10-01,5.12,68.7x33.7x14.0,NaN,NaN,NaN,
210,Pottery Barn Blender White,POT-KITC-00210,23,Kitchen,Bestseller,Pottery Barn,155.27,295.3,2024-11-25,15.94,70.5x34.1x11.1,NaN,NaN,Leather,
211,Under Armour Mens Casual Shirt Gold,UND-MENS-00211,64,Mens Shirts,Clearance,Under Armour,29.35,85.31,2026-01-19,1.08,70.1x53.4x25.4,Purple,L,Wool,
212,Tommy Hilfiger Womens Leggings Yellow,TOM-WOME-00212,69,Womens Pants,New Arrivals,Tommy Hilfiger,31.86,57.67,2026-02-17,0.71,42.2x11.3x27.7,Rose Gold,L,Cotton,
213,Columbia Swim Goggles,COL-WATE-00213,30,Water Sports,New Arrivals,Columbia,24.79,61.84,2020-09-16,9.02,89.9x77.9x2.6,NaN,NaN,NaN,
214,Craftsman Seat Covers Rose Gold,CRA-CARA-00214,50,Car Accessories,Clearance,Craftsman,238.04,316.55,2018-06-03,5.02,44.2x73.9x47.5,Space Gray,NaN,NaN,
215,Organic Valley Natural Shirt,ORG-ORGA-00215,48,Organic Foods,Seasonal,Organic Valley,16.13,20.42,2023-10-19,1.6,80.2x75.3x31.2,Silver,NaN,NaN,
216,Estee Lauder Eyeshadow Palette,EST-MAKE-00216,33,Makeup,NaN,Estee Lauder,117.28,142.37,2021-09-10,9.99,92.3x71.4x10.8,Orange,NaN,NaN,
217,Asus Latitude E14,ASU-BUSI-00217,60,Business Laptops,Bestseller,Asus,458.71,1017.69,2019-09-20,1.83,62.3x32.3x18.8,Black,32GB,Aluminum,
218,Garmin iPhone 7 Pro Max 64GB,GAR-IPHO-00218,57,iPhone,NaN,Garmin,172.31,500.46,2025-04-10,0.93,15.2x45.7x24.6,Blue,NaN,Plastic,
219,Optimum Nutrition Vitamin C V2,OPT-VITA-00219,53,Vitamins,Featured,Optimum Nutrition,86.61,183.66,2021-03-21,0.47,78.4x77.9x29.3,NaN,NaN,NaN,
220,H&M Mens Dress Pants Black,HM-MENS-00220,65,Mens Pants,Bestseller,H&M,97.49,269.37,2021-09-20,1.61,81.5x12.9x18.9,Purple,XXL,Leather,
221,PepsiCo Sea Salt Chips,PEP-SNAC-00221,45,Snacks,Featured,PepsiCo,47.47,126.36,2023-09-11,5.62,11.2x52.5x43.6,NaN,NaN,NaN,
222,Dyson Sectional Sofa Navy,DYS-LIVI-00222,70,Living Room Furniture,Bestseller,Dyson,276.01,668.94,2021-04-27,15.48,86.6x13.2x47.8,Rose Gold,NaN,Metal,
223,Craftsman Wrench Set 9,CRA-TOOL-00223,51,Tools,New Arrivals,Craftsman,132.72,282.68,2019-05-19,5.1,11.8x14.5x4.7,Gold,NaN,NaN,
224,JBL Gaming Headset,JBL-GAMI-00224,16,Gaming,Bestseller,JBL,313.4,376.73,2021-06-28,1.8,20.8x29.9x13.6,Black,128GB,Carbon Fiber,
225,Coca-Cola Trail Mix,COC-SNAC-00225,45,Snacks,Featured,Coca-Cola,8.51,11.07,2025-11-15,2.27,32.1x15.8x43.6,NaN,NaN,NaN,
226,"Bose 7000 Notebook 27""",BOS-LAPT-00226,12,Laptops,NaN,Bose,342.18,621.86,2021-06-12,4.05,62.4x45.5x45.4,Blue,NaN,Aluminum,
227,LG Bluetooth Speaker Blue,LG-SPEA-00227,63,Speakers,NaN,LG,68.37,152.3,2019-02-24,2.91,51.1x19.6x19.1,Gold,128GB,Carbon Fiber,
228,Coleman Fitness Pants,COL-EXER-00228,27,Exercise Equipment,Clearance,Coleman,53.45,85.55,2019-05-11,9.37,64.0x5.7x55.2,NaN,NaN,NaN,
229,Lenovo Studio Monitor Speakers,LEN-AUDI-00229,13,Audio Equipment,Featured,Lenovo,683.75,1479.14,2026-01-16,3.05,30.7x52.0x7.1,Blue,NaN,Plastic,
230,Michelin Air Filter,MIC-CARP-00230,49,Car Parts,NaN,Michelin,265.02,485.5,2023-10-27,2.02,15.2x43.3x55.6,NaN,NaN,NaN,
231,HP Wireless Headphones Brown,HP-HEAD-00231,62,Headphones,NaN,HP,670.21,1649.89,2021-07-26,0.42,22.9x75.3x11.7,Silver,NaN,Aluminum,
232,"LG ZenBook 13""",LG-ULTR-00232,61,Ultrabooks,Clearance,LG,444.71,1268.87,2020-02-03,3.62,47.0x19.7x59.0,White,NaN,Glass,
233,Nestle Natural Shelf,NES-ORGA-00233,48,Organic Foods,Seasonal,Nestle,33.17,53.41,2021-01-25,7.29,41.4x11.9x54.9,Rose Gold,NaN,NaN,
234,The Great Adventure by Jane Doe,SIM-NONF-00234,37,Non-Fiction,NaN,Simon & Schuster,65.09,107.15,2017-12-22,0.0,NaN,NaN,NaN,NaN,
235,Asus Gaming Headset,ASU-GAMI-00235,16,Gaming,Bestseller,Asus,606.19,734.94,2016-10-12,3.4,48.6x37.0x11.1,Space Gray,NaN,Aluminum,
236,Weber Decorative Vase Beige,WEB-HOME-00236,26,Home Decor,NaN,Weber,474.36,1142.25,2025-06-09,9.59,73.2x53.9x57.3,NaN,NaN,NaN,
237,Tommy Hilfiger Mens Pants Brown L,TOM-MENS-00237,17,Mens Clothing,Seasonal,Tommy Hilfiger,125.41,226.95,2020-04-24,0.73,94.9x61.9x33.7,Gold,L,Silk,
238,LG Wireless Headphones Yellow,LG-HEAD-00238,62,Headphones,NaN,LG,654.87,1813.44,2022-01-13,3.42,12.0x26.6x8.7,Gold,32GB,Glass,
239,Schwinn Soccer Ball,SCH-TEAM-00239,29,Team Sports,Featured,Schwinn,171.79,491.36,2025-03-15,3.95,91.8x53.8x19.2,NaN,NaN,NaN,
240,"Logitech EliteBook T480 15.6""",LOG-BUSI-00240,60,Business Laptops,Bestseller,Logitech,197.28,323.63,2023-06-11,1.82,16.7x51.3x34.0,White,NaN,Carbon Fiber,
241,Weber Sectional Sofa Rose Gold Plus,WEB-LIVI-00241,70,Living Room Furniture,Bestseller,Weber,131.88,280.56,2025-11-03,43.55,95.1x7.3x7.7,Rose Gold,NaN,Plastic,
242,Apple iPhone 12 64GB Purple,APP-IPHO-00242,57,iPhone,NaN,Apple,102.4,142.79,2016-08-13,3.87,93.0x61.7x59.5,Space Gray,NaN,Aluminum,
243,"Nikon ZenBook 27""",NIK-ULTR-00243,61,Ultrabooks,Clearance,Nikon,186.91,555.05,2016-04-15,4.62,26.2x76.7x26.5,Blue,64GB,Plastic,
244,"Sony Spectre x360 15.6""",SON-ULTR-00244,61,Ultrabooks,Clearance,Sony,313.72,738.47,2016-03-05,3.16,44.9x8.8x21.3,White,64GB,Aluminum,
245,Mystery of Time Hardcover Edition,SON-FICT-00245,36,Fiction,NaN,Sony Music,59.64,100.81,2021-05-12,0.0,NaN,NaN,NaN,NaN,
246,Cuisinart Living Room Chair Fabric,CUI-FURN-00246,22,Furniture,Bestseller,Cuisinart,281.63,709.94,2021-07-27,18.05,83.5x53.9x28.1,Brown,NaN,NaN,
247,Maybelline Hair Dryer,MAY-HAIR-00247,34,Hair Care,Bestseller,Maybelline,52.96,150.0,2019-06-13,9.51,92.2x53.5x24.1,NaN,NaN,NaN,
248,H&M Mens Cabinet Beige S,HM-MENS-00248,17,Mens Clothing,Seasonal,H&M,93.65,165.29,2019-07-22,1.67,96.0x32.0x26.8,Silver,S,Silk,
249,Weber Office Pants Metal,WEB-FURN-00249,22,Furniture,Bestseller,Weber,94.25,144.56,2023-01-13,9.53,7.3x74.3x19.2,NaN,NaN,Leather,
250,Logitech iPhone 2 128GB Gold,LOG-IPHO-00250,57,iPhone,NaN,Logitech,399.76,895.53,2019-04-05,1.86,75.7x70.2x23.1,White,128GB,Plastic,
251,Columbia Mountain Bike White,COL-CYCL-00251,31,Cycling,Featured,Columbia,137.06,393.53,2024-03-04,3.76,81.8x56.8x34.9,NaN,NaN,NaN,
252,Clinique Anti-Aging Serum,CLI-SKIN-00252,32,Skincare,Clearance,Clinique,135.58,323.84,2019-02-20,4.01,27.7x8.4x52.3,Yellow,NaN,NaN,
253,The Great Adventure by Jane Doe Paperback Plus,RAN-FICT-00253,36,Fiction,NaN,Random House,61.43,131.16,2017-03-03,0.0,NaN,NaN,NaN,NaN,
254,H&M Womens Trousers Yellow,HM-WOME-00254,69,Womens Pants,New Arrivals,H&M,144.87,395.44,2021-11-17,0.74,33.1x36.2x12.8,Green,S,Polyester,
255,Centrum BCAA,CEN-FITN-00255,54,Fitness Supplements,Clearance,Centrum,174.6,426.79,2020-10-27,9.19,70.9x36.2x24.4,Space Gray,NaN,NaN,
256,Pottery Barn Ergonomic Office Chair,POT-OFFI-00256,72,Office Furniture,NaN,Pottery Barn,161.32,473.23,2022-12-05,24.44,28.3x70.7x16.4,Red,NaN,NaN,
257,Olay Anti-Aging Serum,OLA-SKIN-00257,32,Skincare,Clearance,Olay,101.9,298.33,2025-03-23,8.48,51.7x43.1x20.8,Purple,NaN,NaN,
258,Michelin Tool Box,MIC-TOOL-00258,51,Tools,New Arrivals,Michelin,194.39,477.87,2025-06-14,0.72,89.3x53.3x24.8,Gray,NaN,NaN,
259,Nerf Strategy Game,NER-BOAR-00259,41,Board Games,Seasonal,Nerf,79.36,153.81,2023-07-26,5.07,95.7x19.4x19.8,NaN,NaN,NaN,
260,IKEA Sectional Sofa Silver,IKE-LIVI-00260,70,Living Room Furniture,Bestseller,IKEA,170.22,234.03,2020-04-12,15.06,13.9x78.0x12.2,NaN,NaN,Plastic,
261,H&M Cocktail Dress Red,HM-DRES-00261,67,Dresses,NaN,H&M,106.59,259.88,2019-03-28,0.69,34.1x53.4x47.8,Black,XL,Nylon,
262,Craftsman Brake Pads,CRA-CARP-00262,49,Car Parts,NaN,Craftsman,244.69,423.36,2019-07-09,4.45,37.1x14.1x7.7,Purple,NaN,NaN,
263,Nikon Gaming Headset,NIK-GAMI-00263,16,Gaming,Bestseller,Nikon,542.45,971.86,2017-10-29,1.4,69.8x26.5x28.1,White,256GB,Stainless Steel,
264,Sony Portable Speaker Brown,SON-SPEA-00264,63,Speakers,NaN,Sony,378.67,642.32,2016-08-01,3.82,87.0x14.2x56.4,White,NaN,Plastic,
265,Calvin Klein Mens Casual Shirt Space Gray,CAL-MENS-00265,64,Mens Shirts,Clearance,Calvin Klein,31.58,81.57,2024-08-17,1.01,13.8x75.4x54.8,Blue,S,Wool,
266,Unilever Rice,UNI-PANT-00266,47,Pantry Staples,NaN,Unilever,38.93,48.05,2017-05-15,6.24,70.9x57.2x36.3,NaN,NaN,NaN,
267,Unilever Natural Pants,UNI-ORGA-00267,48,Organic Foods,Seasonal,Unilever,22.27,46.21,2021-01-15,4.83,69.2x44.4x26.9,Pink,NaN,NaN,
268,"Lenovo X1 Notebook 13""",LEN-LAPT-00268,12,Laptops,NaN,Lenovo,117.08,254.98,2021-08-20,3.42,78.0x41.8x51.0,Space Gray,512GB,Aluminum,
269,Ralph Lauren Mens Hoodie Orange,RAL-MENS-00269,66,Mens Outerwear,NaN,Ralph Lauren,95.82,249.37,2022-01-16,0.98,96.7x66.0x38.8,Purple,L,Cotton,
270,Goodyear Socket Set,GOO-TOOL-00270,51,Tools,New Arrivals,Goodyear,264.21,733.99,2024-04-14,9.06,96.3x16.3x47.3,NaN,NaN,NaN,
271,The Great Adventure DVD Collection Plus,UNI-MOVI-00271,39,Movies,Featured,Universal,43.72,119.77,2026-01-14,0.0,NaN,Yellow,NaN,NaN,
272,Mattel Construction Kit,MAT-BUIL-00272,42,Building Sets,NaN,Mattel,79.18,177.44,2016-12-20,4.98,77.9x75.6x27.5,Silver,NaN,NaN,
273,The North Face Soccer Ball,THE-TEAM-00273,29,Team Sports,Featured,The North Face,46.46,57.76,2024-09-10,6.98,53.8x14.1x33.6,Brown,NaN,NaN,
274,Yeti Pool Float,YET-WATE-00274,30,Water Sports,New Arrivals,Yeti,70.43,154.45,2021-03-26,6.62,29.5x71.0x11.9,Orange,NaN,NaN,
275,Mystery of Time Guide Book,HAC-NONF-00275,37,Non-Fiction,NaN,Hachette,37.47,47.51,2018-10-05,0.0,NaN,Gray,NaN,NaN,
276,Microsoft Mirrorless Camera Kit,MIC-CAME-00276,14,Cameras,Clearance,Microsoft,102.07,179.81,2019-04-09,0.74,29.4x18.7x22.7,Silver,128GB,Carbon Fiber,
277,Unilever Olive Oil V2,UNI-PANT-00277,47,Pantry Staples,NaN,Unilever,14.2,41.38,2020-09-14,6.63,78.5x69.8x58.0,NaN,NaN,NaN,
278,LEGO Building Block Set Plus,LEG-BUIL-00278,42,Building Sets,NaN,LEGO,37.17,71.92,2020-07-04,0.98,52.6x68.1x10.1,NaN,NaN,NaN,
279,Organic Valley Natural Pants,ORG-ORGA-00279,48,Organic Foods,Seasonal,Organic Valley,12.55,30.93,2019-05-09,7.69,79.5x76.6x54.8,Beige,NaN,NaN,
280,Nikon Galaxy S3 256GB Beige,NIK-ANDR-00280,58,Android Phones,New Arrivals,Nikon,682.09,941.58,2023-10-01,2.17,12.2x27.0x35.7,Silver,NaN,Aluminum,
281,Kelloggs Organic Pasta,KEL-PANT-00281,47,Pantry Staples,NaN,Kelloggs,45.34,84.8,2022-10-25,0.57,73.9x50.6x19.3,NaN,NaN,NaN,
282,Coca-Cola Organic Shirt,COC-ORGA-00282,48,Organic Foods,Seasonal,Coca-Cola,7.34,13.98,2023-06-22,3.91,9.4x45.9x8.3,Black,NaN,NaN,
283,Scotts Coffee Maker Brown,SCO-KITC-00283,23,Kitchen,Bestseller,Scotts,436.26,1198.51,2026-04-15,28.1,95.3x33.5x8.9,Black,NaN,Glass,
284,Scotts Memory Foam Pillow,SCO-BEDD-00284,24,Bedding,Featured,Scotts,123.0,304.44,2021-07-19,7.28,62.4x77.0x55.5,NaN,NaN,NaN,
285,Nike Fitness Shirt,NIK-EXER-00285,27,Exercise Equipment,Clearance,Nike,96.62,126.67,2024-09-05,9.23,85.8x19.2x15.7,NaN,NaN,NaN,
286,Adidas Hiking Backpack Black,ADI-OUTD-00286,28,Outdoor Recreation,New Arrivals,Adidas,35.88,55.89,2017-04-19,5.31,62.9x74.2x2.3,NaN,NaN,NaN,
287,Bosch Oil Filter,BOS-CARP-00287,49,Car Parts,NaN,Bosch,211.61,404.97,2020-10-03,3.47,51.5x13.8x6.6,Red,NaN,NaN,
288,PepsiCo Organic Pasta,PEP-PANT-00288,47,Pantry Staples,NaN,PepsiCo,15.52,31.48,2026-04-09,2.95,12.5x23.0x31.0,NaN,NaN,NaN,
289,Under Armour Scarf Beige,UND-ACCE-00289,21,Accessories,NaN,Under Armour,64.88,94.79,2018-01-05,0.38,63.9x50.0x35.9,Rose Gold,XXL,Nylon,
290,Journey Home Guide Book Edition,PEN-NONF-00290,37,Non-Fiction,NaN,Penguin,40.3,90.32,2022-09-22,0.0,NaN,NaN,NaN,NaN,
291,Journey Home Blu-ray,PEN-MOVI-00291,39,Movies,Featured,Penguin,24.85,44.4,2026-02-14,0.0,NaN,NaN,NaN,NaN,
292,Under Armour Mens Winter Coat Gray,UND-MENS-00292,66,Mens Outerwear,NaN,Under Armour,52.43,66.9,2020-10-26,1.55,67.3x17.2x3.3,Space Gray,S,Polyester,
293,Patagonia Resistance Band Set,PAT-YOGA-00293,75,Yoga & Pilates,NaN,Patagonia,51.28,137.28,2017-01-15,9.24,98.8x51.8x48.6,NaN,NaN,NaN,
294,Goodyear Air Filter,GOO-CARP-00294,49,Car Parts,NaN,Goodyear,281.01,762.16,2019-06-04,1.28,62.0x54.3x53.1,NaN,NaN,NaN,
295,GNC Pre-Workout,GNC-FITN-00295,54,Fitness Supplements,Clearance,GNC,127.17,238.26,2021-06-30,8.57,17.0x70.7x42.1,NaN,NaN,NaN,
296,"Garmin XPS 13"" Ultrabook",GAR-ULTR-00296,61,Ultrabooks,Clearance,Garmin,670.86,1627.17,2023-01-04,4.55,6.9x22.0x46.4,Gold,NaN,Carbon Fiber,
297,Maybelline Cologne,MAY-FRAG-00297,35,Fragrances,Featured,Maybelline,76.75,173.45,2018-02-19,5.74,29.5x6.1x57.9,Rose Gold,NaN,NaN,
298,Logitech Digital Camera Pink,LOG-CAME-00298,14,Cameras,Clearance,Logitech,760.71,1679.84,2025-04-19,0.66,57.5x13.6x55.6,Gold,NaN,Plastic,
299,WeatherTech Tool Box,WEA-TOOL-00299,51,Tools,New Arrivals,WeatherTech,124.19,253.54,2016-02-02,0.8,77.4x37.1x55.9,NaN,NaN,NaN,
300,Asus Gaming Console,ASU-GAMI-00300,16,Gaming,Bestseller,Asus,192.61,281.9,2021-12-19,4.52,39.0x16.6x39.8,Black,128GB,Aluminum,
301,Nestle Green Tea,NES-BEVE-00301,46,Beverages,Bestseller,Nestle,17.6,33.97,2020-12-23,0.71,62.7x21.1x6.7,Yellow,NaN,NaN,
302,Meguiars Oil Filter,MEG-CARP-00302,49,Car Parts,NaN,Meguiars,47.64,142.59,2016-08-29,3.43,70.3x54.0x41.2,Yellow,NaN,NaN,
303,Fisher-Price Doll House Set,FIS-DOLL-00303,43,Dolls,Seasonal,Fisher-Price,25.79,67.5,2016-01-25,2.46,99.2x55.5x22.2,Silver,NaN,NaN,
304,Sony Smart Watch Navy,SON-WEAR-00304,15,Wearable Technology,NaN,Sony,687.51,833.53,2017-07-04,2.65,97.5x40.4x26.4,Blue,NaN,Glass,
305,Levis Scarf Red,LEV-ACCE-00305,21,Accessories,NaN,Levis,130.64,378.28,2019-04-11,1.38,62.7x8.1x28.0,Rose Gold,L,Silk,
306,"HP Spectre x360 15.6""",HP-ULTR-00306,61,Ultrabooks,Clearance,HP,79.49,98.25,2021-01-23,4.37,49.9x22.0x28.6,Gold,NaN,Stainless Steel,
307,New Balance Mens Shelf Pink L,NEW-MENS-00307,17,Mens Clothing,Seasonal,New Balance,76.99,126.97,2022-11-11,1.22,41.3x72.5x55.7,Black,S,Nylon,
308,Scotts Cotton Sheet Set Navy,SCO-BEDD-00308,24,Bedding,Featured,Scotts,337.25,565.9,2017-08-15,34.62,32.6x66.8x38.6,Orange,NaN,NaN,
309,Schwinn Yoga Block Set Gen2,SCH-YOGA-00309,75,Yoga & Pilates,NaN,Schwinn,36.51,91.44,2017-04-16,7.59,85.1x41.5x5.1,Gold,NaN,NaN,
310,Dell Wireless Headphones Yellow,DEL-HEAD-00310,62,Headphones,NaN,Dell,520.49,673.43,2026-05-09,0.16,82.0x25.7x57.2,Space Gray,32GB,Stainless Steel,
311,iRobot Bookshelf Wood Edition,IRO-OFFI-00311,72,Office Furniture,NaN,iRobot,73.59,104.55,2018-06-08,29.67,53.0x69.4x43.4,NaN,NaN,Wood,
312,Coca-Cola Granola Bars,COC-SNAC-00312,45,Snacks,Featured,Coca-Cola,34.65,101.5,2026-02-06,9.79,66.0x34.3x8.7,Green,NaN,NaN,
313,Canon Classic Ultra 512GB Orange,CAN-SMAR-00313,11,Smartphones,NaN,Canon,479.52,1217.0,2017-01-04,1.94,55.3x20.2x10.6,Blue,NaN,Glass,
314,Patagonia Swim Goggles,PAT-WATE-00314,30,Water Sports,New Arrivals,Patagonia,156.42,373.53,2020-01-04,9.65,69.3x14.8x5.7,NaN,NaN,NaN,
315,"Asus XPS 27"" Ultrabook",ASU-ULTR-00315,61,Ultrabooks,Clearance,Asus,325.62,947.54,2022-07-29,3.25,7.1x49.3x19.9,White,64GB,Glass,
316,Schwinn Fitness Pants,SCH-EXER-00316,27,Exercise Equipment,Clearance,Schwinn,50.43,91.48,2025-02-07,2.74,89.8x61.4x44.7,Pink,NaN,NaN,
317,Adidas Mens Jeans Red S,ADI-MENS-00317,65,Mens Pants,Bestseller,Adidas,75.71,184.64,2017-07-29,1.91,94.8x60.6x23.5,Blue,XXL,Wool,
318,Weber Bookshelf Metal,WEB-OFFI-00318,72,Office Furniture,NaN,Weber,294.09,568.37,2026-05-10,32.16,56.8x24.9x13.8,Space Gray,NaN,Leather,
319,Cuisinart Decorative Vase Purple,CUI-HOME-00319,26,Home Decor,NaN,Cuisinart,152.8,226.96,2019-06-16,26.95,98.6x59.1x17.8,Blue,NaN,NaN,
320,Dove Shampoo,DOV-HAIR-00320,34,Hair Care,Bestseller,Dove,117.05,219.51,2024-09-15,2.88,79.1x67.6x33.2,Pink,NaN,NaN,
321,Kraft Rice,KRA-PANT-00321,47,Pantry Staples,NaN,Kraft,47.71,82.28,2021-09-19,5.29,30.5x48.9x32.4,NaN,NaN,NaN,
322,H&M Mens Shelf Pink XL,HM-MENS-00322,17,Mens Clothing,Seasonal,H&M,50.42,99.97,2022-11-10,1.11,82.1x26.6x40.2,Orange,XXL,Polyester,
323,Patagonia Basketball,PAT-TEAM-00323,29,Team Sports,Featured,Patagonia,96.32,283.09,2025-07-05,4.76,31.1x37.8x57.1,Beige,NaN,NaN,
324,LOreal Face Moisturizer,LOR-SKIN-00324,32,Skincare,Clearance,LOreal,23.52,69.69,2023-01-06,0.4,18.8x72.1x49.9,Pink,NaN,NaN,
325,Levis Mens Hoodie Red,LEV-MENS-00325,66,Mens Outerwear,NaN,Levis,114.96,156.1,2016-02-03,1.07,49.6x34.9x45.1,White,XS,Polyester,
326,Dell Soundbar System,DEL-SPEA-00326,63,Speakers,NaN,Dell,374.12,698.87,2016-12-14,3.49,55.2x52.8x46.0,Silver,NaN,Carbon Fiber,
327,Patagonia Baseball Glove V2,PAT-TEAM-00327,29,Team Sports,Featured,Patagonia,65.09,160.21,2026-05-19,5.43,44.3x21.2x17.7,Purple,NaN,NaN,
328,Kelloggs Olive Oil,KEL-PANT-00328,47,Pantry Staples,NaN,Kelloggs,30.35,64.82,2017-12-09,0.24,69.5x35.4x26.2,NaN,NaN,NaN,
329,iRobot Living Room Cabinet Metal,IRO-FURN-00329,22,Furniture,Bestseller,iRobot,443.28,755.73,2024-12-26,30.87,80.1x16.2x58.1,Orange,NaN,Bamboo,
330,Gap Summer Dress Navy,GAP-DRES-00330,67,Dresses,NaN,Gap,77.08,117.61,2019-07-05,1.5,26.3x64.9x14.8,Gold,XS,Linen,
331,LEGO Fashion Doll,LEG-DOLL-00331,43,Dolls,Seasonal,LEGO,22.53,45.91,2024-09-05,1.92,19.3x41.4x7.0,NaN,NaN,NaN,
332,Kelloggs Granola Bars,KEL-SNAC-00332,45,Snacks,Featured,Kelloggs,27.8,33.87,2024-03-28,5.81,26.9x76.6x23.0,Gold,NaN,NaN,
333,Dell Home Theater System 96,DEL-AUDI-00333,13,Audio Equipment,Featured,Dell,329.53,441.65,2023-09-20,4.4,20.0x77.9x49.1,White,NaN,Plastic,
334,Calvin Klein Womens Maxi Dress Green,CAL-DRES-00334,67,Dresses,NaN,Calvin Klein,93.96,256.03,2024-04-23,1.93,5.0x50.8x31.1,Beige,XXL,Wool,
335,Williams-Sonoma TV Stand Wood,WIL-LIVI-00335,70,Living Room Furniture,Bestseller,Williams-Sonoma,373.86,996.32,2025-01-09,33.72,15.4x74.3x56.5,NaN,NaN,NaN,
336,Apple Portable Speaker Navy Plus,APP-SPEA-00336,63,Speakers,NaN,Apple,652.93,1612.21,2021-12-30,4.89,47.8x29.1x13.7,Blue,NaN,Glass,
337,"Garmin X1 Notebook 15.6""",GAR-LAPT-00337,12,Laptops,NaN,Garmin,371.42,706.56,2022-04-26,3.46,14.5x64.8x45.4,White,512GB,Glass,
338,The Great Adventure by Jane Doe V2,PEN-NONF-00338,37,Non-Fiction,NaN,Penguin,8.78,21.79,2026-01-13,0.0,NaN,NaN,NaN,NaN,
339,Optimum Nutrition First Aid Kit Plus,OPT-MEDI-00339,55,Medical Supplies,Clearance,Optimum Nutrition,189.31,256.77,2025-02-02,8.38,81.6x71.7x35.1,Beige,NaN,NaN,
340,Scotts Office Cabinet Leather,SCO-FURN-00340,22,Furniture,Bestseller,Scotts,487.05,1050.39,2022-09-15,4.29,46.3x46.0x50.2,Silver,NaN,Plastic,
341,Adidas Leather Belt Orange,ADI-ACCE-00341,21,Accessories,NaN,Adidas,16.77,40.65,2016-10-15,0.47,35.4x69.0x4.4,Purple,L,Linen,
342,Pantene Styling Gel,PAN-HAIR-00342,34,Hair Care,Bestseller,Pantene,46.69,64.55,2016-09-18,8.89,92.4x32.3x41.9,NaN,NaN,NaN,
343,Silent Waters by Emily White Paperback,RAN-FICT-00343,36,Fiction,NaN,Random House,51.19,150.74,2018-09-11,0.0,NaN,Navy,NaN,NaN,
344,Nikon Gaming Controller Rose Gold,NIK-GAMI-00344,16,Gaming,Bestseller,Nikon,766.69,2229.31,2026-05-03,1.98,69.9x32.6x18.4,Silver,128GB,Stainless Steel,
345,New Balance Mens Dress Shirt Beige S,NEW-MENS-00345,64,Mens Shirts,Clearance,New Balance,121.88,151.88,2016-01-27,1.77,67.8x71.1x9.6,Yellow,L,Wool,
346,Under Armour Womens Trousers Green,UND-WOME-00346,69,Womens Pants,New Arrivals,Under Armour,79.7,166.63,2018-06-06,0.47,40.5x38.5x6.4,Brown,L,Leather,
347,Ralph Lauren Designer Shirt Blue,RAL-WOME-00347,18,Womens Clothing,NaN,Ralph Lauren,73.76,124.48,2021-02-28,0.28,81.0x52.7x3.5,Pink,XXL,Nylon,
348,Williams-Sonoma Decorative Vase Rose Gold,WIL-HOME-00348,26,Home Decor,NaN,Williams-Sonoma,280.41,502.14,2019-10-24,34.17,10.5x47.6x42.0,Purple,NaN,Leather,
349,Microsoft Standard Pro 128GB,MIC-SMAR-00349,11,Smartphones,NaN,Microsoft,295.91,635.35,2021-03-14,0.53,81.9x63.6x56.1,Silver,NaN,Aluminum,
350,Trek Fitness Cabinet,TRE-EXER-00350,27,Exercise Equipment,Clearance,Trek,140.49,359.85,2018-03-17,2.83,79.8x45.6x45.4,NaN,NaN,NaN,
351,Lenovo Over-Ear Headphones Navy,LEN-HEAD-00351,62,Headphones,NaN,Lenovo,85.25,119.26,2021-04-16,1.06,46.6x48.9x15.3,Black,NaN,Plastic,
352,Mystery of Time by John Smith Paperback Gen2,RAN-FICT-00352,36,Fiction,NaN,Random House,53.0,104.13,2019-12-14,0.0,NaN,NaN,NaN,NaN,
353,Estee Lauder Hair Dryer,EST-HAIR-00353,34,Hair Care,Bestseller,Estee Lauder,86.88,172.46,2018-09-04,9.12,98.5x49.0x15.1,Rose Gold,NaN,NaN,
354,Zara Designer Pants Black,ZAR-WOME-00354,18,Womens Clothing,NaN,Zara,79.58,156.7,2025-06-18,1.13,44.1x78.4x13.5,Black,S,Linen,
355,Apple iPhone 5 Pro Max 256GB,APP-IPHO-00355,57,iPhone,NaN,Apple,446.07,722.94,2021-07-26,1.95,92.9x41.2x56.1,Space Gray,NaN,Stainless Steel,
356,iRobot Cotton Sheet Set Rose Gold,IRO-BEDD-00356,24,Bedding,Featured,iRobot,154.86,390.7,2023-01-21,9.02,28.3x52.5x33.3,Brown,NaN,Wood,
357,Nikon Home Theater System,NIK-AUDI-00357,13,Audio Equipment,Featured,Nikon,544.71,1366.23,2017-04-22,1.94,77.4x76.6x47.4,Black,NaN,Glass,
358,"Canon Predator Gaming 13""",CAN-GAMI-00358,59,Gaming Laptops,New Arrivals,Canon,635.52,1651.38,2018-06-11,4.04,57.6x30.9x41.7,Blue,128GB,Plastic,
359,KitchenAid Bookshelf Metal,KIT-OFFI-00359,72,Office Furniture,NaN,KitchenAid,409.56,1029.18,2025-03-02,27.94,31.6x11.2x20.7,Brown,NaN,Fabric,
360,Mystery of Time Blu-ray,HAC-MOVI-00360,39,Movies,Featured,Hachette,45.71,88.96,2022-02-21,0.0,NaN,Orange,NaN,NaN,
361,"Apple ThinkPad T480 17""",APP-BUSI-00361,60,Business Laptops,Bestseller,Apple,99.74,226.39,2024-02-15,2.46,44.8x15.6x50.1,Gold,NaN,Aluminum,
362,"Nikon 5000 Notebook 17""",NIK-LAPT-00362,12,Laptops,NaN,Nikon,126.96,182.97,2017-07-21,3.11,75.7x79.2x56.6,Gold,32GB,Glass,
363,New Balance Designer Chair Orange,NEW-WOME-00363,18,Womens Clothing,NaN,New Balance,15.13,21.71,2025-05-23,1.37,89.3x21.9x40.4,Gold,M,Silk,
364,"JBL ThinkPad 7000 15.6""",JBL-BUSI-00364,60,Business Laptops,Bestseller,JBL,470.41,629.01,2023-07-09,3.8,83.4x55.4x49.3,White,NaN,Plastic,
365,REI Elliptical Trainer,REI-CARD-00365,73,Cardio Machines,Featured,REI,129.83,181.3,2022-05-13,4.87,68.5x37.1x55.7,NaN,NaN,NaN,
366,Unilever Organic Pasta,UNI-PANT-00366,47,Pantry Staples,NaN,Unilever,32.16,84.07,2021-12-12,4.17,29.0x21.4x26.1,Navy,NaN,NaN,
367,Dove Foundation,DOV-MAKE-00367,33,Makeup,NaN,Dove,147.67,383.26,2018-03-10,2.22,13.8x12.7x39.5,Purple,NaN,NaN,
368,Michelin Seat Covers Silver,MIC-CARA-00368,50,Car Accessories,Clearance,Michelin,162.73,211.98,2019-06-15,3.77,12.5x69.4x59.2,NaN,NaN,NaN,
369,Centrum Sleep Tracker,CEN-WELL-00369,56,Wellness Devices,NaN,Centrum,96.14,150.89,2017-01-15,8.63,65.2x18.0x29.3,NaN,NaN,NaN,
370,Gap Womens Blouse Rose Gold S,GAP-TOPS-00370,68,Tops,NaN,Gap,135.26,256.71,2023-04-20,0.65,87.5x23.9x31.5,Rose Gold,L,Silk,
371,Calvin Klein Kids T-Shirt Red S,CAL-KIDS-00371,19,Kids Clothing,NaN,Calvin Klein,137.19,345.81,2020-01-13,1.74,55.3x15.6x21.2,Gray,XL,Nylon,
372,Gap Running Shoes Green,GAP-FOOT-00372,20,Footwear,NaN,Gap,106.49,221.0,2022-08-05,1.96,92.5x36.6x50.4,White,L,Cotton,
373,Schwinn Pool Float,SCH-WATE-00373,30,Water Sports,New Arrivals,Schwinn,69.67,180.89,2022-01-25,5.08,31.8x42.2x23.4,Gold,NaN,NaN,
374,Olay Foundation,OLA-MAKE-00374,33,Makeup,NaN,Olay,18.42,25.3,2017-11-05,8.1,40.5x69.8x45.2,Rose Gold,NaN,NaN,
375,Olay Foundation Plus,OLA-MAKE-00375,33,Makeup,NaN,Olay,15.33,38.81,2024-09-28,3.47,31.0x6.0x46.2,Pink,NaN,NaN,
376,Apple Smart Band,APP-WEAR-00376,15,Wearable Technology,NaN,Apple,468.5,1032.57,2020-12-13,1.88,25.2x63.8x43.7,Silver,NaN,Glass,
377,Williams-Sonoma Comforter Set Space Gray,WIL-BEDD-00377,24,Bedding,Featured,Williams-Sonoma,373.24,776.78,2019-10-29,27.79,83.2x52.5x41.8,Gold,NaN,Glass,
378,Calvin Klein Mens Hoodie Black,CAL-MENS-00378,66,Mens Outerwear,NaN,Calvin Klein,34.08,100.56,2024-12-13,1.23,34.0x11.2x51.9,Blue,XL,Wool,
379,LEGO Doll House Set Gen2,LEG-DOLL-00379,43,Dolls,Seasonal,LEGO,36.92,47.01,2018-09-27,1.25,22.6x72.6x55.2,Space Gray,NaN,NaN,
380,Dell Smart Watch Red,DEL-WEAR-00380,15,Wearable Technology,NaN,Dell,577.91,729.31,2026-01-21,0.43,64.7x39.6x20.7,Black,NaN,Glass,
381,Michelin Socket Set,MIC-TOOL-00381,51,Tools,New Arrivals,Michelin,296.74,453.14,2023-09-18,5.75,61.0x23.5x2.5,NaN,NaN,NaN,
382,Adidas Womens Sweater Purple,ADI-TOPS-00382,68,Tops,NaN,Adidas,87.78,230.76,2023-03-21,0.74,61.6x66.2x29.1,Green,L,Wool,
383,Schwinn Yoga Block Set Edition,SCH-YOGA-00383,75,Yoga & Pilates,NaN,Schwinn,183.69,546.58,2016-05-11,8.15,42.0x75.9x18.5,NaN,NaN,NaN,
384,New Balance Womens Trousers Space Gray,NEW-WOME-00384,69,Womens Pants,New Arrivals,New Balance,18.69,39.95,2020-09-02,0.72,10.8x37.9x58.0,Gray,M,Linen,
385,Goodyear Oil Filter,GOO-CARP-00385,49,Car Parts,NaN,Goodyear,178.54,485.58,2020-09-24,4.82,69.4x11.7x23.4,NaN,NaN,NaN,
386,Ralph Lauren Womens Jeans Gray S,RAL-WOME-00386,69,Womens Pants,New Arrivals,Ralph Lauren,139.17,279.9,2022-04-27,1.15,9.6x64.4x37.2,Black,L,Wool,
387,Estee Lauder Eau de Parfum,EST-FRAG-00387,35,Fragrances,Featured,Estee Lauder,46.83,65.89,2016-09-06,1.38,97.0x63.2x8.0,Navy,NaN,NaN,
388,Journey Home DVD Collection Gen2,RAN-MOVI-00388,39,Movies,Featured,Random House,66.57,91.76,2025-10-13,0.0,NaN,Space Gray,NaN,NaN,
389,Samsung Bluetooth Speaker Gray,SAM-SPEA-00389,63,Speakers,NaN,Samsung,127.98,327.83,2017-02-04,4.94,18.4x6.2x3.6,Gold,256GB,Glass,
390,Schwinn Rower Home Gym Edition,SCH-EXER-00390,27,Exercise Equipment,Clearance,Schwinn,33.93,98.86,2020-11-05,3.57,30.2x19.7x8.8,NaN,NaN,NaN,
391,Ralph Lauren Womens T-Shirt Brown,RAL-TOPS-00391,68,Tops,NaN,Ralph Lauren,25.16,44.4,2018-04-03,0.57,51.5x5.1x13.3,Space Gray,XS,Leather,
392,Scotts Comforter Set Beige,SCO-BEDD-00392,24,Bedding,Featured,Scotts,298.88,598.09,2017-02-28,34.28,34.5x45.1x29.5,White,NaN,Wood,
393,Patagonia Treadmill Home Gym,PAT-EXER-00393,27,Exercise Equipment,Clearance,Patagonia,93.66,254.29,2026-04-02,8.62,39.8x23.8x18.4,NaN,NaN,NaN,
394,Under Armour Mens Dress Shirt Gold L,UND-MENS-00394,64,Mens Shirts,Clearance,Under Armour,95.14,238.97,2022-07-12,0.24,38.4x67.2x53.6,Navy,XS,Silk,
395,Michelin Floor Mats,MIC-CARA-00395,50,Car Accessories,Clearance,Michelin,284.81,355.98,2023-10-14,4.19,54.3x69.3x18.7,NaN,NaN,NaN,
396,Coleman Soccer Ball,COL-TEAM-00396,29,Team Sports,Featured,Coleman,32.43,81.59,2026-01-24,4.89,15.5x11.8x58.9,NaN,NaN,NaN,
397,H&M Mens Casual Shirt Orange,HM-MENS-00397,64,Mens Shirts,Clearance,H&M,142.99,214.11,2024-11-29,0.83,9.0x8.3x47.9,Blue,M,Wool,
398,Craftsman Wrench Set,CRA-TOOL-00398,51,Tools,New Arrivals,Craftsman,181.38,429.14,2023-11-05,2.9,83.5x56.2x53.4,Space Gray,NaN,NaN,
399,Apple Home Theater System,APP-AUDI-00399,13,Audio Equipment,Featured,Apple,471.55,596.94,2025-03-05,2.06,34.1x30.8x24.6,Gold,NaN,Glass,
400,Hot Wheels Quest Board Game,HOT-BOAR-00400,41,Board Games,Seasonal,Hot Wheels,75.65,94.03,2017-09-08,3.74,23.4x70.9x30.7,NaN,NaN,NaN,
401,Levis Womens Shelf Silver XL,LEV-WOME-00401,18,Womens Clothing,NaN,Levis,39.68,116.12,2025-06-09,1.92,65.0x21.0x23.9,Navy,XL,Linen,
402,Crate & Barrel Office Table Fabric,CRA-FURN-00402,22,Furniture,Bestseller,Crate & Barrel,93.99,224.2,2020-04-22,32.87,92.8x75.0x32.6,Brown,NaN,NaN,
403,Sony Over-Ear Headphones Navy,SON-HEAD-00403,62,Headphones,NaN,Sony,161.72,415.53,2017-04-14,1.38,57.0x66.3x49.6,Gold,64GB,Carbon Fiber,
404,Dove Anti-Aging Serum,DOV-SKIN-00404,32,Skincare,Clearance,Dove,38.39,92.6,2020-11-19,6.45,85.7x70.0x30.6,Green,NaN,NaN,
405,LG Fitness Tracker Navy,LG-WEAR-00405,15,Wearable Technology,NaN,LG,665.82,1372.84,2024-12-05,3.3,26.2x22.2x54.4,White,64GB,Glass,
406,"Samsung Legion Gaming Laptop 15.6""",SAM-GAMI-00406,59,Gaming Laptops,New Arrivals,Samsung,772.84,1678.7,2018-10-30,2.21,97.1x77.1x25.0,Space Gray,NaN,Stainless Steel,
407,IKEA Outdoor Planter Beige,IKE-GARD-00407,25,Garden Supplies,New Arrivals,IKEA,90.49,261.02,2023-07-29,26.78,23.1x6.1x35.0,Gold,NaN,Metal,
408,Crate & Barrel Toaster Green,CRA-KITC-00408,23,Kitchen,Bestseller,Crate & Barrel,208.68,582.48,2022-02-06,5.56,76.1x27.0x42.7,Brown,NaN,NaN,
409,Weber Kitchen Shelf Set,WEB-KITC-00409,23,Kitchen,Bestseller,Weber,418.77,882.4,2022-06-21,43.08,67.7x73.5x6.7,Brown,NaN,NaN,
410,Olay Styling Gel,OLA-HAIR-00410,34,Hair Care,Bestseller,Olay,102.93,238.66,2016-06-21,5.68,65.0x20.5x32.8,Gray,NaN,NaN,
411,Nike Resistance Band Set,NIK-YOGA-00411,75,Yoga & Pilates,NaN,Nike,29.08,84.88,2019-03-18,7.33,80.0x58.2x18.2,Red,NaN,NaN,
412,Tommy Hilfiger Leather Belt Blue,TOM-ACCE-00412,21,Accessories,NaN,Tommy Hilfiger,137.03,366.17,2026-05-12,0.52,52.1x74.2x48.0,Beige,XXL,Silk,
413,Mystery of Time by Robert Brown,PEN-NONF-00413,37,Non-Fiction,NaN,Penguin,44.8,86.25,2016-08-28,0.0,NaN,Red,NaN,NaN,
414,Microsoft Portable Speaker Red,MIC-SPEA-00414,63,Speakers,NaN,Microsoft,276.58,340.19,2016-12-05,0.79,89.9x32.2x49.7,Silver,NaN,Carbon Fiber,
415,Puma Mens Shirt Brown M,PUM-MENS-00415,17,Mens Clothing,Seasonal,Puma,94.65,158.1,2025-10-14,1.55,19.3x67.3x40.6,Rose Gold,M,Denim,
416,Dyson Ergonomic Office Chair V2,DYS-OFFI-00416,72,Office Furniture,NaN,Dyson,120.04,287.28,2016-03-21,8.8,74.3x55.5x6.5,Brown,NaN,Bamboo,
417,Patagonia Treadmill Pro,PAT-CARD-00417,73,Cardio Machines,Featured,Patagonia,26.93,41.57,2020-06-15,4.74,84.8x59.2x38.9,Silver,NaN,NaN,
418,Funko Doll House Set,FUN-DOLL-00418,43,Dolls,Seasonal,Funko,26.37,67.05,2020-11-08,8.95,41.2x58.0x27.1,NaN,NaN,NaN,
419,Mystery of Time by John Smith,SON-NONF-00419,37,Non-Fiction,NaN,Sony Music,22.67,45.56,2026-05-16,0.0,NaN,White,NaN,NaN,
420,"Apple ThinkPad 5000 13""",APP-BUSI-00420,60,Business Laptops,Bestseller,Apple,195.62,348.82,2023-09-25,4.85,67.0x37.3x57.9,White,256GB,Carbon Fiber,
421,Microsoft Studio Monitor Speakers,MIC-AUDI-00421,13,Audio Equipment,Featured,Microsoft,722.39,1704.26,2022-02-21,3.0,27.5x9.9x35.6,Gold,NaN,Glass,
422,Thule Tire Shine Gen2,THU-CARC-00422,52,Car Care,NaN,Thule,279.75,771.74,2022-08-20,3.36,80.6x45.1x17.6,Blue,NaN,NaN,
423,Hasbro Doll House Set,HAS-DOLL-00423,43,Dolls,Seasonal,Hasbro,52.26,127.71,2024-10-30,4.5,70.9x50.8x42.1,Gray,NaN,NaN,
424,Journey Home by Emily White Paperback,PEN-FICT-00424,36,Fiction,NaN,Penguin,18.69,26.23,2018-12-11,0.0,NaN,Yellow,NaN,NaN,
425,Journey Home by John Smith,PEN-NONF-00425,37,Non-Fiction,NaN,Penguin,64.4,177.51,2025-07-28,0.0,NaN,Gray,NaN,NaN,
426,Crate & Barrel Modern Chair,CRA-FURN-00426,22,Furniture,Bestseller,Crate & Barrel,456.84,1112.12,2017-07-18,32.26,17.7x64.1x57.4,Silver,NaN,Glass,
427,Under Armour Resistance Band Set,UND-YOGA-00427,75,Yoga & Pilates,NaN,Under Armour,103.91,137.59,2022-02-12,9.45,93.3x13.1x36.2,Pink,NaN,NaN,
428,Under Armour Swim Goggles,UND-WATE-00428,30,Water Sports,New Arrivals,Under Armour,168.62,379.16,2022-06-05,2.6,72.3x72.8x18.1,NaN,NaN,NaN,
429,GNC Vitamin C,GNC-VITA-00429,53,Vitamins,Featured,GNC,20.81,25.2,2017-06-16,1.19,58.3x41.5x53.2,Red,NaN,NaN,
430,Sony DSLR Camera Body,SON-CAME-00430,14,Cameras,Clearance,Sony,390.97,574.94,2019-08-30,3.14,6.8x36.4x54.1,Blue,128GB,Carbon Fiber,
431,Dell DSLR Camera Body Gen2,DEL-CAME-00431,14,Cameras,Clearance,Dell,167.58,376.59,2019-09-20,3.16,43.1x12.6x49.7,Black,128GB,Carbon Fiber,
432,Under Armour Mens Jeans Green XL,UND-MENS-00432,65,Mens Pants,Bestseller,Under Armour,36.73,48.65,2016-10-18,0.7,49.1x78.1x58.7,Green,XXL,Nylon,
433,The Great Adventure Hardcover Edition,RAN-FICT-00433,36,Fiction,NaN,Random House,78.78,210.06,2021-01-19,0.0,NaN,Silver,NaN,NaN,
434,"Microsoft X1 Notebook 15.6""",MIC-LAPT-00434,12,Laptops,NaN,Microsoft,291.67,521.01,2019-10-09,4.65,63.9x33.8x50.0,Blue,NaN,Aluminum,
435,Omron Pre-Workout,OMR-FITN-00435,54,Fitness Supplements,Clearance,Omron,31.48,77.03,2022-12-09,9.04,84.3x77.2x28.0,NaN,NaN,NaN,
436,Journey Home Guide Book,UNI-NONF-00436,37,Non-Fiction,NaN,Universal,30.88,80.51,2019-07-16,0.0,NaN,Gold,NaN,NaN,
437,Omron Multivitamin Plus,OMR-VITA-00437,53,Vitamins,Featured,Omron,139.32,335.9,2016-01-26,5.77,8.8x38.1x30.0,NaN,NaN,NaN,
438,H&M Kids Jacket Gray,HM-KIDS-00438,19,Kids Clothing,NaN,H&M,121.26,302.99,2020-10-27,0.98,18.6x76.7x17.8,Orange,L,Silk,
439,Adidas Athletic Shoes Silver,ADI-FOOT-00439,20,Footwear,NaN,Adidas,142.94,248.98,2021-07-24,0.46,98.1x43.5x44.3,Red,XS,Polyester,
440,Cuisinart Modern Table,CUI-FURN-00440,22,Furniture,Bestseller,Cuisinart,133.07,216.11,2018-12-02,35.82,72.3x78.6x2.2,Beige,NaN,Plastic,
441,LEGO STEM Learning Kit,LEG-EDUC-00441,44,Educational Toys,New Arrivals,LEGO,31.92,90.47,2025-09-29,4.76,74.6x20.3x45.9,Green,NaN,NaN,
442,Gap Mens Dress Shirt Orange M,GAP-MENS-00442,64,Mens Shirts,Clearance,Gap,64.26,169.42,2020-10-08,1.81,59.9x49.2x57.8,Gold,XL,Polyester,
443,Fitbit Smart Band,FIT-WEAR-00443,15,Wearable Technology,NaN,Fitbit,717.2,2097.24,2017-06-10,0.85,25.8x64.7x29.5,Silver,NaN,Stainless Steel,
444,Funko Construction Kit Plus,FUN-BUIL-00444,42,Building Sets,NaN,Funko,49.69,80.53,2018-03-22,5.72,61.1x71.6x40.6,Space Gray,NaN,NaN,
445,Dell Gaming Headset,DEL-GAMI-00445,16,Gaming,Bestseller,Dell,782.41,1541.47,2023-05-05,4.7,19.9x61.6x49.3,White,256GB,Carbon Fiber,
446,Lenovo Soundbar System,LEN-SPEA-00446,63,Speakers,NaN,Lenovo,441.3,551.92,2024-07-31,1.22,72.3x35.1x24.8,Black,NaN,Stainless Steel,
447,Ralph Lauren Mens Jacket Silver L,RAL-MENS-00447,66,Mens Outerwear,NaN,Ralph Lauren,105.5,154.54,2020-07-30,0.71,36.9x60.4x38.6,Red,S,Wool,
448,Funko Strategy Game,FUN-BOAR-00448,41,Board Games,Seasonal,Funko,61.39,125.72,2025-06-02,7.55,40.8x8.1x3.3,Beige,NaN,NaN,
449,Optimum Nutrition Pre-Workout,OPT-FITN-00449,54,Fitness Supplements,Clearance,Optimum Nutrition,175.79,392.03,2016-12-15,1.38,42.5x17.5x18.0,NaN,NaN,NaN,
450,Patagonia Soccer Ball,PAT-TEAM-00450,29,Team Sports,Featured,Patagonia,87.58,152.76,2017-11-08,7.34,14.2x39.8x33.5,NaN,NaN,NaN,
451,Thule Phone Mount,THU-CARA-00451,50,Car Accessories,Clearance,Thule,93.45,127.31,2026-05-11,4.84,51.1x55.9x17.5,NaN,NaN,NaN,
452,Sony Over-Ear Headphones Silver,SON-HEAD-00452,62,Headphones,NaN,Sony,125.75,192.56,2024-12-17,3.02,74.1x74.7x5.7,Silver,NaN,Stainless Steel,
453,Crate & Barrel Comforter Set Yellow,CRA-BEDD-00453,24,Bedding,Featured,Crate & Barrel,272.06,488.68,2016-07-20,4.78,16.3x14.9x7.2,Orange,NaN,NaN,
454,Nintendo Explorer Action Figure,NIN-ACTI-00454,40,Action Figures,Featured,Nintendo,16.72,20.9,2017-08-10,7.46,96.1x67.3x44.6,Gray,NaN,NaN,
455,LG Bluetooth Speaker Silver,LG-SPEA-00455,63,Speakers,NaN,LG,740.65,1346.63,2018-01-04,4.42,99.1x52.5x36.6,Silver,NaN,Plastic,
456,LEGO Building Block Set Gen2,LEG-BUIL-00456,42,Building Sets,NaN,LEGO,79.63,184.36,2026-05-12,7.83,8.5x57.0x30.8,NaN,NaN,NaN,
457,Coleman Mountain Bike Orange,COL-CYCL-00457,31,Cycling,Featured,Coleman,131.49,323.27,2019-05-28,3.5,62.2x46.3x50.9,NaN,NaN,NaN,
458,Estee Lauder Lipstick Orange,EST-MAKE-00458,33,Makeup,NaN,Estee Lauder,41.77,113.9,2020-06-22,9.26,44.8x51.8x26.4,NaN,NaN,NaN,
459,LEGO Doll House Set Plus,LEG-DOLL-00459,43,Dolls,Seasonal,LEGO,67.82,200.64,2022-09-18,5.01,10.6x20.6x54.2,NaN,NaN,NaN,
460,Optimum Nutrition Thermometer,OPT-MEDI-00460,55,Medical Supplies,Clearance,Optimum Nutrition,97.67,265.23,2016-07-28,9.61,37.8x9.6x44.0,NaN,NaN,NaN,
461,iRobot Office Table Metal,IRO-FURN-00461,22,Furniture,Bestseller,iRobot,360.69,711.37,2017-12-19,24.69,32.6x16.8x5.8,Gray,NaN,NaN,
462,Ralph Lauren Scarf Yellow,RAL-ACCE-00462,21,Accessories,NaN,Ralph Lauren,117.78,251.66,2022-03-03,1.23,14.5x21.9x40.9,Rose Gold,M,Leather,
463,LEGO Construction Kit,LEG-BUIL-00463,42,Building Sets,NaN,LEGO,24.86,62.85,2022-05-29,3.45,31.2x23.4x29.7,Pink,NaN,NaN,
464,NYX Shampoo,NYX-HAIR-00464,34,Hair Care,Bestseller,NYX,81.15,125.01,2022-09-12,3.37,54.5x61.8x46.3,NaN,NaN,NaN,
465,New Balance Womens Blouse Yellow XL,NEW-TOPS-00465,68,Tops,NaN,New Balance,121.36,159.2,2023-02-06,1.32,97.6x55.3x9.4,Yellow,M,Wool,
466,"Nikon ThinkPad T480 27""",NIK-BUSI-00466,60,Business Laptops,Bestseller,Nikon,631.71,937.33,2025-03-12,1.96,57.1x23.1x22.0,Silver,128GB,Carbon Fiber,
467,Zara Womens T-Shirt Gray,ZAR-TOPS-00467,68,Tops,NaN,Zara,27.31,75.23,2023-05-27,1.77,81.5x66.5x10.4,Silver,S,Polyester,
468,Jazz Ensemble Album Vinyl Record Edition,HAR-MUSI-00468,38,Music,Seasonal,HarperCollins,29.81,87.01,2023-07-24,0.0,NaN,NaN,NaN,NaN,
469,Weber Sectional Sofa Purple,WEB-LIVI-00469,70,Living Room Furniture,Bestseller,Weber,54.17,152.93,2019-02-28,5.29,22.5x53.3x41.6,NaN,NaN,NaN,
470,Crate & Barrel Cotton Sheet Set Yellow,CRA-BEDD-00470,24,Bedding,Featured,Crate & Barrel,253.53,731.75,2024-06-10,8.14,17.1x28.4x20.6,Silver,NaN,Glass,
471,Olay Foundation Edition,OLA-MAKE-00471,33,Makeup,NaN,Olay,140.94,403.72,2021-01-10,1.69,18.4x32.6x15.4,Silver,NaN,NaN,
472,Nintendo Construction Kit,NIN-BUIL-00472,42,Building Sets,NaN,Nintendo,26.38,66.06,2020-07-26,8.35,95.3x31.6x9.5,Green,NaN,NaN,
473,Under Armour Bike Helmet Red,UND-CYCL-00473,31,Cycling,Featured,Under Armour,170.88,309.25,2026-02-23,6.37,24.8x19.8x52.3,Purple,NaN,NaN,
474,Barbie Science Experiment Set,BAR-EDUC-00474,44,Educational Toys,New Arrivals,Barbie,58.57,119.28,2016-11-22,5.21,6.2x55.1x41.1,NaN,NaN,NaN,
475,LG Gaming Controller Gold,LG-GAMI-00475,16,Gaming,Bestseller,LG,723.77,1839.85,2024-10-16,0.94,48.4x50.1x37.9,Space Gray,128GB,Stainless Steel,
476,Weber Lawn Mower 16,WEB-GARD-00476,25,Garden Supplies,New Arrivals,Weber,491.96,1452.42,2022-07-26,17.03,19.0x50.0x38.8,Blue,NaN,NaN,
477,Nestle Organic Cabinet,NES-ORGA-00477,48,Organic Foods,Seasonal,Nestle,39.41,75.86,2021-12-11,6.53,51.4x70.9x40.5,Blue,NaN,NaN,
478,Braun Whey Protein,BRA-FITN-00478,54,Fitness Supplements,Clearance,Braun,165.48,215.05,2025-02-03,4.77,51.4x75.7x11.8,NaN,NaN,NaN,
479,Under Armour Rower Home Gym,UND-EXER-00479,27,Exercise Equipment,Clearance,Under Armour,80.95,218.28,2025-02-22,6.95,88.8x35.6x52.2,Navy,NaN,NaN,
480,H&M Womens Chair Beige L,HM-WOME-00480,18,Womens Clothing,NaN,H&M,23.56,53.57,2022-03-04,0.57,49.1x51.8x14.6,Space Gray,XXL,Nylon,
481,Asus Bluetooth Speaker Green,ASU-SPEA-00481,63,Speakers,NaN,Asus,95.01,146.87,2019-12-02,4.28,69.4x14.1x23.7,Silver,NaN,Glass,
482,Nintendo Fashion Doll,NIN-DOLL-00482,43,Dolls,Seasonal,Nintendo,36.88,52.11,2017-10-07,5.8,91.6x40.4x56.5,NaN,NaN,NaN,
483,"Lenovo 7000 Notebook 15.6""",LEN-LAPT-00483,12,Laptops,NaN,Lenovo,379.87,1130.4,2020-12-09,0.63,36.8x26.9x35.4,Space Gray,64GB,Plastic,
484,Yeti Cycling Jersey Red,YET-CYCL-00484,31,Cycling,Featured,Yeti,23.59,62.52,2020-11-06,7.72,56.3x8.8x40.2,NaN,NaN,NaN,
485,Optimum Nutrition Blood Pressure Monitor,OPT-MEDI-00485,55,Medical Supplies,Clearance,Optimum Nutrition,190.12,493.06,2016-03-14,5.43,8.5x23.1x51.8,Black,NaN,NaN,
486,KitchenAid Memory Foam Pillow,KIT-BEDD-00486,24,Bedding,Featured,KitchenAid,205.9,415.81,2024-02-23,2.7,86.5x8.5x20.6,Space Gray,NaN,NaN,
487,The North Face Hiking Backpack Blue,THE-OUTD-00487,28,Outdoor Recreation,New Arrivals,The North Face,151.32,424.39,2025-11-17,9.68,15.2x57.7x44.1,NaN,NaN,NaN,
488,Goodyear Interior Cleaner,GOO-CARC-00488,52,Car Care,NaN,Goodyear,52.93,127.93,2022-03-04,6.98,47.2x30.4x27.8,NaN,NaN,NaN,
489,Nikon Home Theater System 70,NIK-AUDI-00489,13,Audio Equipment,Featured,Nikon,59.44,150.92,2023-08-24,2.49,94.3x56.7x57.3,Gold,512GB,Plastic,
490,"Bose ThinkPad 7000 15.6""",BOS-BUSI-00490,60,Business Laptops,Bestseller,Bose,475.55,1264.96,2023-06-12,0.74,75.3x29.5x34.9,Silver,256GB,Plastic,
491,"Nikon 5000 Laptop 15.6"" 128GB",NIK-LAPT-00491,12,Laptops,NaN,Nikon,476.37,1003.62,2019-11-21,0.16,94.8x30.1x22.3,Space Gray,256GB,Glass,
492,Mystery of Time by Emily White Paperback V2,HAC-FICT-00492,36,Fiction,NaN,Hachette,60.3,136.92,2022-03-08,0.0,NaN,Gold,NaN,NaN,
493,HP iPhone 2 Pro Max 128GB,HP-IPHO-00493,57,iPhone,NaN,HP,137.66,369.54,2018-12-28,3.24,75.9x46.6x27.1,Black,NaN,Aluminum,
494,Mattel Construction Kit Gen2,MAT-BUIL-00494,42,Building Sets,NaN,Mattel,34.11,91.91,2016-06-29,3.36,28.7x21.9x23.8,Silver,NaN,NaN,
495,Nike Mens Polo Shirt Rose Gold,NIK-MENS-00495,64,Mens Shirts,Clearance,Nike,25.63,76.86,2025-03-11,0.47,98.5x67.6x21.7,Gray,L,Polyester,
496,Nike Mountain Bike Purple,NIK-CYCL-00496,31,Cycling,Featured,Nike,30.88,62.5,2019-10-01,3.17,12.9x30.6x11.4,NaN,NaN,NaN,
497,LOreal Facial Cleanser,LOR-SKIN-00497,32,Skincare,Clearance,LOreal,126.69,298.38,2022-10-12,4.76,83.4x24.6x32.3,NaN,NaN,NaN,
498,Dyson Kitchen Shelf Set,DYS-KITC-00498,23,Kitchen,Bestseller,Dyson,314.8,534.57,2024-10-16,1.96,60.9x60.4x55.7,Rose Gold,NaN,Glass,
499,Tommy Hilfiger Womens Trousers Black,TOM-WOME-00499,69,Womens Pants,New Arrivals,Tommy Hilfiger,78.93,114.7,2024-07-25,0.95,10.8x40.0x22.2,Gold,M,Cotton,
500,Puma Summer Dress Purple,PUM-DRES-00500,67,Dresses,NaN,Puma,39.44,48.8,2018-08-09,1.88,71.7x39.5x5.3,Beige,L,Leather,
