user_id,email_address,gender,date_of_birth,age,phone_number,address_id,city,state_province,postal_code,country,account_status,is_active,account_created_at,last_login_date,last_purchase_date,total_purchases,lifetime_value,loyalty_points
1,olga877@outlook.com,Male,1953-07-23,72,+19494333632,1.0,Clinton,NE,68878,US,Active,True,2023-04-05T03:43:47Z,2025-03-20T06:21:14Z,2023-05-02,6,531.16,633
2,david.robinson@hotmail.com,Female,1998-01-26,27,+17029070354,3.0,Chester,LA,38785,US,Active,True,2024-05-09T11:10:23Z,2025-06-26T17:52:40Z,2024-10-31,22,5440.36,6386
3,anderson.michael@protonmail.com,Male,1978-11-30,47,+19178298819,5.0,Seattle,WA,99353,US,Active,True,2021-09-08T02:24:24Z,2025-02-22T16:57:40Z,,0,0.0,0
4,elenasanchez@icloud.com,Male,1988-08-14,37,+13127534391,6.0,Chester,WI,26483,US,Inactive,False,2025-04-20T00:38:20Z,2025-08-23T00:46:19Z,2025-09-12,5,402.06,836
5,emily_ivanov@fastmail.com,Male,1992-04-08,33,+13054085880,8.0,Salem,AR,54473,US,Active,True,2021-06-18T15:15:50Z,2025-04-27T04:27:56Z,2025-07-20,56,7087.3,5938
6,edwardivanov@hotmail.com,Female,1946-04-20,79,+19177552178,,,,,,Pending,False,2016-11-05T12:00:24Z,,,0,0.0,0
7,donna.ramirez@yandex.com,Prefer not to say,1946-07-05,79,+12137664093,9.0,Riverside,ID,87992,US,Active,True,2023-05-22T10:03:03Z,2025-03-01T01:36:01Z,,0,0.0,65
8,chen_hill@icloud.com,Female,1947-07-20,78,+18582065624,10.0,Fairview,MD,95717,US,Closed,False,2015-02-08T14:39:36Z,2016-03-23T17:13:49Z,2017-11-04,34,13685.48,14914
9,aclark@hotmail.com,Female,1991-04-09,34,+19059316265,13.0,Edmonton,AB,N7K 5H1,CA,Inactive,False,2024-11-30T13:39:47Z,2025-02-17T21:34:57Z,,0,0.0,0
10,nelson.carlos@hotmail.com,Other,1964-06-22,61,+18589764287,14.0,Salem,VA,10221,US,Active,True,2017-01-01T18:16:02Z,2025-10-31T13:43:24Z,2018-04-19,81,16850.02,18023
11,donna_taylor@yandex.com,Male,2001-10-21,24,+14047526840,15.0,Chester,IN,72021,US,Inactive,False,2023-05-23T05:39:36Z,2024-03-26T18:15:29Z,2025-02-02,19,1901.05,2392
12,rharris@zoho.com,Female,1962-12-05,63,+18057139300,16.0,Fairview,OK,51588,US,Active,True,2016-08-27T20:44:00Z,2025-11-01T09:58:11Z,2018-01-06,133,23474.65,26280
13,jeffrey.martinez62@icloud.com,Female,1969-09-21,56,+19495190867,17.0,Fairview,WY,12560,US,Active,True,2025-01-05T17:05:08Z,2025-10-09T00:29:52Z,2025-10-09,7,241.45,697
14,chen141@gmail.com,Male,1964-05-18,61,+12138553457,19.0,Clinton,MN,95215,US,Active,True,2019-04-02T10:13:29Z,2025-07-10T21:02:25Z,2020-03-02,97,30841.27,34826
15,william.mller@icloud.com,Female,1985-01-06,40,+17029144687,22.0,Bellevue,WA,45179,US,Active,True,2016-03-08T13:23:40Z,2025-05-04T11:33:07Z,2025-03-31,134,39094.04,56441
16,ahmed.nelson68@yahoo.com,Male,1963-08-05,62,+19498377086,25.0,Bristol,WV,46241,US,Active,True,2017-08-02T03:46:12Z,2025-07-16T07:33:46Z,,0,0.0,0
17,elizabeth.miller@yandex.com,Male,1968-04-19,57,+17864561715,27.0,Madison,NH,87139,US,Blocked,False,2015-12-15T07:07:35Z,2024-07-11T20:46:13Z,,0,0.0,66
18,andrew881@outlook.com,Male,1977-02-24,48,+15126833910,30.0,Fairview,OR,12719,US,Inactive,False,2025-07-28T08:32:34Z,2025-12-01T22:38:12Z,2025-08-03,4,1109.26,958
19,slee@fastmail.com,Male,2000-06-25,25,+18585034825,31.0,Springfield,NE,34586,US,Inactive,False,2025-08-07T12:52:48Z,2025-08-17T02:58:08Z,2025-12-16,1,320.46,886
20,ahmedjackson@hotmail.com,Male,1953-04-15,72,+16479825331,33.0,Chester,NU,V6N 9Y6,CA,Closed,False,2024-09-09T02:17:49Z,2025-04-09T13:17:39Z,2025-07-06,1,96.49,116
21,martin.lin@icloud.com,Male,1971-05-31,54,+12127179625,35.0,Bristol,VA,80912,US,Inactive,False,2021-12-27T22:25:41Z,2022-06-10T09:20:24Z,,0,0.0,0
22,elizabeth.khan85@gmail.com,Other,1998-05-12,27,+12018962859,38.0,Madison,OR,48696,US,Closed,False,2025-10-15T13:44:16Z,2025-11-13T22:56:40Z,,0,0.0,48
23,barbara.nguyen@aol.com,Male,1952-11-23,73,+17189094618,40.0,San Francisco,CA,39571,US,Active,True,2023-10-27T17:56:23Z,2025-03-29T10:54:40Z,2024-08-24,17,6915.8,9146
24,adams.sofia@outlook.com,Other,1998-01-16,27,+19175515890,41.0,Georgetown,NJ,97881,US,Active,True,2024-03-28T14:58:44Z,2025-07-24T11:24:51Z,2024-07-24,31,1104.8,959
25,charles.taylor@zoho.com,Female,2000-05-06,25,+18056226505,44.0,Winston-Salem,NC,24293,US,Inactive,False,2024-09-18T00:08:00Z,2025-03-20T07:45:20Z,2025-06-14,9,335.47,524
26,ejackson@aol.com,Male,1993-07-22,32,+15035471319,45.0,Salem,IN,69186,US,Active,True,2021-02-24T22:20:24Z,2025-02-23T14:38:53Z,2025-12-06,56,3027.54,3809
27,melissa458@zoho.com,Female,1991-06-07,34,+14039107456,46.0,Madison,PE,P2X 4G7,CA,Active,True,2018-09-12T21:07:26Z,2025-06-27T18:55:53Z,,0,0.0,0
28,paulbrown@yandex.com,Male,1971-07-12,54,+19722712671,47.0,Tacoma,WA,84395,US,Inactive,False,2018-12-08T00:11:55Z,2020-07-16T18:54:20Z,2023-02-25,8,372.6,407
29,ivanov.mei@gmail.com,Female,1976-07-01,49,+17132604613,48.0,Winston-Salem,NC,97562,US,Active,True,2021-09-20T01:00:13Z,2025-07-23T07:49:21Z,2025-11-27,38,3344.91,3956
30,aisha.zhang14@hotmail.com,Female,1980-03-21,45,+13123981966,49.0,Naperville,IL,56019,US,Closed,False,2024-06-21T03:15:27Z,2025-04-18T15:48:32Z,2024-09-15,10,2206.01,1882
31,jacob_khan@fastmail.com,Female,1946-01-29,79,+19497468008,50.0,Springfield,OK,68947,US,Inactive,False,2018-12-12T16:04:19Z,2024-02-16T06:06:22Z,2019-12-16,74,3670.47,4516
32,aallen@zoho.com,Female,1995-02-10,30,+18582783940,52.0,Grand Rapids,MI,97833,US,Inactive,False,2024-10-16T04:21:05Z,2025-08-11T01:31:03Z,2025-08-16,21,4889.85,6624
33,jones.maria@hotmail.com,Female,1952-10-18,73,+12125446531,,,,,,Pending,False,2021-09-12T12:09:10Z,,,0,0.0,0
34,jeffreytorres@yandex.com,Female,1988-12-12,37,+18585511981,53.0,Salem,ME,75916,US,Inactive,False,2017-09-06T09:51:50Z,2022-12-10T16:15:33Z,,0,0.0,0
35,lschmidt@outlook.com,Male,1960-12-16,65,+13122321310,54.0,Georgetown,TN,29142,US,Active,True,2024-02-28T14:56:22Z,2025-12-12T03:59:47Z,2024-10-14,16,1729.99,1418
36,james.rivera@protonmail.com,Male,2000-12-27,24,+17185131487,56.0,Springfield,NM,93318,US,Active,True,2015-12-17T16:23:04Z,2025-03-31T09:55:54Z,,0,0.0,0
37,betty.garcia57@outlook.com,Male,1989-10-04,36,+17188235316,58.0,Georgetown,DE,67272,US,Active,True,2020-04-23T08:02:48Z,2025-01-27T14:21:10Z,,0,0.0,83
38,dorothy794@fastmail.com,Male,1955-12-28,69,+13129119154,59.0,Franklin,WV,14081,US,Active,True,2022-09-26T14:22:28Z,2025-12-04T14:18:26Z,2023-01-21,28,3858.03,3289
39,ana.moore@outlook.com,Female,1966-01-16,59,+16177821531,60.0,Clinton,NH,90199,US,Active,True,2017-10-19T03:01:47Z,2025-09-20T18:35:11Z,,0,0.0,99
40,brian.taylor17@yandex.com,Female,1993-10-09,32,+19174302262,63.0,Aurora,CO,35729,US,Inactive,False,2017-01-15T04:27:32Z,2017-08-29T08:00:41Z,2020-12-02,42,5819.16,8514
41,shill@hotmail.com,Female,1980-06-23,45,+14035913055,65.0,Salem,NS,G6X 9E5,CA,Inactive,False,2019-08-30T15:29:13Z,2023-06-24T10:38:33Z,,0,0.0,0
42,priya_liu@zoho.com,Female,1949-02-12,76,+17132379520,66.0,Georgetown,KY,62855,US,Active,True,2025-08-07T12:32:29Z,2025-10-24T19:09:51Z,2025-12-05,3,666.79,721
43,ccampbell@yandex.com,Female,1977-01-18,48,+17026255666,67.0,Madison,SC,87820,US,Active,True,2020-08-10T01:02:02Z,2025-10-15T23:23:53Z,2021-05-23,59,4731.95,4871
44,linrobinson@zoho.com,Female,1988-01-27,37,+12127920471,68.0,Fairview,WY,71814,US,Active,True,2022-01-20T23:39:49Z,2025-06-14T04:32:32Z,2024-05-26,15,1141.82,1034
45,kathleen.harris@protonmail.com,Prefer not to say,1961-03-19,64,+16172352879,69.0,Georgetown,MT,29198,US,Active,True,2025-07-23T09:49:18Z,2025-11-02T08:34:49Z,2025-10-01,3,766.87,767
46,robert_thompson@fastmail.com,Male,1944-04-19,81,+18189459653,72.0,Chester,TN,78723,US,Blocked,False,2024-05-18T12:50:31Z,2024-11-25T12:46:30Z,2024-09-04,2,37.69,54
47,matthewthompson@gmail.com,Female,1979-05-30,46,+15127483493,73.0,Bellevue,WA,11498,US,Active,True,2020-10-11T10:05:25Z,2025-01-16T13:16:33Z,2023-04-13,32,514.57,683
48,ashleyhernandez@zoho.com,Female,1948-01-18,77,+18058783800,75.0,New York,NY,76895,US,Active,True,2025-04-15T18:07:03Z,2025-05-27T12:04:35Z,2025-08-26,9,526.29,583
49,brodriguez@zoho.com,Female,1947-03-26,78,+17132995167,76.0,Chester,UT,27431,US,Active,True,2025-06-21T15:02:18Z,2025-09-11T20:51:26Z,2025-10-13,7,1213.95,1710
50,brian.martin@hotmail.com,Male,2009-09-18,16,+19727637342,77.0,Springfield,RI,68515,US,Closed,False,2023-05-04T01:51:42Z,2024-07-06T21:41:41Z,,0,0.0,26
51,amy.miller@fastmail.com,Prefer not to say,1975-03-27,50,+17803705712,79.0,Hamilton,ON,S9X 3R3,CA,Closed,False,2023-10-24T16:20:44Z,2024-12-24T05:30:03Z,2024-08-26,35,7350.78,10530
52,adams.donald@aol.com,Female,1999-03-29,26,+15126641513,81.0,Franklin,IA,12125,US,Active,True,2019-01-11T09:16:23Z,2025-04-07T00:45:29Z,2021-04-22,93,19287.87,20435
53,chen.ivanov@yandex.com,Female,1956-03-23,69,+14156242395,82.0,Franklin,VA,11198,US,Inactive,False,2016-07-27T23:34:31Z,2018-08-20T17:15:34Z,2025-02-20,20,7302.2,6196
54,melissachen@hotmail.com,Female,1961-04-20,64,+13059506052,84.0,Reno,NV,84167,US,Active,True,2018-05-13T21:52:54Z,2025-11-14T18:47:35Z,2023-09-13,24,3351.76,2900
55,livanov@protonmail.com,Male,1979-10-13,46,+13052767729,87.0,Georgetown,MO,57277,US,Active,True,2017-01-30T21:37:42Z,2025-06-14T00:27:21Z,2018-10-23,64,12174.16,12977
56,lisa.moore43@aol.com,Male,1946-09-19,79,+17188745082,89.0,Georgetown,MT,91289,US,Active,True,2016-11-15T13:17:26Z,2025-07-25T05:07:30Z,2023-10-15,64,16374.74,15496
57,cynthia818@zoho.com,Male,1947-03-31,78,+19172308408,91.0,Akron,OH,64827,US,Active,True,2024-03-08T13:43:31Z,2025-10-15T10:02:46Z,2024-05-22,10,2987.64,3329
58,wei.martin@outlook.com,Male,1967-07-18,58,+12019123438,93.0,Springfield,MD,25084,US,Active,True,2019-08-31T02:07:53Z,2025-10-13T13:27:14Z,2020-10-03,27,4652.6,5149
59,mei_anderson@outlook.com,Male,1956-07-08,69,+13126285109,96.0,Franklin,DE,58929,US,Blocked,False,2024-02-16T21:45:51Z,2024-12-17T17:22:56Z,,0,0.0,0
60,gary655@gmail.com,Female,1948-06-15,77,+19178906196,98.0,Riverside,OR,45112,US,Active,True,2021-05-04T00:50:48Z,2025-09-03T09:53:05Z,2025-07-02,37,2572.35,3448
61,davis.anthony@aol.com,Female,1989-05-17,36,+15146843796,100.0,Franklin,MB,K3N 4R7,CA,Active,True,2016-11-20T10:45:18Z,2025-07-30T05:03:12Z,2021-07-02,25,1737.23,2507
62,barbarazhang@outlook.com,Female,1946-09-21,79,+16475829551,101.0,Springfield,YT,B2T 1E2,CA,Inactive,False,2023-12-04T17:25:13Z,2025-02-15T23:56:30Z,2025-07-05,19,2548.66,3559
63,charlesrodriguez@zoho.com,Female,1955-10-06,70,+15034323373,104.0,Reno,NV,28327,US,Active,True,2019-12-08T11:46:13Z,2025-02-07T10:56:11Z,2021-01-22,88,11925.01,11081
64,daniel308@outlook.com,Prefer not to say,1993-09-25,32,+16172662880,106.0,Savannah,GA,20957,US,Inactive,False,2015-10-04T00:16:13Z,2016-03-15T02:06:38Z,2020-07-03,161,47397.62,61477
65,mitchell.lisa@yahoo.com,Male,1951-08-19,74,+13059501667,108.0,Franklin,MS,43438,US,Inactive,False,2023-08-26T00:21:51Z,2024-11-07T08:54:55Z,2025-01-30,37,8314.01,8747
66,lin.patel73@yandex.com,Male,2005-08-29,20,+14034446076,109.0,Madison,YT,N2Y 8A5,CA,Active,True,2022-03-28T08:52:04Z,2025-03-07T19:59:36Z,2022-06-30,7,621.53,1150
67,olga.johnson@aol.com,Prefer not to say,1974-10-18,51,+19052627723,110.0,Hamilton,ON,P8C 2X2,CA,Active,True,2024-07-09T23:46:19Z,2025-11-02T06:19:34Z,2025-04-21,2,535.36,463
68,jessica.lopez@outlook.com,Male,2004-04-05,21,+19174095915,112.0,Bristol,MT,82869,US,Inactive,False,2025-01-24T19:02:13Z,2025-07-10T23:07:58Z,2025-06-26,12,1293.1,1269
69,elizabeth_williams@yandex.com,Prefer not to say,1980-10-27,45,+18059410695,113.0,Madison,ID,46681,US,Active,True,2024-01-28T04:05:57Z,2025-07-08T07:08:26Z,2024-02-27,28,7615.38,8132
70,patricia157@hotmail.com,Female,2010-11-20,15,+19178847496,115.0,Dallas,TX,44934,US,Active,True,2024-08-30T01:51:30Z,2025-03-28T13:41:07Z,,0,0.0,0
71,linda_robinson@protonmail.com,Female,1941-02-06,84,+13128495857,117.0,Franklin,AK,86888,US,Active,True,2018-09-20T19:12:51Z,2025-10-20T05:58:02Z,,0,0.0,0
72,donald.hall@fastmail.com,Prefer not to say,1948-12-31,76,+17184946340,120.0,Salem,HI,74629,US,Active,True,2024-03-19T22:42:40Z,2025-07-07T12:42:56Z,2024-03-20,5,776.07,647
73,harris.anthony@icloud.com,Male,2006-07-12,19,+13052215886,122.0,Bristol,RI,36171,US,Active,True,2025-07-29T08:42:18Z,2025-10-09T15:48:21Z,2025-10-29,5,1173.78,1363
74,ana.jackson42@zoho.com,Male,1956-01-14,69,+19056630966,125.0,Quebec City,QC,L6C 2R8,CA,Inactive,False,2025-11-25T06:51:12Z,2025-11-29T08:18:17Z,,0,0.0,0
75,ahall@protonmail.com,Female,1984-08-08,41,+14033127307,126.0,Springfield,NS,N5M 5V1,CA,Active,True,2021-06-01T19:30:02Z,2025-09-28T03:55:11Z,2023-04-10,52,1795.83,2547
76,weichen@icloud.com,Male,1992-01-22,33,+12129701002,127.0,Springfield,KS,69827,US,Pending,False,2015-04-29T05:12:56Z,,,0,0.0,0
77,kimberly.lopez78@icloud.com,Male,1992-05-18,33,+15034117204,128.0,Fairview,ID,11109,US,Active,True,2023-09-30T06:54:14Z,2025-01-27T14:37:27Z,2025-11-23,27,6151.94,7859
78,torres.chen@outlook.com,Male,1971-03-18,54,+19725389823,129.0,Clinton,ND,17441,US,Active,True,2018-02-06T20:20:55Z,2025-08-06T05:02:40Z,,0,0.0,0
79,thomas155@outlook.com,Female,1957-06-18,68,+17784502789,131.0,Springfield,NU,C8J 9E6,CA,Active,True,2025-08-14T21:57:21Z,2025-12-03T05:19:35Z,2025-11-17,3,576.1,565
80,emily_clark@yandex.com,Female,1955-04-03,70,+17803081549,132.0,Chester,YT,J1A 4K5,CA,Active,True,2020-06-28T02:08:39Z,2025-05-16T22:36:04Z,2021-08-10,62,6425.3,8426
81,matthew769@gmail.com,Other,1942-10-03,83,+12127553006,133.0,Springfield,SC,87846,US,Closed,False,2017-07-24T07:46:08Z,2019-12-07T06:47:45Z,2017-12-24,32,4808.18,5109
82,rwright@protonmail.com,Female,1950-06-14,75,+18189636624,134.0,Springfield,HI,81845,US,Inactive,False,2020-09-26T23:39:07Z,2022-04-28T03:29:13Z,2023-09-02,78,5480.85,8118
83,steven.robinson83@protonmail.com,Female,1982-09-10,43,+13127564625,135.0,Springfield,WI,11267,US,Closed,False,2015-07-25T03:52:11Z,2016-01-02T13:16:02Z,,0,0.0,0
84,jennifer.rodriguez@outlook.com,Male,2001-11-10,24,+19179483157,138.0,Salem,UT,29484,US,Active,True,2020-11-19T23:36:46Z,2025-03-11T07:19:41Z,2023-04-24,67,17619.79,22257
85,edward.jones@hotmail.com,Female,1995-03-31,30,+17138005517,140.0,Bristol,RI,96136,US,Active,True,2025-10-20T19:40:19Z,2025-10-21T12:54:00Z,2025-11-17,3,300.47,417
86,jessica_kim@aol.com,Male,1971-05-11,54,+12016449018,141.0,Raleigh,NC,75382,US,Blocked,False,2016-03-17T13:02:59Z,2023-04-24T10:40:06Z,,0,0.0,0
87,schmidt.elena@aol.com,Male,1969-03-15,56,+16476888933,143.0,Franklin,MB,X9N 2P8,CA,Inactive,False,2022-12-25T23:59:35Z,2024-03-15T06:13:14Z,,0,0.0,0
88,markroberts@protonmail.com,Male,2003-06-29,22,+19729288441,145.0,Madison,AL,36619,US,Inactive,False,2019-09-16T22:42:03Z,2023-12-27T11:08:53Z,,0,0.0,0
89,joshua.ivanov@yahoo.com,Female,1969-07-22,56,+18186708816,147.0,Fairview,WI,79533,US,Active,True,2020-11-22T07:11:33Z,2025-11-20T23:21:59Z,2022-02-01,52,1983.28,2507
90,ramirez.viktor@aol.com,Female,1959-06-26,66,+15125419471,149.0,San Jose,CA,39837,US,Active,True,2021-01-11T22:56:47Z,2025-05-17T19:48:51Z,2021-03-29,20,518.89,852
91,wei.wilson@gmail.com,Male,1948-10-19,77,+19179338076,150.0,Tacoma,WA,11461,US,Inactive,False,2018-02-27T14:24:25Z,2025-07-26T14:54:35Z,2024-04-11,35,10933.23,11004
92,steven.harris63@yandex.com,Male,1945-12-02,80,+14154665781,151.0,Fairview,ME,19149,US,Inactive,False,2024-07-19T17:29:41Z,2024-10-02T03:11:45Z,2025-06-22,7,1792.62,1882
93,emily.moore12@zoho.com,Female,1997-04-04,28,+17786281646,153.0,Franklin,NU,P7K 5G7,CA,Active,True,2015-11-10T23:04:57Z,2025-12-16T15:44:58Z,2016-04-08,149,23670.47,28075
94,agarcia@aol.com,Male,1964-10-03,61,+19496566339,154.0,Madison,ND,44513,US,Active,True,2019-02-22T07:02:42Z,2025-09-11T00:01:32Z,2019-08-04,61,24175.94,35935
95,sarah_khan@outlook.com,Male,1966-03-26,59,+15032361920,155.0,Salem,HI,12942,US,Active,True,2017-05-16T04:11:10Z,2025-06-22T23:57:02Z,2018-08-23,59,8154.92,9272
96,andrew.hernandez@hotmail.com,Male,1984-04-02,41,+17185233488,156.0,Philadelphia,PA,40122,US,Active,True,2016-11-29T07:53:26Z,2025-02-20T12:44:03Z,2018-10-16,47,10585.65,13834
97,carter.kathleen@protonmail.com,Male,2009-05-12,16,+14165145978,158.0,Madison,NT,J1A 9E8,CA,Blocked,False,2025-07-31T03:27:08Z,2025-10-04T19:16:22Z,,0,0.0,76
98,sofia.yamamoto52@zoho.com,Male,1963-10-22,62,+14156264294,159.0,Franklin,NH,23143,US,Active,True,2018-06-10T18:22:49Z,2024-12-29T07:09:57Z,,0,0.0,0
99,betty843@zoho.com,Male,1987-04-26,38,+12136610317,161.0,Springfield,ND,18993,US,Inactive,False,2022-10-31T07:39:10Z,2023-01-12T18:54:51Z,2025-01-26,11,419.81,439
100,olgalewis@fastmail.com,Female,1978-01-15,47,+15123533307,164.0,Clinton,MN,85197,US,Active,True,2025-09-18T11:33:34Z,2025-12-24T10:26:50Z,2025-10-31,1,170.83,145
101,scott.priya@hotmail.com,Male,1945-11-24,80,+17027781517,166.0,Chester,DE,70302,US,Inactive,False,2020-11-23T13:30:34Z,2021-01-29T05:52:59Z,,0,0.0,0
102,rebecca_mitchell@protonmail.com,Male,1957-03-06,68,+18183128030,167.0,Franklin,AL,65249,US,Active,True,2021-05-29T04:36:43Z,2025-08-29T08:23:00Z,2022-03-23,72,10682.85,14528
103,priya.ivanov30@icloud.com,Female,1975-03-24,50,+14044882539,169.0,Riverside,MT,20369,US,Active,True,2021-11-18T09:29:40Z,2025-10-11T15:10:31Z,,0,0.0,0
104,patricia.kim46@fastmail.com,Female,1964-08-02,61,+12127566253,171.0,Franklin,ND,13744,US,Closed,False,2021-12-06T04:05:41Z,2024-02-12T13:19:56Z,,0,0.0,0
105,carlos.flores56@yandex.com,Other,1949-01-27,76,+12018424576,172.0,Bristol,WI,49270,US,Active,True,2019-12-15T09:23:26Z,2025-08-13T13:42:26Z,2023-03-03,105,22083.71,25392
106,viktorwalker@protonmail.com,Female,2003-04-18,22,+15127875990,173.0,Fairview,NJ,69345,US,Inactive,False,2023-12-18T08:18:41Z,2025-06-14T16:44:53Z,,0,0.0,37
107,amyramirez@gmail.com,Male,1985-10-02,40,+15035227918,174.0,Springfield,MO,25985,US,Active,True,2019-03-02T14:44:50Z,2025-12-09T00:50:43Z,2019-12-19,19,747.81,1340
108,ahmed446@gmail.com,Male,1973-05-17,52,+16047754120,175.0,Bristol,PE,G6C 4H7,CA,Active,True,2024-12-14T01:55:42Z,2025-09-04T05:11:22Z,2025-02-13,1,61.52,66
109,rivera.timothy@zoho.com,Female,1984-07-30,41,+16135809090,176.0,Riverside,MB,X3T 5L8,CA,Active,True,2022-12-04T14:35:18Z,2025-03-23T13:06:30Z,2024-06-19,35,5242.99,7378
110,ahmedmartin@yandex.com,Female,1969-12-06,56,+19494146968,177.0,Syracuse,NY,91785,US,Active,True,2016-03-28T03:33:42Z,2025-11-20T05:26:50Z,2017-05-06,9,737.74,606
111,carlos.roberts77@protonmail.com,Male,1992-03-06,33,+14046478681,179.0,Greensboro,NC,96184,US,Active,True,2022-01-05T05:35:47Z,2025-03-14T19:22:53Z,2024-05-28,46,12430.96,17718
112,kenneth.williams10@fastmail.com,Female,1965-10-18,60,+14158159469,181.0,Salem,OR,84588,US,Closed,False,2025-04-22T17:32:35Z,2025-09-16T11:41:41Z,2025-09-18,6,346.84,338
113,sharonpatel@aol.com,Other,1961-05-19,64,+19726825587,182.0,Salem,AR,68407,US,Active,True,2023-05-21T20:54:38Z,2025-12-20T17:44:18Z,2024-12-19,20,3399.96,3075
114,thomas.moore4@outlook.com,Female,1999-07-22,26,+19727497976,183.0,Naperville,IL,55157,US,Active,True,2021-05-29T06:35:39Z,2025-03-31T13:50:43Z,2021-11-28,56,8664.97,7614
115,yuki_garcia@fastmail.com,Male,2003-07-12,22,+17782738370,186.0,Clinton,NT,R9E 6V9,CA,Active,True,2023-06-13T08:03:29Z,2025-01-23T08:07:53Z,2025-11-14,43,14160.28,12397
116,ronaldmoore@aol.com,Male,2001-11-12,24,+16177775825,188.0,Clinton,UT,28102,US,Active,True,2021-11-13T20:43:14Z,2025-05-26T04:19:23Z,2024-11-27,40,11480.34,10243
117,matthew_lewis@yandex.com,Male,1965-04-01,60,+17188041483,191.0,Springfield,WY,89682,US,Inactive,False,2025-08-28T13:14:47Z,2025-11-21T20:03:00Z,2025-10-08,4,1214.58,1708
118,liu.charles@protonmail.com,Female,1985-12-15,40,+12132957684,193.0,Worcester,MA,26193,US,Active,True,2016-04-08T05:49:37Z,2025-01-02T22:58:02Z,2024-04-04,116,2632.82,3757
119,michael.patel@hotmail.com,Male,1981-01-27,44,+16472666096,194.0,Toronto,ON,V4J 8T6,CA,Inactive,False,2018-03-28T20:11:07Z,2019-09-18T02:11:46Z,,0,0.0,63
120,susanlopez@icloud.com,Female,2011-10-02,14,+18186131426,197.0,Bristol,OR,78118,US,Inactive,False,2025-09-24T09:27:38Z,2025-11-03T18:01:14Z,,0,0.0,0
121,carlos_nelson@aol.com,Female,2007-08-30,18,+19179066611,200.0,Georgetown,AK,59183,US,Blocked,False,2020-12-18T16:19:36Z,2025-01-11T13:40:11Z,2025-12-10,27,5059.36,6941
122,fhill@aol.com,Male,1959-03-04,66,+13123721234,201.0,Chester,CT,98698,US,Active,True,2025-03-30T02:28:32Z,2025-12-12T18:26:04Z,2025-12-23,6,2217.98,2256
123,jjohnson@outlook.com,Prefer not to say,1959-07-29,66,+17182451306,203.0,Springfield,UT,23884,US,Active,True,2021-01-31T11:35:20Z,2025-08-08T16:21:11Z,2022-12-25,32,2053.95,2434
124,kevinadams@zoho.com,Female,1951-03-03,74,+19495468202,205.0,Toledo,OH,62535,US,Active,True,2018-12-10T15:29:54Z,2025-09-29T01:19:16Z,2020-02-21,33,5764.61,5926
125,donaldthompson@yandex.com,Female,2004-11-27,21,+12122759445,206.0,Georgetown,MO,74788,US,Active,True,2024-05-02T15:07:37Z,2025-02-23T05:28:12Z,2024-07-12,15,1413.97,1723
126,kim.mei@aol.com,Female,1975-04-10,50,+12013207925,209.0,Riverside,AL,94985,US,Inactive,False,2019-11-18T17:13:42Z,2021-10-29T08:21:54Z,2021-08-10,108,42220.8,42302
127,diego.lopez43@icloud.com,Male,2001-01-12,24,+19498155682,212.0,Chester,NJ,71503,US,Active,True,2015-11-16T21:40:34Z,2025-03-04T07:19:37Z,,0,0.0,0
128,donna.brown@protonmail.com,Male,1947-12-08,78,+14048705618,213.0,Clinton,VT,73559,US,Active,True,2024-07-19T08:16:08Z,2025-02-12T16:34:02Z,2024-12-20,24,1011.48,1275
129,sharon.wright88@hotmail.com,Male,1963-12-13,62,+18582871637,216.0,Salem,AL,22805,US,Active,True,2022-05-04T18:25:29Z,2025-01-14T17:41:15Z,2023-05-07,25,5233.92,5338
130,dorothy.allen@yandex.com,Male,1946-08-21,79,+15122866435,218.0,Riverside,SC,67878,US,Active,True,2019-04-17T12:21:03Z,2025-08-14T20:32:31Z,2024-10-22,119,9154.35,8018
131,thomas.kathleen@protonmail.com,Female,1970-12-15,55,+17189520057,220.0,Clinton,MO,49173,US,Closed,False,2022-08-24T09:25:03Z,2024-06-02T05:30:26Z,2024-10-16,22,900.62,903
132,mpetrov@yandex.com,Female,1942-07-06,83,+13126101146,221.0,Riverside,IA,14833,US,Blocked,False,2015-06-01T10:03:21Z,2024-04-01T09:05:46Z,2023-01-07,168,39075.54,55062
133,susan.anderson9@outlook.com,Female,1946-09-13,79,+14044814409,222.0,Springfield,IN,87736,US,Inactive,False,2024-01-09T06:27:21Z,2025-12-03T18:47:28Z,,0,0.0,0
134,paul.ali13@zoho.com,Male,2003-02-03,22,+13056447631,224.0,Clinton,OK,35153,US,Closed,False,2016-07-03T19:11:45Z,2022-02-10T14:17:25Z,,0,0.0,0
135,donald.khan23@outlook.com,Female,2001-10-06,24,+19725816740,226.0,Henderson,NV,38333,US,Active,True,2025-01-27T10:14:49Z,2025-10-29T20:28:55Z,2025-05-19,14,3969.4,3379
136,carol_lewis@outlook.com,Female,1998-04-11,27,+17025642742,227.0,Henderson,NV,42483,US,Active,True,2025-09-07T19:57:10Z,2025-10-13T13:51:24Z,2025-11-21,5,1160.44,1312
137,kevin_jones@gmail.com,Male,1995-12-28,29,+13055212459,230.0,Georgetown,UT,16758,US,Inactive,False,2021-01-30T18:50:13Z,2025-07-02T15:55:52Z,,0,0.0,0
138,yuki809@yahoo.com,Female,1972-09-06,53,+17138710079,231.0,Bristol,ME,91389,US,Inactive,False,2025-01-25T08:32:43Z,2025-08-29T16:35:47Z,2025-03-28,15,2711.01,3061
139,martin.amy@zoho.com,Female,1943-01-28,82,+17026078108,232.0,Allentown,PA,95951,US,Active,True,2018-04-15T13:43:34Z,2025-10-19T05:06:00Z,2020-11-21,6,498.69,690
140,kenneth.taylor70@icloud.com,Male,1991-07-03,34,+12018194944,234.0,Georgetown,NJ,30454,US,Active,True,2022-12-06T01:42:20Z,2025-07-01T06:05:48Z,2023-01-26,11,1647.4,1784
141,jennifer_moore@yandex.com,Female,1977-01-26,48,+17183631165,235.0,Houston,TX,77081,US,Active,True,2021-12-04T07:28:22Z,2025-11-07T17:32:00Z,2023-06-26,68,7669.86,7620
142,rebecca_moore@fastmail.com,Female,1959-09-06,66,+14048981701,237.0,Franklin,WI,36117,US,Active,True,2018-05-27T15:55:33Z,2025-07-06T18:55:10Z,2021-06-19,23,428.98,467
143,lin_torres@gmail.com,Male,1998-11-20,27,+19492147178,238.0,Georgetown,DE,77177,US,Active,True,2017-09-29T00:07:48Z,2025-08-05T15:12:26Z,2020-08-20,149,25212.74,31253
144,elizabeth_schmidt@hotmail.com,Male,1949-07-08,76,+14042859143,239.0,Albany,NY,54605,US,Active,True,2021-09-18T05:34:20Z,2025-07-17T03:25:39Z,2022-07-09,47,2320.23,1877
145,jessica_lewis@gmail.com,Male,1961-05-14,64,+13052275085,241.0,Las Vegas,NV,35736,US,Inactive,False,2018-06-13T04:13:08Z,2019-04-30T17:57:56Z,,0,0.0,99
146,brianbrown@zoho.com,Male,1965-12-04,60,+14158004663,242.0,Philadelphia,PA,79315,US,Blocked,False,2025-08-22T18:22:22Z,2025-09-12T11:12:08Z,,0,0.0,0
147,margaret293@yahoo.com,Male,1952-02-17,73,+17864437639,243.0,Clinton,NH,82602,US,Active,True,2020-03-23T03:33:08Z,2025-04-15T15:18:26Z,2024-07-16,6,254.36,253
148,ivanov.stephanie@zoho.com,Female,1950-09-25,75,+19722808105,246.0,Savannah,GA,91522,US,Active,True,2016-05-15T08:31:31Z,2025-08-29T04:39:32Z,2016-09-01,14,4099.57,6069
149,divanov@yahoo.com,Female,2000-04-04,25,+14168418912,248.0,Springfield,NS,A1G 6P9,CA,Active,True,2021-03-18T21:34:36Z,2025-04-29T13:10:30Z,2023-04-30,8,1165.19,1435
150,lisa.williams98@outlook.com,Female,1978-12-10,47,+18588806996,249.0,Georgetown,IN,75107,US,Active,True,2021-05-15T16:57:26Z,2025-08-10T17:41:56Z,2024-07-30,41,5421.26,4707
151,elizabeth973@aol.com,Female,1989-06-25,36,+19178785825,251.0,Bristol,WV,45118,US,Active,True,2018-07-07T06:26:25Z,2025-08-19T01:58:54Z,2024-04-20,47,15692.69,22030
152,elena225@protonmail.com,Female,1973-08-24,52,+12133997133,254.0,Madison,ND,75070,US,Closed,False,2022-07-14T21:56:05Z,2023-08-25T21:49:13Z,2023-12-30,37,12167.89,15391
153,mei.davis71@protonmail.com,Female,1951-03-05,74,+15034122174,255.0,Springfield,WV,98027,US,Active,True,2018-07-20T17:27:30Z,2025-01-10T00:45:26Z,2022-01-02,38,5862.69,4776
154,chen_white@protonmail.com,Female,1941-04-25,84,+13124186741,258.0,Cambridge,MA,72700,US,Inactive,False,2019-06-30T06:40:19Z,2023-01-06T00:45:26Z,2020-12-13,67,19753.9,27514
155,ryan.petrov19@icloud.com,Male,1964-12-02,61,+14045426948,260.0,Clinton,UT,64831,US,Inactive,False,2018-03-25T23:31:24Z,2019-09-10T13:25:37Z,,0,0.0,0
156,jallen@protonmail.com,Male,1970-11-26,55,+14044183484,261.0,Springfield,OK,86085,US,Active,True,2025-06-10T07:30:58Z,2025-09-26T03:13:49Z,2025-09-15,1,16.84,17
157,ryan_petrov@outlook.com,Male,1952-02-18,73,+19492034609,264.0,Fort Worth,TX,37839,US,Inactive,False,2018-12-02T02:13:55Z,2022-02-07T08:07:05Z,,0,0.0,0
158,dorothy.martin@aol.com,Male,2000-03-17,25,+16046589879,265.0,Fairview,NS,G4B 5N0,CA,Active,True,2020-05-19T14:40:17Z,2025-02-24T11:40:38Z,,0,0.0,0
159,jessica.hill@gmail.com,Female,1968-11-10,57,+14045641544,266.0,Reno,NV,90460,US,Active,True,2025-02-18T21:38:08Z,2025-06-25T18:45:01Z,2025-10-19,4,881.69,871
160,priya449@outlook.com,Male,1992-01-15,33,+18057232900,268.0,Lowell,MA,69637,US,Active,True,2024-02-12T08:22:16Z,2025-02-28T11:11:48Z,2025-03-20,30,1824.62,1517
161,stephanie408@fastmail.com,Male,1973-05-27,52,+19173601506,269.0,Clinton,TN,67119,US,Blocked,False,2022-09-29T21:44:43Z,2024-12-16T06:49:51Z,2023-10-19,13,484.17,678
162,raj_kim@gmail.com,Male,2005-01-05,20,+18183945366,270.0,Reading,PA,98954,US,Active,True,2022-11-05T13:54:31Z,2025-03-04T09:41:06Z,,0,0.0,51
163,andrew.harris@fastmail.com,Female,1960-10-01,65,+14154369422,271.0,Franklin,NM,91506,US,Active,True,2021-08-04T21:21:58Z,2025-02-20T20:04:27Z,2023-12-05,38,9130.84,12629
164,kimberly548@fastmail.com,Female,1986-03-17,39,+13057925753,272.0,Macon,GA,89205,US,Active,True,2015-05-11T02:21:27Z,2025-10-27T21:35:34Z,2019-05-05,125,11457.32,15336
165,karen.patel@outlook.com,Female,1978-02-16,47,+17862515633,275.0,Cambridge,MA,31538,US,Active,True,2025-04-18T13:57:29Z,2025-04-26T06:48:12Z,2025-10-18,1,189.73,258
166,ahmed.flores@fastmail.com,Female,1943-02-21,82,+13052400412,278.0,Chester,KY,56461,US,Inactive,False,2015-04-25T17:37:16Z,2018-01-08T03:23:43Z,,0,0.0,7
167,ana.moore51@yandex.com,Female,1950-06-25,75,+19176353226,279.0,Salem,ND,87101,US,Active,True,2018-09-04T16:37:12Z,2025-06-24T06:43:21Z,2020-02-18,106,3317.88,3760
168,priya.thomas@icloud.com,Female,1955-02-10,70,+13123192355,280.0,Bristol,ME,13667,US,Active,True,2025-08-02T17:23:58Z,2025-11-25T13:18:24Z,2025-09-10,3,448.71,395
169,viktor.flores69@aol.com,Female,1948-09-05,77,+12138768944,283.0,Fairview,VA,68226,US,Active,True,2017-02-27T19:34:36Z,2025-11-28T14:07:48Z,2023-02-14,129,31421.9,29493
170,richard.green@protonmail.com,Male,1974-09-23,51,+18585230022,,,,,,Pending,False,2025-07-23T03:03:12Z,,,0,0.0,0
171,cwang@zoho.com,Male,1962-01-04,63,+14048560089,285.0,Savannah,GA,80836,US,Active,True,2025-03-31T00:17:35Z,2025-11-03T08:06:10Z,2025-05-12,3,331.49,461
172,viktor.ramirez@outlook.com,Female,1955-07-10,70,+14035857076,286.0,Georgetown,NS,L8L 4N5,CA,Active,True,2023-04-16T17:36:04Z,2025-07-24T20:01:48Z,2025-10-01,9,3015.79,3324
173,daniel_johnson@hotmail.com,Male,1980-12-03,45,+18189587559,288.0,Springfield,MS,46799,US,Active,True,2015-02-08T07:47:01Z,2025-08-04T05:45:46Z,2024-03-03,24,7443.1,9694
174,daniel_rodriguez@gmail.com,Female,1964-05-01,61,+17785914013,289.0,Lethbridge,AB,B6S 7L1,CA,Inactive,False,2025-06-20T18:54:14Z,2025-11-01T18:44:31Z,2025-11-03,1,387.52,476
175,laura338@yandex.com,Male,1974-11-24,51,+19728307925,292.0,Salem,MO,22560,US,Active,True,2018-07-07T22:04:50Z,2025-10-21T00:03:41Z,2019-08-28,78,16428.1,20934
176,jeffrey_white@outlook.com,Male,1952-06-29,73,+16175093970,294.0,Fairview,MD,54944,US,Inactive,False,2018-06-30T18:27:32Z,2025-10-21T05:47:09Z,,0,0.0,0
177,cynthia288@gmail.com,Female,1996-04-24,29,+19053722318,295.0,Quebec City,QC,K8J 4V5,CA,Active,True,2018-05-12T13:21:10Z,2025-11-02T04:18:00Z,,0,0.0,0
178,king.mark@yahoo.com,Female,1963-02-08,62,+19729395931,296.0,Franklin,MS,79065,US,Active,True,2017-01-01T06:01:11Z,2025-08-12T09:03:04Z,2020-10-18,98,28275.44,41148
179,karen.adams42@zoho.com,Male,1952-05-20,73,+18053501548,297.0,Bristol,MS,78012,US,Active,True,2024-07-19T16:37:56Z,2025-04-18T23:24:01Z,2025-12-21,26,4558.5,4885
180,donna180@icloud.com,Female,1982-10-12,43,+18586585648,299.0,Aurora,CO,75767,US,Active,True,2020-09-29T19:21:27Z,2025-05-09T09:48:53Z,2021-10-01,64,7209.45,7996
181,sandra802@aol.com,Female,1948-09-28,77,+15035516062,302.0,Austin,TX,54541,US,Active,True,2018-07-06T06:27:49Z,2025-01-01T19:41:17Z,2019-12-13,8,1176.48,1192
182,patricia233@hotmail.com,Male,1966-07-03,59,+17189579841,304.0,Bristol,NE,19012,US,Closed,False,2017-04-23T07:18:42Z,2023-03-10T09:47:45Z,2021-11-30,3,264.67,284
183,ali.charles@aol.com,Male,1963-03-09,62,+17864089894,305.0,Fairview,MT,32954,US,Active,True,2020-11-23T10:58:36Z,2025-04-18T01:28:12Z,2023-06-15,12,1643.13,1713
184,william.ramirez@gmail.com,Other,1990-08-20,35,+17189178745,306.0,Salem,NJ,55043,US,Active,True,2016-05-11T11:04:48Z,2025-11-02T03:54:37Z,2016-11-09,116,6715.46,7899
185,jgonzalez@gmail.com,Male,1976-02-08,49,+13055276744,307.0,Chester,SD,94018,US,Active,True,2016-11-20T02:42:48Z,2025-12-19T23:59:57Z,2024-06-15,46,2903.51,3404
186,sofia_harris@fastmail.com,Female,1979-06-05,46,+14155448530,309.0,Springfield,MS,18825,US,Closed,False,2016-05-09T07:13:06Z,2020-05-08T17:24:06Z,2018-10-27,81,1274.69,1078
187,walker.robert@hotmail.com,Other,1980-11-06,45,+15038723065,312.0,Chester,IN,17087,US,Active,True,2023-04-16T10:08:17Z,2025-07-16T06:59:05Z,2023-05-10,27,5471.18,5254
188,aali@zoho.com,Prefer not to say,2011-02-18,14,+16474565632,314.0,Madison,YT,Y3Y 3L6,CA,Active,True,2025-06-21T02:23:25Z,2025-09-19T07:53:53Z,2025-10-22,7,2250.0,1831
189,george.brown49@aol.com,Female,1995-05-10,30,+17787523781,316.0,Ottawa,ON,S3S 5M8,CA,Active,True,2020-02-09T21:09:16Z,2025-08-21T16:46:58Z,2024-06-01,2,81.74,88
190,nancymller@fastmail.com,Other,1960-02-10,65,+16044870178,318.0,Victoria,BC,C5C 7E4,CA,Active,True,2017-01-30T06:03:47Z,2025-09-22T12:20:44Z,,0,0.0,0
191,wright.timothy@aol.com,Other,1995-04-06,30,+13052025876,319.0,Georgetown,AR,53287,US,Active,True,2019-10-26T10:23:43Z,2025-07-02T21:15:58Z,,0,0.0,0
192,shernandez@zoho.com,Male,1983-10-03,42,+16473409729,321.0,Chester,YT,B3V 2M8,CA,Closed,False,2022-05-20T22:57:06Z,2024-07-17T08:35:18Z,,0,0.0,0
193,steven.tanaka15@yandex.com,Prefer not to say,1953-03-21,72,+17802735516,322.0,Salem,SK,Y7K 4L1,CA,Inactive,False,2025-05-07T17:40:46Z,2025-09-09T20:31:30Z,2025-10-07,4,1517.7,1282
194,kflores@aol.com,Female,2004-06-04,21,+12129744009,325.0,Clinton,VA,39500,US,Inactive,False,2023-11-07T15:40:53Z,2024-06-15T06:59:38Z,,0,0.0,42
195,matthew904@outlook.com,Male,1993-02-09,32,+19492855200,326.0,Springfield,WV,57477,US,Active,True,2024-09-16T01:54:59Z,2024-12-26T11:24:40Z,2025-12-19,5,806.57,727
196,stephanie_young@hotmail.com,Male,1968-03-12,57,+13056103861,327.0,Riverside,DE,20831,US,Active,True,2022-09-18T19:11:41Z,2025-06-16T18:02:23Z,2024-11-08,50,10142.49,10067
197,richardadams@gmail.com,Male,1989-04-06,36,+13053515520,328.0,Clinton,WI,96321,US,Closed,False,2017-01-27T12:52:44Z,2017-04-18T01:28:36Z,2023-02-12,136,24574.51,31937
198,ana.ivanov10@icloud.com,Female,1995-06-04,30,+19725540118,330.0,Madison,MN,26841,US,Active,True,2021-01-13T16:13:44Z,2025-11-05T14:05:46Z,2022-03-29,25,1895.07,2786
199,paul.harris@yahoo.com,Female,1986-12-03,39,+15123227501,331.0,Aurora,CO,53714,US,Active,True,2021-10-13T05:26:52Z,2025-10-07T16:17:19Z,2022-05-26,32,1015.78,1298
200,egonzalez@yandex.com,Female,2008-06-29,17,+13127516037,332.0,Springfield,KY,77314,US,Active,True,2023-09-01T05:22:51Z,2025-01-11T22:58:29Z,,0,0.0,0
201,barbara294@gmail.com,Female,1990-10-03,35,+17182116603,334.0,Chester,UT,26343,US,Active,True,2025-06-04T15:51:55Z,2025-12-23T05:35:27Z,,0,0.0,63
202,knguyen@protonmail.com,Male,1992-01-27,33,+17139467507,336.0,Riverside,MN,10675,US,Active,True,2019-06-01T06:59:19Z,2025-01-29T23:52:16Z,2020-01-22,60,22776.71,23893
203,tanaka.mark@icloud.com,Male,1957-05-20,68,+14047588531,337.0,Georgetown,NE,14142,US,Active,True,2021-01-06T08:06:28Z,2025-01-22T22:16:36Z,2024-12-28,56,1167.41,1116
204,jtaylor@yahoo.com,Male,2002-06-11,23,+15037589584,338.0,Riverside,LA,44541,US,Active,True,2018-01-31T01:43:53Z,2025-07-02T15:22:40Z,2022-11-22,123,13656.2,13554
205,priya.singh@yahoo.com,Female,1973-08-28,52,+18185049940,340.0,Henderson,NV,43064,US,Active,True,2018-02-23T11:45:26Z,2025-08-20T22:42:29Z,2020-07-10,1,37.23,37
206,jacob.sanchez@yandex.com,Female,1958-03-28,67,+15127844395,342.0,Franklin,AK,88532,US,Active,True,2019-09-09T17:45:16Z,2025-03-14T05:42:39Z,2025-02-06,92,4807.57,5256
207,sofia.roberts69@gmail.com,Male,1941-05-12,84,+15032382625,343.0,Riverside,OK,32427,US,Active,True,2016-10-17T18:13:37Z,2025-01-02T19:10:36Z,2019-09-12,117,24347.89,24649
208,rivera.mary@aol.com,Male,1964-01-03,61,+17183305615,345.0,Fairview,IN,92549,US,Closed,False,2025-11-23T00:34:42Z,2025-11-24T00:22:26Z,2025-12-10,3,993.46,938
209,christopher.thompson@gmail.com,Female,1947-04-09,78,+17182173777,346.0,Riverside,RI,59528,US,Inactive,False,2016-08-10T02:27:15Z,2021-09-16T22:52:21Z,,0,0.0,96
210,sarah_yamamoto@icloud.com,Female,1955-09-04,70,+12018919971,,,,,,Pending,False,2018-06-13T10:30:09Z,,,0,0.0,0
211,susanschmidt@outlook.com,Female,1961-03-01,64,+16049512724,347.0,Riverside,NB,M6C 6E5,CA,Active,True,2015-04-09T07:27:24Z,2025-10-10T19:08:42Z,2024-06-30,176,31162.66,44597
212,jamesmartin@hotmail.com,Female,1976-01-31,49,+19728656373,348.0,North Las Vegas,NV,64256,US,Active,True,2020-01-04T23:50:50Z,2025-04-25T01:58:26Z,2021-06-09,94,7677.86,7119
213,mark.lopez@outlook.com,Male,1942-07-31,83,+15032468635,349.0,Clinton,NE,37621,US,Active,True,2019-01-24T17:30:08Z,2025-10-29T19:28:30Z,2022-05-15,109,39656.19,44505
214,david.young@yandex.com,Male,1978-05-28,47,+13053307677,350.0,Springfield,NH,47587,US,Active,True,2016-09-05T05:30:47Z,2025-10-15T05:04:31Z,,0,0.0,0
215,sofia.martinez@icloud.com,Female,1999-08-06,26,+13052547936,352.0,Franklin,ME,80984,US,Active,True,2022-03-14T12:52:24Z,2025-10-01T14:43:47Z,2024-03-25,25,2010.0,2456
216,johnson.michelle@fastmail.com,Prefer not to say,1976-10-04,49,+14164433697,353.0,Toronto,ON,X3A 7V9,CA,Inactive,False,2020-08-10T06:20:48Z,2022-10-20T05:42:56Z,,0,0.0,52
217,thomasbaker@yahoo.com,Male,1979-09-12,46,+18054631663,354.0,Fort Collins,CO,22335,US,Active,True,2015-06-13T22:49:43Z,2025-06-10T06:03:22Z,2016-07-15,40,10627.9,14934
218,sthomas@yahoo.com,Prefer not to say,1966-10-03,59,+17805152620,355.0,Montreal,QC,B4Y 1G1,CA,Active,True,2019-07-01T13:54:39Z,2025-01-10T18:23:02Z,2024-02-17,80,24690.09,28496
219,ronald316@gmail.com,Male,1971-10-05,54,+18183790303,356.0,Georgetown,AR,66375,US,Active,True,2021-10-11T15:13:44Z,2025-04-25T18:31:13Z,2022-12-22,20,5239.67,5673
220,kjohnson@hotmail.com,Male,1985-11-05,40,+19178496007,359.0,Clinton,IN,65073,US,Active,True,2024-09-10T10:07:50Z,2025-01-13T23:24:23Z,2025-07-31,15,6029.54,6720
221,wang.ryan@gmail.com,Male,1979-03-31,46,+12138760712,360.0,Fairview,ME,23005,US,Active,True,2020-11-12T10:07:59Z,2025-09-26T00:35:22Z,2022-06-18,77,5144.87,7159
222,ronald_smith@aol.com,Other,1966-06-26,59,+19724663139,362.0,Savannah,GA,78021,US,Inactive,False,2018-01-01T21:16:19Z,2022-08-27T18:31:19Z,,0,0.0,0
223,green.stephanie@outlook.com,Female,1952-05-16,73,+12136796554,363.0,Fairview,AK,81260,US,Active,True,2020-08-27T03:40:36Z,2025-06-08T00:38:52Z,2021-03-06,21,5746.85,5094
224,viktor_martinez@gmail.com,Male,1969-03-04,56,+13053617703,366.0,Chester,HI,43357,US,Active,True,2022-02-08T14:51:10Z,2025-09-23T23:52:07Z,2024-01-19,5,245.73,279
225,kim.emily@yahoo.com,Male,1968-12-29,56,+14156757532,368.0,Salem,RI,66270,US,Inactive,False,2016-11-09T06:46:31Z,2021-09-19T21:14:09Z,,0,0.0,0
226,singh.dorothy@yandex.com,Female,1960-05-06,65,+14152863357,369.0,Clinton,RI,79109,US,Active,True,2022-05-14T11:23:09Z,2025-07-17T14:23:29Z,2024-03-02,43,3875.16,5538
227,kenneth841@protonmail.com,Male,1985-05-05,40,+14042738337,372.0,Cambridge,MA,39667,US,Active,True,2021-11-13T01:25:19Z,2025-01-02T15:57:13Z,2022-06-11,16,6008.67,4935
228,donald.yamamoto63@hotmail.com,Female,1984-05-06,41,+17183576365,374.0,Clinton,AL,71361,US,Closed,False,2017-07-14T02:16:49Z,2020-11-09T00:22:11Z,2019-11-04,63,16961.47,22073
229,donaldwilliams@yandex.com,Female,1983-10-07,42,+14154466300,376.0,Salem,AR,65389,US,Active,True,2022-06-04T16:28:22Z,2025-08-11T20:27:57Z,2024-11-02,56,4520.38,5362
230,pwalker@icloud.com,Male,1996-09-06,29,+14046221484,377.0,Seattle,WA,22352,US,Active,True,2022-11-05T22:25:25Z,2025-06-07T01:40:11Z,2023-12-26,45,3885.84,4054
231,gzhang@yahoo.com,Male,1970-12-24,55,+14158244187,380.0,Salem,OR,57109,US,Active,True,2024-12-30T16:49:42Z,2025-02-23T07:56:59Z,2025-04-21,1,61.07,331
232,meithomas@gmail.com,Male,1972-08-22,53,+19499702921,383.0,Spokane,WA,66629,US,Active,True,2022-05-28T00:03:16Z,2025-10-15T11:59:34Z,2023-04-10,65,17957.05,26353
233,dmoore@fastmail.com,Female,1978-05-22,47,+17135587549,384.0,Greensboro,NC,71391,US,Active,True,2021-03-20T06:19:19Z,2025-11-11T15:56:18Z,2025-11-21,70,6256.61,7144
234,raj_nguyen@gmail.com,Male,1977-03-10,48,+13058211537,385.0,Georgetown,VT,17977,US,Blocked,False,2022-07-07T00:29:51Z,2025-06-01T15:22:54Z,2024-05-19,18,5748.57,6990
235,nwalker@protonmail.com,Female,1996-01-05,29,+16177599693,387.0,Bristol,NM,48015,US,Active,True,2022-08-22T14:54:42Z,2025-02-12T18:21:51Z,2023-12-27,12,859.59,790
236,fatima.roberts17@yandex.com,Female,1972-08-09,53,+18584174545,389.0,Fairview,ID,76450,US,Active,True,2022-05-10T23:36:21Z,2025-05-04T22:31:11Z,2025-12-21,39,9372.88,10672
237,khan.gary@zoho.com,Female,1955-08-01,70,+14047724060,392.0,Columbus,OH,54657,US,Active,True,2019-11-13T16:51:50Z,2025-09-17T19:28:51Z,2021-06-10,86,2924.19,4167
238,elizabeth_hernandez@icloud.com,Male,1951-08-15,74,+19494024996,393.0,Riverside,ME,80047,US,Active,True,2020-08-04T07:03:38Z,2025-03-23T17:04:52Z,2024-07-14,38,10474.17,11003
239,lmoore@outlook.com,Male,2000-07-20,25,+19729796066,394.0,Sacramento,CA,88400,US,Blocked,False,2025-03-25T01:15:31Z,2025-05-01T20:13:10Z,,0,0.0,0
240,timothy865@zoho.com,Female,1974-11-19,51,+12013905270,395.0,Riverside,IA,87151,US,Active,True,2022-10-19T04:27:44Z,2025-05-20T21:35:51Z,2024-10-08,58,15939.2,14911
241,lewis.amanda@outlook.com,Male,1990-07-05,35,+19173768063,397.0,Clinton,ND,49968,US,Active,True,2018-04-13T20:15:33Z,2025-08-11T07:00:07Z,2025-04-03,14,1737.51,2447
242,david.davis97@yandex.com,Male,1942-09-24,83,+19493816503,398.0,Georgetown,RI,44410,US,Active,True,2024-09-03T12:24:28Z,2025-12-02T19:37:52Z,2024-09-19,14,2967.95,3499
243,kimberly.lee73@icloud.com,Prefer not to say,1962-05-31,63,+13054574423,399.0,Fairview,TN,11617,US,Active,True,2016-06-24T00:17:51Z,2025-01-09T08:23:06Z,2023-05-20,76,9118.03,9044
244,michael_robinson@fastmail.com,Male,1986-07-02,39,+15034933744,401.0,Springfield,VA,88719,US,Active,True,2024-08-25T14:37:20Z,2025-12-04T08:22:34Z,2024-09-02,23,10266.11,13087
245,edward487@yandex.com,Female,1943-11-01,82,+17139884786,402.0,Chester,WY,86216,US,Closed,False,2016-10-18T11:02:18Z,2018-06-25T05:03:24Z,,0,0.0,0
246,jessica559@aol.com,Female,1980-08-09,45,+16477076941,403.0,Georgetown,NT,C6Y 9C5,CA,Inactive,False,2018-07-22T08:12:53Z,2025-01-02T18:11:08Z,2019-11-06,93,7634.14,9811
247,jessica627@zoho.com,Male,1992-09-18,33,+14042612491,404.0,Chandler,AZ,13136,US,Active,True,2020-07-17T20:56:49Z,2025-09-15T02:53:18Z,2024-07-12,16,2879.52,4178
248,emilygonzalez@yahoo.com,Male,1991-08-26,34,+17022834385,407.0,Fairview,LA,90671,US,Active,True,2020-10-21T16:37:32Z,2025-05-21T01:57:56Z,2024-12-03,23,5577.81,7907
249,anthony.schmidt56@yahoo.com,Female,1944-08-09,81,+13055727939,408.0,Madison,NJ,24367,US,Active,True,2025-10-06T17:34:51Z,2025-11-30T18:06:44Z,2025-12-18,3,315.2,346
250,gary.clark@icloud.com,Female,1964-08-22,61,+18184478139,411.0,Georgetown,RI,81226,US,Active,True,2021-11-17T12:40:37Z,2025-08-27T09:03:07Z,2023-07-08,24,8934.63,11325
251,garywang@zoho.com,Female,1986-07-27,39,+17863856483,412.0,Mesa,AZ,68672,US,Active,True,2017-05-31T13:03:35Z,2025-07-12T21:46:55Z,2018-01-09,114,15371.33,15184
252,amandarodriguez@icloud.com,Female,1989-01-29,36,+17188638270,413.0,Riverside,ND,75732,US,Active,True,2017-03-23T05:53:34Z,2025-06-06T04:07:52Z,2025-06-12,96,10036.28,10208
253,elizabeth_mller@fastmail.com,Female,1942-11-06,83,+14152836169,414.0,Madison,MD,70149,US,Inactive,False,2015-03-02T23:53:34Z,2021-12-13T04:00:21Z,2018-08-31,101,8601.54,11606
254,ali.susan@yandex.com,Male,1961-11-11,64,+19729030244,415.0,Colorado Springs,CO,62847,US,Closed,False,2020-01-06T11:30:36Z,2020-08-17T07:49:57Z,2020-12-17,81,20970.68,19825
255,timothy.taylor42@yandex.com,Female,1951-12-09,74,+15126382880,417.0,Salem,DE,48564,US,Active,True,2016-11-11T06:28:55Z,2025-10-27T08:25:22Z,2025-04-05,161,45381.68,64076
256,betty_gonzalez@hotmail.com,Female,1997-02-09,28,+17189837542,419.0,Georgetown,MD,91854,US,Active,True,2020-04-03T19:10:04Z,2025-06-29T15:46:00Z,2023-06-11,81,1303.63,1791
257,dtanaka@protonmail.com,Male,1960-06-16,65,+17185165101,420.0,Clinton,DE,83419,US,Active,True,2016-01-10T19:09:09Z,2025-10-02T11:04:09Z,2020-10-17,14,1009.55,1277
258,gary_allen@gmail.com,Female,1999-07-17,26,+16049642363,421.0,Bristol,NB,P9J 1M5,CA,Active,True,2018-11-27T05:01:55Z,2025-06-20T19:51:37Z,2021-01-17,109,9779.89,10824
259,odavis@aol.com,Male,1958-06-17,67,+17136331377,423.0,Worcester,MA,86919,US,Pending,False,2022-05-07T19:47:01Z,,,0,0.0,0
260,bwhite@hotmail.com,Male,1956-03-25,69,+15123177979,425.0,Madison,MO,33331,US,Active,True,2023-11-05T00:13:40Z,2025-06-16T14:19:36Z,2024-05-18,16,2094.81,2771
261,wei.wright61@yahoo.com,Male,1960-08-14,65,+14045535024,427.0,Georgetown,CT,11035,US,Inactive,False,2020-03-30T08:02:59Z,2021-07-16T00:45:39Z,2024-06-24,18,2759.59,3479
262,melissa.baker7@outlook.com,Female,1962-01-22,63,+17028614999,428.0,Franklin,OR,27025,US,Active,True,2023-07-23T16:06:26Z,2025-05-21T00:42:51Z,2025-03-25,11,2572.59,3796
263,carter.jacob@yandex.com,Female,1949-08-20,76,+19172601100,430.0,Sparks,NV,61622,US,Inactive,False,2019-05-07T04:20:48Z,2020-11-03T17:10:08Z,,0,0.0,0
264,matthew922@gmail.com,Male,1975-07-01,50,+13057501824,431.0,Riverside,NJ,55388,US,Active,True,2022-05-02T05:27:09Z,2025-08-01T14:51:52Z,2023-05-04,5,652.05,596
265,melissa224@fastmail.com,Female,1973-10-09,52,+18054363187,432.0,Salem,NJ,16362,US,Blocked,False,2016-04-02T05:27:34Z,2024-10-08T18:23:17Z,2022-11-14,2,322.52,316
266,john.ali6@protonmail.com,Male,1951-01-22,74,+19495845502,433.0,Clinton,SC,78623,US,Active,True,2019-01-03T23:02:34Z,2025-06-06T06:13:39Z,2023-11-03,17,4744.49,6760
267,hernandez.steven@icloud.com,Female,1958-03-26,67,+12127071941,434.0,Madison,ID,75740,US,Active,True,2021-05-27T08:19:39Z,2025-04-06T02:14:29Z,2025-08-31,7,966.62,1406
268,andrew_zhang@protonmail.com,Female,1989-08-13,36,+19492659416,435.0,Salem,KY,14229,US,Active,True,2019-05-13T15:59:35Z,2025-12-19T02:20:55Z,2024-12-15,57,4551.2,4312
269,rwilliams@yandex.com,Female,1985-01-25,40,+17864952996,436.0,Salem,WV,82098,US,Active,True,2017-08-19T12:58:34Z,2025-10-19T01:37:28Z,2024-01-12,102,11643.9,11673
270,laura.lee@protonmail.com,Other,1941-05-04,84,+19726786411,437.0,Chester,SC,20552,US,Active,True,2020-12-21T10:48:29Z,2025-01-23T16:32:27Z,2023-04-10,75,22523.59,21110
271,liu.ana@zoho.com,Female,1962-09-28,63,+19052590269,439.0,Bristol,NB,C1B 7X7,CA,Inactive,False,2023-12-08T05:29:32Z,2025-09-24T09:21:10Z,,0,0.0,0
272,pkhan@protonmail.com,Male,1964-08-03,61,+15124872619,440.0,Bristol,NJ,42077,US,Active,True,2023-07-02T18:48:50Z,2025-10-29T17:59:13Z,2024-11-07,22,1164.02,1430
273,deborahallen@zoho.com,Female,1993-05-13,32,+17135170715,442.0,Greensboro,NC,78594,US,Active,True,2018-05-25T04:37:00Z,2025-08-14T16:23:32Z,2020-04-21,133,21504.43,31841
274,olga.johnson@fastmail.com,Female,1988-01-23,37,+19179320030,443.0,Chester,LA,80091,US,Blocked,False,2025-01-26T07:47:12Z,2025-08-01T04:49:37Z,,0,0.0,0
275,yuki.yamamoto81@zoho.com,Female,1945-08-15,80,+17806132271,445.0,Surrey,BC,J8A 5S9,CA,Active,True,2018-07-30T20:04:12Z,2025-04-24T23:32:17Z,2024-01-15,26,4239.51,4501
276,priya_tanaka@outlook.com,Female,1979-10-19,46,+16179780865,446.0,Bristol,ND,23489,US,Active,True,2022-07-19T09:06:59Z,2025-05-12T19:47:42Z,2023-11-05,12,733.28,696
277,paulrobinson@icloud.com,Other,1968-04-11,57,+12018866353,447.0,Jacksonville,FL,45940,US,Active,True,2019-02-27T04:19:21Z,2025-06-27T03:39:49Z,2023-09-09,73,10186.06,8543
278,ashley.lee@protonmail.com,Male,1994-03-27,31,+13055958088,448.0,Bristol,MS,47255,US,Active,True,2020-04-08T01:49:42Z,2025-06-09T00:48:27Z,2020-12-06,36,13085.25,11397
279,rmller@outlook.com,Female,1985-03-07,40,+17868859832,451.0,Chicago,IL,99647,US,Active,True,2018-03-03T18:21:40Z,2025-11-21T17:26:16Z,2019-02-25,29,6604.53,7936
280,rivera.ana@hotmail.com,Female,1954-09-24,71,+17029302753,453.0,Cincinnati,OH,19078,US,Inactive,False,2017-02-12T04:13:19Z,2019-02-25T07:14:53Z,,0,0.0,0
281,clark.jeffrey@protonmail.com,Male,1958-11-10,67,+18188212955,454.0,Clinton,WI,25775,US,Active,True,2017-04-22T12:37:52Z,2025-10-22T14:49:24Z,,0,0.0,0
282,richard581@gmail.com,Male,1979-12-28,45,+13123176253,455.0,Franklin,AL,77976,US,Active,True,2025-08-10T20:19:14Z,2025-12-04T17:01:05Z,2025-10-31,4,103.87,86
283,jlee@yahoo.com,Male,1997-02-20,28,+16139526164,456.0,Medicine Hat,AB,R9H 3E0,CA,Active,True,2019-03-09T08:39:20Z,2025-12-10T09:00:21Z,,0,0.0,18
284,george_gonzalez@yandex.com,Female,1992-04-15,33,+18057606579,457.0,Austin,TX,53073,US,Inactive,False,2017-03-14T04:14:32Z,2018-08-27T08:29:14Z,2024-02-05,25,5548.49,4847
285,carol229@protonmail.com,Prefer not to say,1984-10-05,41,+19177978521,460.0,Riverside,NJ,25765,US,Active,True,2023-08-29T17:29:42Z,2025-11-06T15:24:03Z,2025-06-16,17,564.84,461
286,fmartin@zoho.com,Female,1988-11-14,37,+15122410305,461.0,Salem,SC,36502,US,Active,True,2019-01-25T17:14:44Z,2025-03-28T22:37:54Z,2021-08-08,22,6088.09,8464
287,djohnson@yandex.com,Female,1950-03-31,75,+15122946550,464.0,Springfield,LA,60004,US,Active,True,2023-08-27T20:38:30Z,2025-08-29T18:06:49Z,2023-11-07,35,8982.77,12721
288,sharon206@fastmail.com,Male,1966-03-06,59,+17867583696,465.0,Buffalo,NY,87474,US,Active,True,2024-06-12T23:46:17Z,2025-08-19T20:18:38Z,2024-06-25,27,2447.27,2131
289,stephanie_kumar@zoho.com,Female,1957-04-03,68,+15128447577,467.0,Georgetown,AR,70057,US,Active,True,2015-04-09T20:21:06Z,2025-07-29T10:12:07Z,2019-03-22,65,9747.74,14441
290,brian_baker@yahoo.com,Female,1955-04-29,70,+19176515204,,,,,,Pending,False,2025-10-04T05:20:01Z,,,0,0.0,0
291,betty.lopez20@gmail.com,Male,2000-07-15,25,+15036596849,469.0,Bristol,IA,15344,US,Active,True,2019-07-16T08:09:45Z,2025-07-04T01:32:10Z,2022-10-31,50,3165.95,3892
292,ahmed.harris@outlook.com,Male,1976-11-21,49,+15034685652,470.0,Reno,NV,57777,US,Blocked,False,2022-01-13T18:56:57Z,2024-03-16T18:13:42Z,,0,0.0,0
293,lewis.chen@yandex.com,Female,1982-05-01,43,+15129946957,471.0,Tacoma,WA,84678,US,Active,True,2021-12-09T14:31:37Z,2025-05-15T16:41:38Z,2024-08-11,72,20746.39,29545
294,priya.wang@protonmail.com,Male,1993-09-09,32,+12017447620,472.0,Franklin,WI,33755,US,Active,True,2018-07-12T00:39:03Z,2024-12-25T12:16:10Z,2020-05-02,19,4267.04,5601
295,sharon128@yandex.com,Female,1959-01-14,66,+17025227546,473.0,Springfield,ND,10610,US,Active,True,2017-07-17T11:41:40Z,2025-11-13T22:10:28Z,2023-10-15,66,1532.85,1289
296,mei930@yandex.com,Other,1954-12-20,71,+17132491775,475.0,Joliet,IL,15451,US,Active,True,2021-11-16T10:29:59Z,2025-01-22T04:23:23Z,2023-04-04,15,2650.49,2798
297,laura_sanchez@zoho.com,Male,1980-01-29,45,+16179483414,476.0,Tucson,AZ,21689,US,Active,True,2019-03-25T02:31:01Z,2025-04-17T05:51:36Z,2022-06-13,50,7608.74,10192
298,daniel.schmidt89@gmail.com,Male,1960-04-13,65,+17183728303,477.0,Springfield,SC,15928,US,Inactive,False,2016-02-09T14:11:57Z,2018-08-05T12:32:01Z,,0,0.0,0
299,mark.martinez@yahoo.com,Female,2012-01-08,13,+16179176522,480.0,Chester,ME,47544,US,Active,True,2025-09-11T02:11:34Z,2025-11-13T07:58:50Z,,0,0.0,0
300,rroberts@hotmail.com,Male,1947-02-01,78,+15129732952,481.0,Franklin,AL,54741,US,Inactive,False,2017-09-17T13:39:23Z,2022-08-17T12:48:51Z,2019-10-31,11,2613.36,3496
301,robertmartinez@outlook.com,Male,1992-04-23,33,+13125810300,484.0,Bristol,MN,72800,US,Blocked,False,2022-03-26T12:18:43Z,2025-09-08T00:47:41Z,,0,0.0,0
302,schen@protonmail.com,Male,1977-06-12,48,+18056598681,485.0,Rockford,IL,57633,US,Active,True,2019-09-21T13:29:46Z,2025-05-08T03:54:15Z,2025-08-30,42,7792.3,7357
303,betty.martin12@hotmail.com,Male,2007-04-17,18,+12124780895,487.0,Denver,CO,11136,US,Active,True,2021-09-29T15:20:39Z,2025-02-15T08:08:19Z,,0,0.0,0
304,ashley.anderson44@yahoo.com,Female,1949-09-30,76,+19494884245,489.0,Bristol,AK,98049,US,Active,True,2023-06-23T01:08:56Z,2025-06-12T16:33:26Z,2024-06-28,2,546.46,793
305,david867@fastmail.com,Female,1996-10-30,29,+17022339367,490.0,Bristol,KY,66747,US,Inactive,False,2024-12-28T18:26:10Z,2025-07-03T02:38:42Z,2025-06-09,17,3859.44,5656
306,paul.hernandez@gmail.com,Other,2000-10-22,25,+15038533691,492.0,San Francisco,CA,84961,US,Closed,False,2025-03-30T10:55:32Z,2025-04-28T11:46:40Z,,0,0.0,9
307,jacobsanchez@outlook.com,Female,1957-09-24,68,+14049118709,494.0,Riverside,DE,34667,US,Active,True,2020-04-05T09:46:43Z,2025-02-24T11:14:54Z,2021-11-15,11,665.56,941
308,storres@icloud.com,Female,1985-05-08,40,+16138225963,495.0,Montreal,QC,N6C 5N7,CA,Active,True,2018-11-10T23:03:39Z,2025-05-19T01:47:27Z,,0,0.0,0
309,daniel.martin@yahoo.com,Female,1942-07-06,83,+18187585044,497.0,North Las Vegas,NV,30948,US,Active,True,2019-05-22T15:09:17Z,2025-07-05T21:10:48Z,2022-07-02,39,13851.67,13289
310,matthew498@hotmail.com,Prefer not to say,1961-07-30,64,+17802561411,500.0,Franklin,NT,N2X 8T9,CA,Inactive,False,2022-12-10T18:39:15Z,2024-05-04T10:15:45Z,,0,0.0,0
311,mmller@protonmail.com,Male,2003-11-24,22,+17186657895,502.0,Franklin,NJ,68547,US,Inactive,False,2017-01-03T09:16:13Z,2018-08-16T18:17:14Z,,0,0.0,0
312,mitchell.kathleen@outlook.com,Male,1990-05-24,35,+12129409318,503.0,Lowell,MA,84518,US,Blocked,False,2015-04-15T20:27:41Z,2018-12-02T08:39:01Z,,0,0.0,0
313,williampetrov@outlook.com,Male,1998-08-15,27,+12122353796,504.0,Clinton,AR,72743,US,Active,True,2023-11-09T12:44:09Z,2025-03-19T15:36:22Z,2024-06-28,8,2642.93,2556
314,kim.kimberly@hotmail.com,Male,1981-01-04,44,+16175027770,507.0,Clinton,VT,87759,US,Active,True,2021-10-07T20:42:32Z,2025-06-01T02:53:39Z,2022-11-20,14,4523.2,6024
315,emily567@hotmail.com,Male,1955-05-08,70,+16173189824,509.0,Springfield,MD,25738,US,Active,True,2016-02-03T01:23:13Z,2025-01-28T07:51:00Z,,0,0.0,53
316,raj.yamamoto@gmail.com,Male,1946-11-20,79,+14037785414,510.0,Madison,SK,V4L 1L3,CA,Inactive,False,2019-06-17T21:24:01Z,2019-11-17T12:51:54Z,2019-12-14,23,8202.39,10331
317,perez.maria@protonmail.com,Female,1997-02-12,28,+15148205147,513.0,London,ON,B9E 1L8,CA,Active,True,2016-08-17T19:21:34Z,2025-02-05T18:32:28Z,2025-11-15,36,14486.89,18833
318,chen198@hotmail.com,Male,1957-12-08,68,+14156546347,514.0,Salem,WI,49696,US,Inactive,False,2023-01-12T00:57:50Z,2025-11-10T04:28:59Z,,0,0.0,0
319,sjohnson@icloud.com,Female,1974-09-04,51,+14166089013,515.0,Chester,NT,E7P 8A6,CA,Active,True,2017-05-03T09:27:39Z,2025-02-27T01:08:18Z,2021-04-11,126,43129.6,35440
320,roberts.raj@outlook.com,Female,1945-05-30,80,+12015248938,517.0,Bristol,NM,42642,US,Active,True,2017-11-03T18:07:44Z,2025-04-05T09:19:41Z,2022-08-16,42,1262.43,1534
321,owilson@yahoo.com,Male,1991-01-14,34,+19175131608,519.0,Joliet,IL,96489,US,Active,True,2022-11-15T13:04:04Z,2025-11-10T22:00:46Z,2023-08-23,26,4066.4,3889
322,martinez.priya@outlook.com,Female,1978-02-19,47,+18187158119,522.0,Clinton,RI,26688,US,Active,True,2024-06-01T20:23:14Z,2025-08-13T09:27:02Z,2024-12-15,28,3209.56,4076
323,emily.kim35@yandex.com,Male,1971-09-04,54,+15129836309,523.0,San Diego,CA,92460,US,Inactive,False,2018-05-28T17:38:20Z,2021-11-11T09:10:51Z,2023-11-23,36,4678.55,6936
324,dyoung@zoho.com,Male,1971-04-23,54,+19722604401,525.0,Grand Rapids,MI,43387,US,Inactive,False,2017-01-19T20:51:31Z,2021-04-04T04:17:01Z,,0,0.0,0
325,carol.scott95@fastmail.com,Male,1996-07-05,29,+12136791910,528.0,Springfield,SC,31023,US,Active,True,2021-10-08T18:48:17Z,2025-03-18T06:41:32Z,2022-09-24,71,17312.89,23614
326,michellekumar@protonmail.com,Female,1981-01-24,44,+12505253946,529.0,Salem,NU,X6N 1V8,CA,Active,True,2017-05-24T07:06:54Z,2025-11-13T20:52:22Z,2017-08-26,99,34161.27,40272
327,rajyoung@yahoo.com,Female,1943-01-01,82,+19055058250,530.0,Franklin,NU,H4X 9J0,CA,Active,True,2019-05-12T18:22:23Z,2025-06-12T18:53:50Z,2023-04-07,117,17688.35,16980
328,daniel347@yandex.com,Female,2005-12-03,20,+13129101268,532.0,Springfield,HI,71481,US,Active,True,2020-12-01T04:34:59Z,2025-09-20T12:24:59Z,2021-01-12,22,6025.51,6933
329,chen303@gmail.com,Female,2008-04-07,17,+12014638596,534.0,Madison,MO,58971,US,Active,True,2023-07-12T08:33:59Z,2025-05-30T14:06:53Z,2024-07-22,3,268.07,834
330,skhan@yahoo.com,Male,1982-10-10,43,+17189441085,535.0,Georgetown,AR,70960,US,Active,True,2019-03-02T06:29:08Z,2025-05-26T07:44:17Z,,0,0.0,0
331,mthomas@hotmail.com,Female,1987-02-24,38,+12137174717,537.0,Augusta,GA,35733,US,Inactive,False,2015-05-29T21:49:35Z,2023-07-31T21:26:07Z,2022-10-24,40,12141.88,15784
332,anthony_smith@zoho.com,Prefer not to say,1964-11-10,61,+17139135298,538.0,Georgetown,NJ,90844,US,Active,True,2023-02-26T15:50:04Z,2025-09-04T06:48:14Z,,0,0.0,0
333,mlewis@fastmail.com,Female,1954-10-15,71,+17865405143,540.0,Georgetown,WY,17458,US,Active,True,2025-05-21T03:44:34Z,2025-08-17T15:11:21Z,2025-07-01,10,943.01,1165
334,perez.jennifer@zoho.com,Female,1993-05-01,32,+15123320316,543.0,Sacramento,CA,89451,US,Active,True,2015-12-04T01:39:00Z,2025-09-17T07:36:25Z,2022-10-28,126,6789.38,9721
335,dchen@aol.com,Male,1968-10-15,57,+19494007008,544.0,Georgetown,WY,51936,US,Closed,False,2022-06-21T10:13:15Z,2025-01-20T14:58:24Z,2022-10-09,8,1306.21,2327
336,robert.allen@outlook.com,Male,2000-02-07,25,+12136084364,545.0,Madison,HI,64499,US,Blocked,False,2025-11-02T12:50:45Z,2025-11-23T02:59:37Z,2025-12-20,4,1201.23,1437
337,james_wilson@yahoo.com,Female,1959-02-19,66,+17804790096,546.0,Springfield,YT,T9M 9T0,CA,Blocked,False,2017-05-14T04:21:43Z,2024-10-02T04:09:15Z,2024-03-26,101,40977.59,59754
338,yuki_allen@zoho.com,Male,1944-09-04,81,+12126166081,547.0,Madison,WY,88675,US,Active,True,2017-06-27T14:15:25Z,2025-12-24T03:18:29Z,2022-02-28,71,17102.98,13878
339,ashley.yamamoto@yahoo.com,Male,2006-08-15,19,+19177801204,548.0,Madison,WI,50565,US,Active,True,2022-07-04T05:42:18Z,2025-01-15T14:08:28Z,,0,0.0,20
340,dkumar@hotmail.com,Male,1977-02-22,48,+17133670281,551.0,Salem,NJ,52233,US,Active,True,2017-05-19T05:12:39Z,2025-02-01T21:02:16Z,2024-09-30,18,7059.77,10262
341,mohammed.anderson10@icloud.com,Female,1990-07-11,35,+17785051651,552.0,Madison,SK,R3L 6S1,CA,Active,True,2023-02-21T10:07:39Z,2025-12-09T06:27:54Z,2023-06-13,28,3855.29,5618
342,white.jessica@protonmail.com,Female,1961-10-23,64,+16179707774,553.0,Salem,CT,15339,US,Active,True,2015-07-21T08:19:53Z,2025-03-19T02:18:47Z,2023-04-18,183,38087.02,45028
343,kperez@hotmail.com,Male,1950-05-11,75,+19053770059,554.0,Medicine Hat,AB,L4V 9K0,CA,Closed,False,2022-01-27T00:30:13Z,2022-10-13T06:18:05Z,,0,0.0,0
344,thomas_garcia@icloud.com,Male,1947-07-08,78,+17025448781,556.0,Seattle,WA,58333,US,Active,True,2022-09-02T12:08:13Z,2025-08-05T15:44:13Z,2024-12-26,46,2679.25,2343
345,ldavis@outlook.com,Female,1978-02-16,47,+15123346021,557.0,Bristol,LA,61196,US,Active,True,2016-03-28T09:09:18Z,2025-08-03T14:37:07Z,2019-08-21,136,4877.72,6101
346,sgonzalez@hotmail.com,Male,1968-11-14,57,+19056764318,558.0,Bristol,MB,X1G 1N8,CA,Inactive,False,2023-05-16T12:01:04Z,2024-12-16T15:17:01Z,2024-12-05,16,4736.21,6626
347,jacobsanchez@protonmail.com,Female,1971-03-13,54,+15143851635,559.0,Bristol,NB,S9C 2Y7,CA,Active,True,2019-01-01T15:48:15Z,2025-03-28T02:19:29Z,2025-05-03,72,1100.99,1571
348,jessica.lopez@aol.com,Female,2008-01-02,17,+14039757877,560.0,Clinton,NU,S6E 2X9,CA,Inactive,False,2024-07-09T07:02:30Z,2025-04-19T00:13:12Z,,0,0.0,0
349,jones.melissa@yandex.com,Female,1978-10-02,47,+18053320343,562.0,Reading,PA,53260,US,Inactive,False,2016-03-20T02:48:10Z,2018-08-04T04:57:36Z,2024-03-21,59,11767.24,13699
350,timothyliu@hotmail.com,Other,1952-05-31,73,+17789346735,563.0,Richmond,BC,V7G 1X2,CA,Pending,False,2025-02-06T01:14:47Z,,,0,0.0,0
351,patricia.hernandez65@icloud.com,Male,1998-03-11,27,+13058666339,566.0,Georgetown,MN,59682,US,Inactive,False,2021-07-27T02:05:44Z,2022-08-20T17:56:50Z,2025-02-07,69,11751.83,15558
352,agarcia@yandex.com,Male,1980-01-14,45,+15126446257,567.0,Aurora,CO,77618,US,Active,True,2020-03-29T00:02:38Z,2025-11-29T00:44:54Z,,0,0.0,0
353,garcia.jennifer@gmail.com,Female,1962-08-10,63,+18583042405,568.0,Salem,DE,43136,US,Active,True,2019-08-08T19:54:39Z,2025-03-15T10:34:01Z,2025-06-30,3,958.51,1027
354,william.chen28@icloud.com,Male,1953-09-25,72,+18585614559,569.0,Franklin,VA,58268,US,Active,True,2022-10-24T12:39:43Z,2025-07-27T11:50:16Z,2024-06-24,43,9068.61,8261
355,melissa.baker23@protonmail.com,Female,1943-02-16,82,+17786351564,570.0,London,ON,A4E 6K8,CA,Active,True,2022-07-01T02:30:24Z,2025-07-20T16:20:41Z,,0,0.0,0
356,rliu@yahoo.com,Female,1945-05-17,80,+18586166339,572.0,Los Angeles,CA,90199,US,Inactive,False,2021-10-20T06:15:37Z,2022-04-26T02:58:49Z,2023-01-25,18,2424.12,2005
357,susan724@protonmail.com,Female,1994-08-13,31,+14155286332,573.0,Fairview,AL,99144,US,Active,True,2020-11-15T00:15:44Z,2025-06-14T10:46:24Z,2024-03-19,34,10525.1,9301
358,sandra.kim@protonmail.com,Female,1993-08-30,32,+18586497174,574.0,Madison,WV,27046,US,Active,True,2016-07-24T13:12:10Z,2025-10-05T19:50:48Z,2020-05-07,19,1568.7,2192
359,roberts.patricia@gmail.com,Male,1960-02-19,65,+14156399758,576.0,Franklin,OK,91419,US,Active,True,2016-02-14T05:49:13Z,2025-08-16T16:11:16Z,2017-05-04,131,25115.51,28625
360,edward512@yandex.com,Male,2005-12-24,20,+19498772331,577.0,Bristol,AK,43455,US,Active,True,2020-05-12T01:06:42Z,2025-06-18T15:51:26Z,2021-02-01,7,1678.02,2285
361,mller.john@fastmail.com,Female,1958-06-26,67,+16478407148,579.0,Fairview,NT,A9V 3R1,CA,Active,True,2025-09-09T05:56:12Z,2025-12-11T11:50:01Z,2025-11-03,2,178.36,193
362,sofia_williams@aol.com,Female,1941-04-25,84,+15122784312,580.0,Cleveland,OH,66904,US,Closed,False,2025-01-23T11:26:56Z,2025-03-24T16:24:40Z,2025-08-28,14,1864.4,2514
363,carol_thomas@aol.com,Male,1976-10-21,49,+12012054637,581.0,Bristol,HI,39325,US,Active,True,2021-01-26T04:15:37Z,2025-07-18T20:33:17Z,,0,0.0,0
364,viktor.sanchez@zoho.com,Female,1977-12-04,48,+13127002227,583.0,Jacksonville,FL,63955,US,Closed,False,2022-01-12T04:03:46Z,2024-02-05T11:44:03Z,2023-02-16,64,11024.71,10072
365,hernandez.cynthia@zoho.com,Female,1955-10-11,70,+14153830844,585.0,Salem,MN,25894,US,Active,True,2022-08-09T03:05:38Z,2025-10-02T03:29:45Z,2024-05-20,28,2673.34,2386
366,emily.torres@fastmail.com,Prefer not to say,2002-03-25,23,+12132117553,586.0,Raleigh,NC,34464,US,Active,True,2018-01-09T03:25:30Z,2025-03-26T07:24:39Z,,0,0.0,0
367,walker.amy@icloud.com,Other,1954-03-09,71,+17026522084,589.0,Austin,TX,11944,US,Active,True,2024-08-23T00:23:48Z,2025-12-23T12:57:57Z,2025-02-06,6,487.79,821
368,aisha445@yandex.com,Female,1955-03-31,70,+17809402872,590.0,Clinton,SK,Y7L 9M2,CA,Pending,False,2016-06-03T01:54:21Z,,,0,0.0,0
369,elizabeth.rodriguez@aol.com,Female,1985-06-09,40,+19174669706,592.0,New York,NY,94319,US,Inactive,False,2021-11-05T17:31:24Z,2024-11-18T22:26:03Z,2022-09-16,56,11683.28,16456
370,kim.ryan@fastmail.com,Male,1995-11-21,30,+15146471465,594.0,Riverside,PE,N7H 5C5,CA,Active,True,2018-04-19T05:40:15Z,2025-02-03T10:23:49Z,2020-10-15,69,23107.12,32988
371,mark176@yahoo.com,Male,1973-11-09,52,+18588914969,595.0,Fairview,MD,25725,US,Inactive,False,2015-04-16T20:31:33Z,2018-03-28T09:26:08Z,2022-11-30,157,19067.64,19088
372,amanda_thompson@aol.com,Female,1951-12-27,73,+14049467415,598.0,Georgetown,WY,62716,US,Active,True,2022-10-22T18:33:30Z,2025-03-12T20:12:16Z,2023-07-14,49,7406.0,7143
373,priya_baker@yahoo.com,Prefer not to say,1989-08-09,36,+14046211342,599.0,Lowell,MA,47753,US,Pending,False,2022-02-02T10:46:37Z,,,0,0.0,0
374,diegoroberts@outlook.com,Male,1985-01-20,40,+16173754484,602.0,Franklin,WV,58343,US,Active,True,2016-08-13T15:54:44Z,2025-09-03T05:23:41Z,2021-04-01,113,25327.98,23103
375,ryanthompson@yandex.com,Female,1982-09-09,43,+19499903224,604.0,Jacksonville,FL,30284,US,Pending,False,2018-08-07T08:47:23Z,,,0,0.0,0
376,ramirez.ryan@protonmail.com,Male,1960-07-13,65,+15143983525,605.0,Salem,SK,N2M 4Y8,CA,Inactive,False,2025-05-20T18:41:37Z,2025-07-06T19:01:48Z,2025-07-13,10,4173.25,5503
377,linda.nelson@zoho.com,Male,1988-04-26,37,+19058116998,607.0,Ottawa,ON,G3A 2G5,CA,Closed,False,2025-03-19T15:46:07Z,2025-05-13T07:32:04Z,,0,0.0,71
378,anthony455@outlook.com,Female,1998-03-24,27,+13055860561,608.0,Fairview,OR,52039,US,Active,True,2020-12-31T12:59:03Z,2025-12-04T19:00:20Z,,0,0.0,49
379,sarah.miller@icloud.com,Male,1949-01-17,76,+19728264386,611.0,Clinton,NH,35945,US,Inactive,False,2016-04-19T03:24:25Z,2017-06-21T08:22:36Z,2024-05-28,159,39514.09,41096
380,sarahmartin@icloud.com,Female,1994-02-05,31,+13053919843,613.0,Erie,PA,12239,US,Active,True,2017-03-04T22:54:23Z,2025-06-29T22:19:16Z,2024-08-25,1,236.03,282
381,miller.kathleen@gmail.com,Male,1984-01-16,41,+17024189945,614.0,Riverside,TN,54877,US,Active,True,2017-08-03T17:31:17Z,2025-11-24T23:09:56Z,2017-11-02,22,4269.99,5088
382,wmitchell@zoho.com,Male,1974-05-30,51,+14152223517,615.0,Charlotte,NC,15076,US,Inactive,False,2018-03-13T13:53:11Z,2020-12-15T22:24:04Z,2018-09-09,65,7738.74,9197
383,george304@aol.com,Male,2005-08-13,20,+15126127473,616.0,Georgetown,ME,79559,US,Active,True,2019-10-27T10:45:03Z,2025-05-01T12:57:35Z,2022-05-22,58,2083.76,2151
384,steven.petrov5@aol.com,Male,1970-12-25,55,+18182159220,617.0,Clinton,ND,28117,US,Active,True,2017-03-25T21:51:55Z,2025-09-14T17:17:05Z,2021-08-23,113,44025.11,48861
385,king.john@yandex.com,Female,1990-07-26,35,+12128776585,618.0,Fairview,SC,75776,US,Active,True,2015-10-06T22:36:48Z,2025-01-01T21:17:32Z,2023-09-12,1,132.67,112
386,arobinson@zoho.com,Female,1957-06-17,68,+14155919732,620.0,Henderson,NV,13448,US,Inactive,False,2017-05-13T23:44:32Z,2024-11-16T18:22:50Z,2017-07-12,30,10118.13,8569
387,carlosmller@yandex.com,Female,2000-05-20,25,+17136378402,622.0,Riverside,WI,69151,US,Closed,False,2020-09-12T00:52:52Z,2021-02-03T18:52:17Z,,0,0.0,0
388,olga694@aol.com,Male,1951-08-14,74,+17132897655,625.0,Georgetown,IA,59464,US,Active,True,2017-11-25T02:50:37Z,2025-05-22T06:13:04Z,2021-01-31,142,26351.61,33517
389,priyaflores@yandex.com,Male,1991-05-10,34,+17186468640,626.0,Madison,IA,80073,US,Active,True,2018-10-16T03:24:09Z,2025-10-04T15:01:57Z,2018-10-17,105,11571.23,13327
390,elizabeth440@gmail.com,Prefer not to say,2008-12-04,17,+18582791847,627.0,Georgetown,KY,82914,US,Active,True,2025-12-24T07:22:42Z,2025-12-25T14:08:08Z,2025-12-24,2,329.02,341
391,wang.paul@yahoo.com,Female,1961-05-11,64,+18585197422,630.0,Bristol,OK,50844,US,Closed,False,2024-06-01T10:39:11Z,2024-12-20T07:03:27Z,2024-10-06,20,5077.36,6545
392,martinez.joseph@yandex.com,Female,1946-08-04,79,+12012412314,631.0,Salem,AR,73636,US,Active,True,2017-07-19T19:34:48Z,2025-03-16T07:48:14Z,2018-09-01,106,39453.02,45776
393,edward977@protonmail.com,Male,1942-04-30,83,+17863097698,632.0,Winston-Salem,NC,13786,US,Active,True,2024-03-13T09:20:27Z,2025-06-22T01:08:55Z,2025-01-22,2,482.67,645
394,brian.robinson@outlook.com,Other,2001-08-15,24,+12135272761,633.0,Georgetown,WI,90382,US,Active,True,2019-10-09T05:54:11Z,2025-10-25T11:03:29Z,2025-02-18,98,26482.12,34049
395,susantanaka@gmail.com,Female,2004-10-27,21,+16043235430,634.0,Red Deer,AB,T3S 5H6,CA,Closed,False,2023-05-11T17:08:12Z,2023-07-31T22:44:50Z,,0,0.0,0
396,olga249@hotmail.com,Male,1956-09-21,69,+18054839872,635.0,Georgetown,MD,47382,US,Active,True,2018-06-22T04:07:42Z,2025-03-15T02:55:56Z,2021-06-25,65,10199.78,8496
397,lisabrown@gmail.com,Male,1975-02-01,50,+15124759443,637.0,Clinton,MO,15466,US,Blocked,False,2022-09-07T05:52:04Z,2025-05-06T17:37:04Z,,0,0.0,8
398,owilson@zoho.com,Female,1980-07-24,45,+18187056379,638.0,Cincinnati,OH,18645,US,Inactive,False,2020-04-26T16:18:32Z,2021-01-26T05:40:43Z,2023-04-02,33,13535.39,13581
399,jschmidt@hotmail.com,Female,2002-12-30,22,+18057712841,639.0,Riverside,NM,45945,US,Pending,False,2022-09-13T01:19:20Z,,,0,0.0,0
400,lauralee@outlook.com,Female,1950-04-19,75,+12127970094,640.0,Chester,ID,77460,US,Active,True,2016-09-10T03:41:42Z,2025-03-18T18:43:07Z,,0,0.0,72
401,patricia_schmidt@gmail.com,Female,1991-02-10,34,+15037378383,641.0,Madison,OK,51854,US,Active,True,2025-04-24T21:30:45Z,2025-09-18T00:31:20Z,2025-05-17,5,364.8,365
402,jennifer.kumar@fastmail.com,Male,1978-11-27,47,+12137906248,643.0,Madison,MS,21343,US,Pending,False,2018-01-05T02:04:00Z,,,0,0.0,0
403,maria.kumar@outlook.com,Female,1991-10-18,34,+19723985982,645.0,Salem,NJ,13063,US,Active,True,2016-04-29T15:33:43Z,2025-01-21T12:05:33Z,2021-02-18,94,2806.2,2599
404,ana_mitchell@yandex.com,Other,1982-05-25,43,+19173213440,646.0,Chester,CT,98208,US,Closed,False,2019-01-19T10:32:20Z,2024-06-30T14:01:51Z,2021-10-14,91,4727.34,4764
405,thomaswilson@icloud.com,Female,1974-06-28,51,+16473440131,647.0,Calgary,AB,R4N 7L0,CA,Active,True,2020-06-14T01:20:27Z,2025-04-10T05:21:21Z,2025-02-08,17,4661.14,3729
406,kathleenrodriguez@gmail.com,Male,1998-08-04,27,+18052446610,649.0,Mesa,AZ,39807,US,Active,True,2022-10-30T01:05:07Z,2025-03-05T12:05:46Z,2023-04-24,30,7160.24,7306
407,dorothy_nguyen@zoho.com,Male,1991-12-14,34,+17869015664,650.0,Bristol,LA,25147,US,Active,True,2020-11-07T14:26:37Z,2025-03-16T08:40:32Z,,0,0.0,0
408,green.daniel@gmail.com,Female,1997-08-13,28,+14043727969,653.0,Aurora,CO,62044,US,Active,True,2025-11-13T09:25:58Z,2025-12-17T02:29:19Z,2025-11-16,4,1449.47,1558
409,olga319@outlook.com,Male,1962-01-06,63,+17022931083,655.0,Springfield,NE,20346,US,Active,True,2018-07-14T08:44:05Z,2025-01-09T13:45:02Z,2024-11-16,35,3302.38,3467
410,robert.ramirez19@aol.com,Male,2009-04-02,16,+19494856049,658.0,Clinton,WI,58994,US,Active,True,2023-11-02T02:04:34Z,2025-07-24T22:44:32Z,2025-07-24,15,4692.83,6058
411,jyamamoto@aol.com,Male,1962-09-19,63,+12012023312,659.0,Allentown,PA,39494,US,Inactive,False,2020-05-15T16:17:44Z,2021-10-11T15:13:57Z,,0,0.0,0
412,richard.rodriguez@aol.com,Male,1944-08-12,81,+15032116974,661.0,Chester,NE,43197,US,Inactive,False,2022-03-19T13:53:43Z,2022-06-23T01:08:43Z,,0,0.0,0
413,nancy_lopez@outlook.com,Male,1979-01-13,46,+16475887006,662.0,Bristol,MB,P6X 3C4,CA,Inactive,False,2018-06-30T05:25:02Z,2021-01-30T12:51:44Z,,0,0.0,1
414,lrodriguez@outlook.com,Male,1952-03-17,73,+19498288307,663.0,Boulder,CO,51018,US,Closed,False,2020-11-09T18:58:31Z,2024-11-28T19:41:54Z,2023-04-22,56,2176.17,2063
415,gonzalez.michael@outlook.com,Prefer not to say,2008-09-06,17,+18184338417,665.0,Aurora,CO,46535,US,Active,True,2024-05-06T05:00:03Z,2025-09-25T22:13:42Z,2024-12-26,5,1350.4,1208
416,ronald487@yandex.com,Male,1971-12-10,54,+12135939931,668.0,Riverside,RI,64488,US,Closed,False,2023-01-08T19:14:59Z,2025-05-06T09:44:28Z,2023-05-23,38,1831.55,2449
417,khernandez@protonmail.com,Female,1978-09-13,47,+12136784257,669.0,Salem,IA,30050,US,Active,True,2020-06-17T00:32:03Z,2025-06-20T13:07:59Z,2023-01-16,54,19950.41,29283
418,mark627@zoho.com,Male,1974-11-09,51,+15142850704,670.0,Clinton,NL,S3N 9N4,CA,Active,True,2016-11-16T14:12:08Z,2025-09-30T02:20:35Z,,0,0.0,37
419,white.ryan@yandex.com,Female,1988-09-25,37,+18058529373,672.0,Tacoma,WA,58469,US,Inactive,False,2017-08-24T07:15:16Z,2019-11-30T09:07:00Z,2025-02-21,21,4859.19,5686
420,ascott@outlook.com,Male,1974-03-25,51,+17185330905,674.0,Springfield,MA,85460,US,Active,True,2015-04-01T17:44:58Z,2025-12-21T12:06:57Z,2016-03-24,159,45279.75,62252
421,kimberly773@fastmail.com,Male,1978-04-24,47,+19495461552,675.0,Springfield,VA,69350,US,Pending,False,2024-02-27T03:19:49Z,,,0,0.0,0
422,ali.ahmed@outlook.com,Male,1969-08-07,56,+17868682638,676.0,Springfield,HI,79341,US,Closed,False,2016-10-02T06:23:52Z,2024-02-17T15:11:49Z,2022-05-04,130,31394.19,26183
423,linda_garcia@icloud.com,Other,1954-09-21,71,+14153005920,677.0,Georgetown,ID,70701,US,Active,True,2024-02-15T14:59:34Z,2025-11-22T15:59:33Z,2025-06-24,3,102.14,207
424,hall.timothy@fastmail.com,Male,1976-02-05,49,+13123417473,678.0,Dallas,TX,40753,US,Active,True,2016-12-21T23:01:38Z,2025-01-29T04:38:24Z,2025-01-13,125,31459.51,33393
425,sandrasingh@aol.com,Male,1944-02-27,81,+13052118778,679.0,Joliet,IL,15056,US,Active,True,2020-04-07T12:05:58Z,2025-11-30T05:35:00Z,2021-08-14,50,12805.81,17097
426,kumar.viktor@outlook.com,Other,1964-03-18,61,+12503294219,680.0,Toronto,ON,E5L 3P8,CA,Inactive,False,2023-09-28T12:30:12Z,2024-08-26T03:18:28Z,2025-09-04,14,6142.81,9220
427,kyoung@gmail.com,Male,1946-01-05,79,+12133843409,681.0,Worcester,MA,11776,US,Active,True,2018-01-17T12:43:50Z,2025-04-17T20:50:42Z,2024-04-24,125,25031.51,36667
428,nelson.carol@fastmail.com,Male,2001-03-12,24,+12012596603,683.0,Salem,HI,30748,US,Active,True,2016-01-10T18:46:24Z,2025-02-25T01:23:44Z,2021-05-17,128,13996.79,19069
429,ryan_chen@zoho.com,Male,1960-05-20,65,+12015861966,684.0,Salem,TN,98467,US,Closed,False,2015-10-31T05:27:31Z,2021-04-03T12:33:22Z,,0,0.0,0
430,mei.rodriguez51@zoho.com,Male,1984-08-31,41,+19175894555,686.0,Franklin,AL,65163,US,Active,True,2024-01-21T12:17:18Z,2025-03-12T08:47:09Z,,0,0.0,0
431,jason.white27@hotmail.com,Prefer not to say,1998-01-03,27,+17867657454,688.0,Franklin,ND,70643,US,Active,True,2021-05-05T20:22:08Z,2025-03-09T18:46:22Z,2025-05-16,7,1831.47,1475
432,paul.wang@gmail.com,Male,2000-01-07,25,+15122836838,691.0,Chester,WY,86367,US,Active,True,2022-11-05T17:10:09Z,2025-09-01T18:47:30Z,2024-01-26,9,1933.38,2884
433,cynthia_nelson@hotmail.com,Female,2004-06-19,21,+17868762597,694.0,Springfield,NM,82794,US,Pending,False,2024-02-16T12:12:21Z,,,0,0.0,0
434,patriciajones@protonmail.com,Female,1999-06-16,26,+15123579773,697.0,Riverside,ME,71055,US,Closed,False,2018-07-09T22:45:57Z,2020-02-06T17:41:14Z,2019-01-08,13,1018.74,1276
435,christopher473@gmail.com,Male,1996-12-26,28,+17868570907,698.0,Los Angeles,CA,97861,US,Active,True,2023-11-23T07:00:08Z,2025-12-16T11:21:33Z,2024-07-15,7,748.78,819
436,drobinson@aol.com,Female,1984-10-14,41,+14169391035,699.0,Springfield,YT,C8H 3G4,CA,Active,True,2016-11-29T07:01:13Z,2025-08-09T06:00:03Z,2025-11-16,33,6305.53,7611
437,wei_jackson@outlook.com,Other,1957-11-15,68,+14168693586,702.0,Hamilton,ON,B2T 1V4,CA,Active,True,2020-01-23T18:49:04Z,2025-09-20T21:57:09Z,2025-10-26,7,374.87,310
438,amy.roberts26@icloud.com,Female,1981-10-21,44,+19178848912,703.0,Aurora,IL,10197,US,Active,True,2017-01-14T05:01:23Z,2025-07-29T09:10:30Z,2019-12-17,97,26135.72,31722
439,ljohnson@fastmail.com,Female,1986-07-27,39,+15034248209,704.0,Georgetown,RI,64278,US,Active,True,2022-09-04T11:04:39Z,2025-07-17T17:55:22Z,2024-11-25,17,4730.78,5199
440,christopher.martin@protonmail.com,Female,1977-11-13,48,+14042358574,705.0,Madison,SC,97042,US,Active,True,2017-06-13T01:09:37Z,2025-07-15T11:58:19Z,2024-12-10,103,8102.62,10775
441,joseph.mitchell@aol.com,Female,1978-06-19,47,+17024199022,707.0,Philadelphia,PA,79578,US,Pending,False,2021-01-03T15:25:19Z,,,0,0.0,0
442,kenneth.adams@icloud.com,Female,1977-01-29,48,+12014563879,708.0,San Francisco,CA,33989,US,Closed,False,2018-02-28T12:47:19Z,2019-06-30T08:15:05Z,2018-12-13,76,13734.89,17860
443,ali.diego@outlook.com,Male,1995-09-18,30,+12122045152,709.0,Franklin,WV,10279,US,Inactive,False,2021-08-30T19:17:36Z,2025-07-15T11:24:17Z,2021-12-24,26,1396.2,1331
444,sharon_young@aol.com,Female,1959-08-05,66,+17027326763,711.0,Riverside,WV,76277,US,Active,True,2024-11-21T16:39:57Z,2025-06-11T14:30:53Z,,0,0.0,61
445,martin.mark@gmail.com,Male,2006-08-18,19,+18186135653,712.0,Springfield,WI,63223,US,Active,True,2022-02-16T11:57:11Z,2025-05-03T11:35:57Z,,0,0.0,0
446,cynthia688@yahoo.com,Prefer not to say,1986-03-07,39,+15147130770,713.0,Franklin,SK,R7P 7Y6,CA,Active,True,2022-10-16T03:22:37Z,2025-05-24T22:17:11Z,2025-07-30,35,7869.24,7276
447,viktor.johnson@zoho.com,Female,1953-04-14,72,+19497190332,714.0,Riverside,MD,67392,US,Inactive,False,2021-06-30T19:01:28Z,2023-01-01T15:31:37Z,,0,0.0,0
448,elena.mller@protonmail.com,Female,1962-10-19,63,+18588762925,715.0,Franklin,RI,96885,US,Active,True,2018-03-29T14:33:40Z,2025-07-02T20:59:26Z,2024-10-16,137,6459.9,7581
449,karen.ali@zoho.com,Female,1941-02-04,84,+16175623821,718.0,Joliet,IL,80957,US,Closed,False,2017-05-21T01:43:22Z,2021-10-05T23:08:28Z,2021-05-24,153,16880.41,18214
450,chen.jason@icloud.com,Female,1944-07-03,81,+12014783216,720.0,Riverside,ID,89821,US,Active,True,2019-03-28T04:50:49Z,2025-10-21T08:11:47Z,2022-10-09,77,12240.37,17781
451,dorothyperez@yahoo.com,Male,1988-12-24,37,+15035308353,721.0,Springfield,RI,10435,US,Blocked,False,2017-07-11T10:00:31Z,2018-06-11T14:18:52Z,,0,0.0,21
452,laura.zhang@protonmail.com,Male,1973-11-20,52,+15124427536,724.0,Bristol,OR,36140,US,Active,True,2022-02-28T06:22:49Z,2025-10-13T15:51:44Z,2024-09-29,38,2344.41,2070
453,white.omar@hotmail.com,Male,1986-06-09,39,+16175427532,725.0,Riverside,ID,68349,US,Active,True,2020-12-31T05:51:58Z,2025-03-14T08:14:48Z,2025-08-21,70,8606.25,10577
454,robert869@yandex.com,Male,1984-01-28,41,+18584495953,728.0,Madison,MO,77449,US,Active,True,2017-07-22T18:01:34Z,2025-08-28T15:46:55Z,2023-05-30,22,4078.14,4091
455,shill@zoho.com,Female,1981-07-30,44,+18188379951,730.0,Clinton,LA,65765,US,Active,True,2025-01-29T02:29:00Z,2025-07-09T21:02:19Z,,0,0.0,42
456,gary_hernandez@hotmail.com,Male,1942-01-22,83,+19179226308,731.0,Georgetown,MS,29373,US,Closed,False,2024-12-14T00:47:50Z,2025-10-03T21:42:00Z,,0,0.0,0
457,ronald.williams@zoho.com,Female,1962-09-03,63,+17028931941,732.0,Springfield,OR,79614,US,Active,True,2023-10-30T18:05:00Z,2025-08-20T11:13:54Z,2024-09-16,31,3978.13,4155
458,james_nelson@gmail.com,Female,2008-06-09,17,+16174064430,734.0,Riverside,DE,59785,US,Closed,False,2023-11-04T02:23:40Z,2024-08-28T17:05:55Z,2024-07-06,22,7956.94,9622
459,olga641@yandex.com,Male,1974-07-13,51,+15125802452,736.0,Madison,SD,98661,US,Active,True,2025-10-20T03:02:12Z,2025-12-24T07:33:25Z,2025-11-06,2,293.76,426
460,james535@zoho.com,Male,1965-12-31,59,+14152178450,737.0,Bristol,DE,44849,US,Active,True,2025-07-11T19:32:29Z,2025-10-17T06:20:51Z,2025-11-25,4,1361.73,1802
461,rebecca.williams4524@yandex.com,Male,1972-04-27,53,+12012474770,740.0,Madison,WI,18688,US,Active,True,2017-12-19T05:02:59Z,2025-08-12T07:44:53Z,2025-04-13,60,20137.92,21130
462,cynthia646@yandex.com,Female,1954-08-03,71,+17862836166,741.0,Clinton,VT,32595,US,Inactive,False,2023-05-08T12:16:55Z,2025-12-19T06:43:08Z,2024-03-08,24,985.79,1343
463,karen.jones@fastmail.com,Male,1962-04-02,63,+17028693617,742.0,Buffalo,NY,27899,US,Active,True,2019-05-21T13:46:08Z,2025-11-20T08:09:20Z,2024-08-06,70,10399.56,11783
464,priya585@gmail.com,Female,1953-10-29,72,+14046589891,743.0,New York,NY,84642,US,Inactive,False,2017-01-30T03:01:51Z,2019-12-05T13:57:50Z,,0,0.0,52
465,ckim@yahoo.com,Male,1993-10-07,32,+13053884494,744.0,Georgetown,TN,51393,US,Active,True,2018-01-10T02:09:46Z,2025-01-19T01:11:23Z,2020-01-18,115,31964.21,34325
466,sofia_singh@yandex.com,Female,2001-07-19,24,+19492272873,746.0,Boulder,CO,24357,US,Closed,False,2019-09-22T04:13:29Z,2021-11-06T06:11:29Z,2022-08-03,35,3577.47,4738
467,thomas.sanchez2@gmail.com,Female,1989-07-07,36,+13129266379,747.0,Clinton,HI,74443,US,Closed,False,2018-01-06T16:27:17Z,2023-01-19T17:59:27Z,2019-01-24,136,17922.62,16195
468,jennifer840@hotmail.com,Male,1967-12-22,58,+13059468533,750.0,Clinton,IA,66958,US,Inactive,False,2021-02-03T02:54:55Z,2024-02-29T16:25:11Z,2025-09-01,6,240.33,333
469,charles_miller@yahoo.com,Male,1998-10-24,27,+13122282534,753.0,Franklin,AL,61259,US,Active,True,2023-02-01T00:51:08Z,2024-12-28T18:49:13Z,2025-12-18,10,3530.34,3928
470,john.johnson@yahoo.com,Male,1991-04-13,34,+17805577494,754.0,Riverside,NT,B1T 3K0,CA,Active,True,2025-08-28T04:35:44Z,2025-11-12T08:10:51Z,2025-10-08,1,264.23,615
471,pking@aol.com,Other,1985-09-11,40,+16177495306,755.0,Salem,MD,16029,US,Inactive,False,2023-04-01T13:27:48Z,2024-02-27T21:20:37Z,,0,0.0,0
472,jeffreywang@icloud.com,Female,1965-03-23,60,+15034627370,758.0,Franklin,MD,26456,US,Active,True,2023-11-11T19:18:30Z,2025-04-29T22:00:40Z,2024-03-01,14,1375.89,1877
473,amandalee@icloud.com,Male,1942-08-01,83,+12019190501,759.0,Athens,GA,42647,US,Active,True,2025-11-16T12:42:44Z,2025-12-07T22:24:36Z,2025-12-17,1,55.02,73
474,stephaniechen@yahoo.com,Male,1949-11-11,76,+17862035159,760.0,Fairview,MD,79191,US,Inactive,False,2024-02-27T03:02:11Z,2024-05-30T08:55:07Z,2024-09-04,13,2649.07,2939
475,amy.gonzalez75@fastmail.com,Female,1990-10-23,35,+15122826463,762.0,Springfield,SC,76496,US,Active,True,2019-08-27T01:49:47Z,2025-11-01T22:38:11Z,,0,0.0,45
476,jasonbrown@icloud.com,Female,1996-04-06,29,+17866694753,764.0,Springfield,IA,68642,US,Active,True,2020-04-09T04:08:57Z,2025-09-13T01:47:53Z,2025-10-08,82,24133.53,32397
477,rtanaka@icloud.com,Male,2002-04-13,23,+12128172336,766.0,Atlanta,GA,52186,US,Blocked,False,2019-04-09T02:27:39Z,2020-08-05T10:04:33Z,,0,0.0,0
478,susan.singh@gmail.com,Female,1942-06-05,83,+15034599278,768.0,Fairview,IA,53253,US,Blocked,False,2018-07-19T07:02:09Z,2019-09-05T19:00:13Z,2022-11-24,94,28730.77,37028
479,adams.carol@aol.com,Female,1953-04-25,72,+19725874360,769.0,Springfield,SD,98007,US,Closed,False,2021-02-14T02:57:28Z,2023-11-20T13:48:34Z,2023-12-18,76,11013.93,9570
480,patricia.zhang10@zoho.com,Male,1952-01-12,73,+16178889882,770.0,Franklin,WY,67973,US,Blocked,False,2019-01-21T12:51:16Z,2024-06-12T06:33:04Z,2024-07-06,86,18349.13,18764
481,ahmed.chen@zoho.com,Female,1995-03-16,30,+17802050553,772.0,Fairview,NT,K3B 6P3,CA,Inactive,False,2016-05-28T06:57:33Z,2021-03-30T06:30:26Z,2016-09-28,14,2334.35,3170
482,nancy_davis@aol.com,Female,1954-04-01,71,+13054423889,775.0,Chester,SC,58752,US,Active,True,2020-05-28T03:06:48Z,2025-11-16T18:00:11Z,2023-03-01,63,7673.31,7110
483,margarethernandez@zoho.com,Male,2010-11-19,15,+15128564251,777.0,Franklin,NH,83819,US,Active,True,2023-12-26T10:43:00Z,2025-12-08T20:20:12Z,2024-10-07,27,6447.58,6858
484,elenalewis@fastmail.com,Male,1985-04-17,40,+17187418048,778.0,North Las Vegas,NV,69318,US,Inactive,False,2017-01-08T17:55:05Z,2018-10-26T12:02:57Z,2025-09-06,90,18473.28,22061
485,ana_jones@zoho.com,Female,1972-04-21,53,+19056872902,781.0,Richmond,BC,K6M 6B3,CA,Active,True,2025-09-25T06:15:13Z,2025-12-02T06:25:28Z,2025-12-17,1,61.55,83
486,carlos.brown@yahoo.com,Male,1998-11-30,27,+19727042757,782.0,Salem,RI,51032,US,Inactive,False,2017-08-02T03:08:53Z,2020-08-09T11:14:03Z,,0,0.0,99
487,lopez.paul@zoho.com,Female,1996-11-08,29,+15125971607,783.0,Franklin,MT,65515,US,Closed,False,2023-12-08T03:37:08Z,2024-06-10T16:05:12Z,,0,0.0,47
488,gonzalez.kenneth@zoho.com,Male,1950-01-16,75,+17807270416,785.0,Madison,NS,G3C 9Y3,CA,Inactive,False,2021-07-11T20:06:19Z,2022-11-10T17:59:22Z,2025-02-06,57,10672.42,9581
489,dkumar@outlook.com,Male,1998-02-23,27,+17867960957,787.0,Cleveland,OH,52026,US,Pending,False,2020-08-24T11:47:33Z,,,0,0.0,0
490,kennethmitchell@hotmail.com,Male,1990-11-14,35,+16049139390,788.0,Franklin,NU,Y7J 5H0,CA,Active,True,2016-10-13T05:11:55Z,2025-06-28T06:00:01Z,2023-11-29,91,25916.52,28093
491,tsmith@outlook.com,Female,1988-06-27,37,+12016801999,791.0,Georgetown,ND,11353,US,Active,True,2016-08-11T14:31:42Z,2025-12-06T00:56:59Z,2021-07-01,108,23222.26,32725
492,aisha313@icloud.com,Male,1967-12-04,58,+12125539907,792.0,Bristol,MS,65079,US,Active,True,2016-07-16T06:45:06Z,2025-06-08T18:03:03Z,2018-07-17,30,7893.23,8877
493,epetrov@outlook.com,Male,1971-02-12,54,+19492347812,794.0,Jacksonville,FL,83323,US,Active,True,2023-12-05T06:32:52Z,2025-06-09T00:49:20Z,2025-06-05,1,86.26,91
494,paul.thompson67@hotmail.com,Male,1969-11-11,56,+18056237831,795.0,Madison,CT,39114,US,Inactive,False,2023-10-01T18:38:01Z,2023-11-04T13:27:15Z,2024-08-08,5,491.21,561
495,taylor.cynthia@fastmail.com,Female,1977-04-18,48,+18584584240,796.0,Riverside,OR,11453,US,Active,True,2021-03-16T02:23:42Z,2025-07-26T00:29:15Z,2021-07-16,67,18520.53,16750
496,jessica.moore54@outlook.com,Male,1983-09-09,42,+14156803661,798.0,Chandler,AZ,71699,US,Active,True,2025-03-21T18:41:17Z,2025-11-14T13:43:06Z,2025-07-10,9,1999.37,2302
497,rclark@yahoo.com,Male,1977-02-14,48,+19498848468,800.0,Winston-Salem,NC,20497,US,Active,True,2023-07-23T05:36:59Z,2025-01-12T06:07:11Z,,0,0.0,0
498,dorothy_hill@icloud.com,Female,1942-10-08,83,+14044277963,802.0,Fairview,KY,79533,US,Active,True,2016-04-07T09:22:49Z,2025-03-11T04:49:17Z,2020-01-29,98,15595.49,21423
499,michael.wilson@yahoo.com,Male,2010-05-02,15,+14159880949,804.0,Aurora,CO,10193,US,Pending,False,2024-12-13T23:42:09Z,,,0,0.0,0
500,christopher.chen@yandex.com,Male,1978-03-28,47,+14165548233,805.0,Franklin,PE,T5C 2S8,CA,Active,True,2021-03-03T05:41:55Z,2025-07-26T15:35:28Z,2021-12-29,4,672.47,781
