inv_id,product_ref,vendor_id,current_stock,reserved_stock,available_qty,min_stock_level,monthly_storage_cost,stock_status,last_restock_date,created_date,last_sale_date,warehouse_location,total_stock_value,days_since_last_sale,restock_lead_time_days,expiry_date
1,1,SUPP_36,276,21,255,5,8.33,In Stock,2025-11-13,2023-02-25,2025-03-07,WH-EAST-02,96575.16,293.0,20,
2,2,SUPP_36,286,41,245,14,15.98,In Stock,2025-09-11,2022-08-13,2024-12-26,WH-WEST-01,93207.4,364.0,25,
3,3,SUPP_36,15,3,12,0,1.32,Discontinued,2025-10-29,2024-03-11,2025-11-04,WH-EAST-02,285.3,51.0,30,2027-02-28
4,4,SUPP_33,6,1,5,12,5.23,Low Stock,2025-10-13,2023-12-24,2025-09-09,DC-02,690.06,107.0,17,
5,4,SUPP_42,202,20,182,30,4.75,In Stock,2025-10-25,2024-02-24,2025-03-30,STORE-020,23232.02,270.0,4,
6,4,SUPP_24,0,0,0,16,6.74,Out of Stock,2025-10-20,2024-06-26,2025-03-06,STORE-010,0.0,294.0,14,
7,5,SUPP_41,466,16,450,12,14.88,In Stock,2025-08-01,2023-03-08,2025-12-24,STORE-020,366350.56,1.0,3,
8,6,SUPP_50,11,5,6,19,3.83,Low Stock,2025-11-12,2025-11-09,2025-11-15,WH-CENTRAL-01,581.02,40.0,15,
9,6,SUPP_34,293,38,255,28,2.28,In Stock,2025-11-08,2025-07-27,,DC-01,15476.26,,34,
10,6,SUPP_2,0,0,0,16,1.04,Out of Stock,2025-09-28,2023-07-12,2025-04-01,WH-WEST-02,0.0,268.0,25,
11,7,SUPP_25,485,42,443,27,33.15,In Stock,2025-07-13,2022-01-19,2025-09-20,WH-EAST-01,359661.45,96.0,15,
12,8,SUPP_13,0,0,0,26,34.06,Out of Stock,2025-08-12,2023-04-07,,STORE-005,0.0,,12,
13,9,SUPP_29,384,42,342,20,4.77,In Stock,2025-08-15,2024-12-14,2025-12-16,WH-WEST-02,86311.68,9.0,24,
14,10,SUPP_39,0,0,0,7,17.96,Out of Stock,2025-06-28,2021-09-29,,DC-03,0.0,,18,
15,10,SUPP_48,0,0,0,11,21.53,Out of Stock,2025-08-20,2025-08-09,,STORE-005,0.0,,9,
16,11,SUPP_38,287,3,284,23,18.8,In Stock,2025-08-25,2025-04-27,2025-10-02,WH-WEST-01,75403.51,84.0,15,
17,12,SUPP_32,475,1,474,13,11.24,In Stock,2025-12-16,2020-10-05,2025-09-14,STORE-003,71107.5,102.0,4,
18,12,SUPP_25,307,24,283,14,11.33,In Stock,2025-09-15,2025-07-08,2025-11-23,DC-02,45957.9,32.0,38,
19,13,SUPP_16,324,14,310,26,3.9,In Stock,2025-10-28,2022-02-22,,WH-EAST-02,20868.84,,34,
20,14,SUPP_28,250,4,246,18,4.44,In Stock,2025-08-21,2022-07-21,2025-01-26,WH-EAST-01,23652.5,333.0,21,2026-04-07
21,14,SUPP_5,0,0,0,7,4.54,Out of Stock,2025-05-29,2020-07-08,2025-06-17,DC-03,0.0,191.0,38,2026-10-16
22,15,SUPP_15,0,0,0,22,1.11,Out of Stock,2025-03-16,2020-11-15,2025-08-10,WH-EAST-01,0.0,137.0,37,
23,16,SUPP_50,113,15,98,9,16.03,In Stock,2025-10-25,2024-10-06,2025-08-20,WH-EAST-01,38682.16,127.0,32,
24,17,SUPP_45,0,0,0,15,1.18,Out of Stock,2025-09-09,2023-08-27,,WH-EAST-01,0.0,,10,2027-05-12
25,18,SUPP_33,0,0,0,29,6.15,Out of Stock,2024-12-27,2020-07-26,2025-04-03,DC-03,0.0,266.0,34,2026-06-18
26,18,SUPP_39,0,0,0,16,13.66,Out of Stock,2025-02-01,2024-09-14,2025-01-12,WH-WEST-02,0.0,347.0,41,2027-06-11
27,18,SUPP_9,0,0,0,13,4.42,Out of Stock,2025-01-30,2024-04-06,2025-09-14,STORE-004,0.0,102.0,13,2026-10-11
28,19,SUPP_15,177,16,161,14,4.71,In Stock,2025-12-08,2025-11-12,2025-12-24,DC-01,16903.5,1.0,30,
29,19,SUPP_20,463,33,430,24,3.56,In Stock,2025-07-25,2025-07-05,2025-08-31,STORE-010,44216.5,116.0,8,
30,20,SUPP_32,10,5,5,0,3.69,Discontinued,2025-08-09,2023-08-21,,DC-01,586.9,,38,
31,20,SUPP_13,9,2,7,0,3.45,Discontinued,2025-08-29,2021-09-22,2025-12-14,STORE-005,528.21,11.0,8,
32,21,SUPP_2,0,0,0,18,18.5,Out of Stock,2025-11-06,2024-02-02,2025-07-23,STORE-025,0.0,155.0,8,
33,22,SUPP_5,8,3,5,0,1.2,Discontinued,2025-11-15,2021-06-22,2025-12-19,DC-02,167.04,6.0,35,
34,23,SUPP_37,222,48,174,19,4.95,In Stock,2025-07-01,2025-06-13,2025-10-28,STORE-020,31899.18,58.0,13,
35,24,SUPP_30,246,47,199,17,0.48,In Stock,2025-09-14,2024-08-08,2025-03-09,STORE-001,1886.82,291.0,7,2027-03-17
36,25,SUPP_8,1,1,0,16,59.9,Out of Stock,2025-08-19,2023-02-19,2025-04-23,STORE-010,758.83,246.0,14,
37,26,SUPP_17,488,1,487,17,46.83,In Stock,2025-07-13,2020-09-20,2025-06-30,STORE-001,350569.44,178.0,14,
38,26,SUPP_6,329,42,287,8,11.55,In Stock,2025-09-20,2022-03-14,2025-09-26,WH-EAST-02,236347.02,90.0,16,
39,27,SUPP_8,227,9,218,13,6.84,In Stock,2025-11-05,2025-11-03,2025-11-28,STORE-030,26922.2,27.0,8,
40,28,SUPP_13,318,21,297,30,7.65,In Stock,2025-07-17,2025-01-20,,DC-03,39797.7,,42,
41,29,SUPP_44,123,43,80,8,2.79,In Stock,2025-10-27,2025-05-26,2025-12-17,DC-01,12028.17,8.0,19,
42,30,SUPP_21,0,0,0,7,4.25,Out of Stock,2025-10-22,2021-03-06,2025-03-03,STORE-015,0.0,297.0,1,
43,30,SUPP_25,269,14,255,18,9.14,In Stock,2025-07-04,2024-12-02,2025-01-31,STORE-025,51112.69,328.0,5,
44,31,SUPP_8,292,46,246,14,1.1,In Stock,2025-08-24,2022-02-28,2025-04-10,STORE-015,6295.52,259.0,14,2026-01-30
45,31,SUPP_8,0,0,0,6,0.75,Out of Stock,2025-10-10,2025-02-09,2025-12-15,STORE-010,0.0,10.0,11,2027-05-29
46,31,SUPP_27,213,44,169,30,0.37,In Stock,2025-09-16,2022-12-03,2025-06-13,WH-WEST-02,4592.28,195.0,25,2027-01-20
47,32,SUPP_14,13,3,10,25,6.61,Low Stock,2025-09-13,2023-06-13,2025-09-18,STORE-015,1265.16,98.0,2,2026-03-05
48,32,SUPP_30,6,1,5,12,4.91,Low Stock,2025-12-04,2024-06-03,2025-07-20,DC-03,583.92,158.0,12,2026-07-11
49,33,SUPP_12,91,3,88,24,2.11,In Stock,2025-11-04,2022-01-24,2025-06-22,STORE-020,3644.55,186.0,2,
50,33,SUPP_10,0,0,0,24,1.89,Out of Stock,2025-05-26,2021-03-30,2025-06-04,WH-EAST-01,0.0,204.0,38,
51,34,SUPP_31,300,29,271,6,23.74,In Stock,2025-11-21,2025-05-06,2025-08-15,WH-EAST-02,105651.0,132.0,8,
52,34,SUPP_36,118,17,101,8,26.39,In Stock,2025-11-24,2020-12-19,2025-03-25,WH-EAST-01,41556.06,275.0,33,
53,34,SUPP_5,0,0,0,5,16.58,Out of Stock,2025-11-12,2025-08-08,2025-09-29,STORE-002,0.0,87.0,13,
54,35,SUPP_3,187,26,161,6,17.47,In Stock,2025-11-05,2023-08-13,2025-01-22,WH-CENTRAL-01,71606.04,337.0,25,
55,35,SUPP_6,216,8,208,22,12.19,In Stock,2025-07-24,2025-04-23,2025-09-04,STORE-015,82710.72,112.0,5,
56,35,SUPP_25,390,23,367,20,19.36,In Stock,2025-11-11,2024-07-04,2025-11-23,WH-EAST-01,149338.8,32.0,41,
57,36,SUPP_31,296,22,274,11,33.58,In Stock,2025-11-06,2024-08-07,2025-10-22,STORE-003,211370.64,64.0,12,
58,37,SUPP_6,14,6,8,0,6.47,Discontinued,2025-07-11,2022-11-08,2025-09-25,STORE-004,3428.88,91.0,8,
59,38,SUPP_27,389,36,353,17,6.49,In Stock,2025-06-28,2023-05-10,2025-01-07,STORE-030,35033.34,352.0,10,
60,38,SUPP_47,205,24,181,22,4.18,In Stock,2025-09-22,2025-09-20,,STORE-004,18462.3,,6,
61,39,SUPP_23,0,0,0,9,0.41,Out of Stock,2025-08-06,2023-10-07,,STORE-010,0.0,,11,
62,39,SUPP_41,0,0,0,14,1.06,Out of Stock,2025-05-16,2022-10-21,2025-04-03,STORE-030,0.0,266.0,1,
63,40,SUPP_8,0,0,0,25,0.17,Out of Stock,2025-09-15,2024-04-22,2025-06-16,STORE-003,0.0,192.0,5,2026-05-30
64,41,SUPP_24,0,0,0,22,3.5,Out of Stock,2025-06-13,2022-08-29,2025-03-17,WH-EAST-02,0.0,283.0,40,2026-02-14
65,42,SUPP_25,391,28,363,12,55.62,In Stock,2025-08-09,2022-03-06,2025-06-06,WH-CENTRAL-01,283388.98,202.0,8,
66,43,SUPP_3,207,0,207,24,2.32,In Stock,2025-08-26,2022-02-22,2025-02-13,STORE-015,30753.99,315.0,3,2027-03-13
67,44,SUPP_46,331,50,281,15,11.79,In Stock,2025-12-09,2021-12-17,2025-01-28,STORE-030,52857.39,331.0,10,
68,45,SUPP_9,240,31,209,27,5.76,In Stock,2025-06-29,2023-08-30,2025-08-17,DC-01,18547.2,130.0,10,
69,45,SUPP_6,394,30,364,11,1.42,In Stock,2025-11-11,2025-05-26,2025-06-21,DC-03,30448.32,187.0,16,
70,46,SUPP_26,7,0,7,0,6.41,Discontinued,2025-07-04,2022-02-25,2025-02-12,DC-01,1014.58,316.0,45,
71,46,SUPP_15,17,2,15,0,8.15,Discontinued,2025-10-28,2024-07-17,,STORE-030,2463.98,,14,
72,46,SUPP_2,19,5,14,0,6.92,Discontinued,2025-10-04,2024-07-13,2025-03-01,WH-WEST-02,2753.86,299.0,18,
73,47,SUPP_25,467,27,440,9,1.88,In Stock,2025-07-26,2022-08-23,,WH-CENTRAL-01,31354.38,,34,
74,48,SUPP_29,358,24,334,18,10.36,In Stock,2025-07-17,2023-02-02,2025-09-27,STORE-005,152866.0,89.0,3,
75,48,SUPP_34,33,0,33,10,28.9,In Stock,2025-08-26,2022-04-20,2025-01-12,DC-03,14091.0,347.0,33,
76,48,SUPP_2,473,49,424,26,10.11,In Stock,2025-12-08,2024-04-19,2025-08-22,WH-EAST-01,201971.0,125.0,22,
77,49,SUPP_15,18,3,15,0,0.08,Discontinued,2025-08-06,2025-05-23,2025-09-29,DC-01,60.84,87.0,24,2027-12-08
78,50,SUPP_6,368,21,347,10,2.99,In Stock,2025-07-03,2022-12-06,2025-03-06,STORE-015,40881.12,294.0,8,2026-06-27
79,50,SUPP_50,253,45,208,7,2.86,In Stock,2025-07-03,2025-02-26,2025-05-09,STORE-004,28105.77,230.0,14,2026-02-09
80,51,SUPP_26,488,14,474,24,0.86,In Stock,2025-10-01,2025-06-07,2025-10-28,WH-WEST-02,39176.64,58.0,21,
81,51,SUPP_37,306,14,292,11,4.69,In Stock,2025-07-07,2021-05-05,2025-12-05,DC-03,24565.68,20.0,7,
82,51,SUPP_8,9,0,9,21,2.54,Low Stock,2025-08-10,2021-06-29,2025-02-03,STORE-002,722.52,325.0,7,
83,52,SUPP_16,365,3,362,29,0.51,In Stock,2025-07-30,2023-04-17,2025-01-25,WH-EAST-02,13180.15,334.0,19,2026-11-10
84,53,SUPP_25,53,4,49,8,24.94,In Stock,2025-10-06,2023-02-20,2025-05-28,STORE-005,23154.64,211.0,8,
85,53,SUPP_12,14,0,14,18,20.87,Low Stock,2025-09-03,2020-10-01,2025-04-23,WH-EAST-01,6116.32,246.0,28,
86,54,SUPP_36,268,45,223,6,44.97,In Stock,2025-10-09,2024-09-25,2025-10-22,DC-02,152465.2,64.0,13,
87,54,SUPP_35,28,11,17,29,26.01,Low Stock,2025-11-02,2022-02-03,2025-02-19,STORE-010,15929.2,309.0,9,
88,54,SUPP_9,457,50,407,11,34.39,In Stock,2025-07-26,2022-09-02,2025-08-22,STORE-005,259987.3,125.0,12,
89,55,SUPP_22,13,3,10,0,4.66,Discontinued,2025-08-30,2020-07-04,2025-06-25,WH-EAST-01,1339.52,183.0,17,
90,56,SUPP_25,0,0,0,16,12.18,Out of Stock,2025-02-22,2022-06-02,,STORE-003,0.0,,6,
91,57,SUPP_13,12,0,12,0,3.51,Discontinued,2025-10-28,2025-10-23,2025-10-31,WH-EAST-02,3962.88,55.0,8,
92,58,SUPP_1,69,21,48,5,0.65,In Stock,2025-08-04,2021-05-24,2025-09-30,STORE-003,3370.65,86.0,7,
93,58,SUPP_18,93,28,65,8,1.92,In Stock,2025-09-26,2023-05-07,2025-12-21,WH-WEST-02,4543.05,4.0,30,
94,59,SUPP_6,0,0,0,16,9.49,Out of Stock,2025-09-06,2021-10-20,2025-04-16,STORE-003,0.0,253.0,5,
95,59,SUPP_12,0,0,0,13,9.03,Out of Stock,2025-09-10,2024-04-25,2025-03-24,STORE-001,0.0,276.0,10,
96,60,SUPP_40,271,48,223,14,3.01,In Stock,2025-12-02,2024-01-28,2025-07-27,STORE-003,20403.59,151.0,7,
97,61,SUPP_14,76,25,51,5,1.68,In Stock,2025-07-13,2024-11-12,2025-03-17,STORE-004,1945.6,283.0,9,
98,61,SUPP_38,363,34,329,23,1.12,In Stock,2025-07-21,2021-04-04,2025-01-04,STORE-005,9292.8,355.0,14,
99,62,SUPP_45,11,1,10,0,32.4,Discontinued,2025-08-18,2025-02-17,2025-03-29,WH-CENTRAL-01,7691.42,271.0,17,
100,62,SUPP_14,3,2,1,0,16.42,Discontinued,2025-12-15,2022-03-10,2025-10-09,STORE-010,2097.66,77.0,6,
101,62,SUPP_10,1,0,1,0,38.96,Discontinued,2025-07-30,2021-07-21,2025-04-05,DC-03,699.22,264.0,8,
102,63,SUPP_37,43,17,26,20,7.09,In Stock,2025-10-05,2020-12-09,2025-06-15,STORE-010,6343.79,193.0,8,2026-02-07
103,64,SUPP_49,216,4,212,12,0.2,In Stock,2025-11-23,2025-01-20,2025-03-30,STORE-025,2397.6,270.0,9,
104,64,SUPP_43,293,45,248,21,0.63,In Stock,2025-12-02,2022-05-22,2025-09-22,STORE-003,3252.3,94.0,7,
105,64,SUPP_28,333,32,301,20,0.32,In Stock,2025-11-19,2020-12-04,2025-08-26,WH-EAST-02,3696.3,121.0,21,
106,65,SUPP_20,66,29,37,23,1.38,In Stock,2025-10-04,2020-07-12,2025-06-20,STORE-025,1492.26,188.0,12,2027-05-08
107,65,SUPP_44,62,62,0,29,0.24,Out of Stock,2025-10-20,2022-06-13,2025-07-20,STORE-002,1401.82,158.0,11,2025-12-19
108,65,SUPP_25,151,21,130,7,1.31,In Stock,2025-08-08,2022-04-21,2025-09-05,STORE-030,3414.11,111.0,2,2026-09-15
109,66,SUPP_45,12,6,6,0,3.17,Discontinued,2025-11-16,2025-09-05,2025-12-12,STORE-025,881.04,13.0,6,2027-03-02
110,66,SUPP_1,1,1,0,0,1.39,Discontinued,2025-08-27,2025-07-22,,WH-WEST-02,73.42,,39,2027-12-23
111,67,SUPP_48,1,1,0,0,1.03,Discontinued,2025-12-11,2020-12-23,2024-12-25,STORE-002,34.0,365.0,5,
112,68,SUPP_33,266,50,216,9,3.13,In Stock,2025-11-14,2021-06-15,2025-02-11,STORE-004,15555.68,317.0,9,2026-04-11
113,68,SUPP_28,241,48,193,14,3.9,In Stock,2025-08-25,2022-07-21,2025-08-09,WH-WEST-02,14093.68,138.0,40,2026-10-03
114,68,SUPP_21,184,31,153,14,3.45,In Stock,2025-07-18,2023-11-07,2025-09-04,WH-CENTRAL-01,10760.32,112.0,20,2027-06-19
115,69,SUPP_17,302,11,291,29,2.38,In Stock,2025-08-10,2022-10-30,2025-04-19,DC-02,9214.02,250.0,14,2027-03-06
116,69,SUPP_25,412,22,390,18,1.51,In Stock,2025-07-21,2021-07-12,2025-10-17,DC-03,12570.12,69.0,45,2027-10-29
117,70,SUPP_27,0,0,0,21,0.62,Out of Stock,2025-06-10,2025-02-20,2025-03-08,STORE-015,0.0,292.0,8,2027-01-24
118,71,SUPP_21,234,12,222,18,1.91,In Stock,2025-11-16,2023-07-15,2025-01-08,WH-WEST-01,9973.08,351.0,34,
119,72,SUPP_40,382,37,345,13,15.5,In Stock,2025-07-17,2023-04-18,,STORE-010,78478.08,,13,
120,72,SUPP_32,6,2,4,26,9.05,Low Stock,2025-07-27,2022-07-17,2025-04-14,WH-CENTRAL-01,1232.64,255.0,27,
121,73,SUPP_34,147,43,104,11,2.29,In Stock,2025-11-01,2023-09-03,2025-05-19,STORE-002,5578.65,220.0,1,
122,74,SUPP_8,370,47,323,23,17.22,In Stock,2025-08-20,2023-05-02,2025-11-17,STORE-002,127039.5,38.0,10,
123,74,SUPP_17,159,21,138,24,12.18,In Stock,2025-07-20,2021-12-30,2025-08-13,STORE-001,54592.65,134.0,1,
124,74,SUPP_40,252,29,223,14,5.46,In Stock,2025-10-13,2023-01-20,2025-10-14,STORE-020,86524.2,72.0,7,
125,75,SUPP_21,146,23,123,9,9.46,In Stock,2025-11-10,2024-08-30,2025-05-03,WH-EAST-01,17587.16,236.0,32,
126,76,SUPP_45,186,50,136,19,9.96,In Stock,2025-09-05,2023-01-16,2025-01-12,STORE-020,81854.88,347.0,4,
127,76,SUPP_9,67,25,42,24,6.75,In Stock,2025-10-20,2021-05-09,2025-09-03,DC-02,29485.36,113.0,24,
128,77,SUPP_11,323,50,273,8,1.78,In Stock,2025-12-02,2025-11-03,2025-12-09,DC-01,12441.96,16.0,38,
129,78,SUPP_49,268,15,253,30,2.92,In Stock,2025-11-19,2022-05-25,2025-05-26,STORE-010,12981.92,213.0,11,
130,79,SUPP_48,146,14,132,17,1.09,In Stock,2025-08-31,2025-08-19,2025-11-14,STORE-004,2273.22,41.0,8,2026-04-21
131,80,SUPP_36,0,0,0,10,2.32,Out of Stock,2025-04-29,2021-04-05,2025-12-15,STORE-030,0.0,10.0,12,2027-08-28
132,81,SUPP_20,0,0,0,20,3.35,Out of Stock,2025-02-23,2024-06-27,,DC-01,0.0,,40,
133,81,SUPP_47,57,28,29,18,3.7,In Stock,2025-12-22,2025-01-19,2025-10-03,STORE-004,2991.93,83.0,14,
134,82,SUPP_32,13,3,10,29,17.44,Low Stock,2025-11-11,2022-02-04,2025-03-26,WH-CENTRAL-01,5337.93,274.0,45,
135,82,SUPP_42,116,30,86,22,23.68,In Stock,2025-11-14,2023-04-07,2025-05-03,STORE-015,47630.76,236.0,6,
136,83,SUPP_2,187,3,184,28,0.6,In Stock,2025-11-18,2025-11-09,2025-12-12,WH-WEST-01,3367.87,13.0,13,
137,83,SUPP_28,245,3,242,16,0.95,In Stock,2025-10-18,2022-05-09,2025-03-16,STORE-001,4412.45,284.0,14,
138,84,SUPP_3,343,40,303,11,9.5,In Stock,2025-10-10,2022-05-04,2025-03-22,STORE-003,144094.3,278.0,9,
139,84,SUPP_44,93,8,85,21,6.12,In Stock,2025-08-24,2020-10-21,2025-12-07,DC-02,39069.3,18.0,42,
140,84,SUPP_12,14,1,13,23,12.08,Low Stock,2025-11-03,2024-09-12,2025-01-02,STORE-001,5881.4,357.0,8,
141,85,SUPP_14,418,34,384,12,2.3,In Stock,2025-10-13,2022-10-24,2025-03-03,DC-03,27424.98,297.0,9,
142,86,SUPP_41,68,13,55,21,2.76,In Stock,2025-11-18,2020-11-25,2025-01-06,STORE-010,3278.28,353.0,12,2026-05-11
143,86,SUPP_47,0,0,0,18,3.21,Out of Stock,2025-05-06,2023-02-06,2025-05-08,STORE-020,0.0,231.0,6,2027-12-07
144,87,SUPP_25,285,33,252,26,0.57,In Stock,2025-11-12,2021-08-12,,DC-03,2240.1,,17,2026-07-28
145,87,SUPP_26,472,40,432,23,0.58,In Stock,2025-08-30,2023-02-07,2025-12-09,STORE-030,3709.92,16.0,9,2026-12-09
146,87,SUPP_38,180,3,177,19,0.54,In Stock,2025-10-04,2025-09-07,2025-10-31,STORE-004,1414.8,55.0,9,2026-04-25
147,88,SUPP_15,145,9,136,28,1.63,In Stock,2025-09-27,2020-12-06,2025-06-16,STORE-001,20909.0,192.0,2,
148,88,SUPP_9,0,0,0,28,7.36,Out of Stock,2025-10-10,2021-02-01,2025-02-01,STORE-010,0.0,327.0,3,
149,89,SUPP_13,10,2,8,28,5.23,Low Stock,2025-07-10,2022-04-24,2025-08-16,STORE-010,2835.0,131.0,14,
150,89,SUPP_37,350,26,324,28,16.2,In Stock,2025-11-28,2022-02-03,2025-07-09,STORE-015,99225.0,169.0,12,
151,90,SUPP_1,4,0,4,15,2.93,Low Stock,2025-11-12,2022-04-12,2024-12-31,STORE-025,216.08,359.0,12,
152,90,SUPP_42,311,26,285,7,1.13,In Stock,2025-07-21,2020-09-19,2025-10-29,WH-EAST-02,16800.22,57.0,42,
153,90,SUPP_47,172,47,125,12,1.77,In Stock,2025-07-25,2021-11-12,2025-09-02,DC-01,9291.44,114.0,7,
154,91,SUPP_27,0,0,0,15,1.19,Out of Stock,2025-08-21,2023-03-13,2025-11-03,STORE-025,0.0,52.0,7,2027-01-05
155,91,SUPP_24,0,0,0,18,0.65,Out of Stock,2025-07-20,2022-01-27,2025-07-31,WH-EAST-02,0.0,147.0,7,2027-01-27
156,92,SUPP_28,405,20,385,13,11.23,In Stock,2025-07-24,2021-03-31,2025-06-22,STORE-003,84511.35,186.0,11,
157,93,SUPP_46,344,36,308,18,12.66,In Stock,2025-07-29,2025-01-24,2025-08-03,STORE-015,227917.2,144.0,12,
158,94,SUPP_35,233,4,229,26,9.56,In Stock,2025-08-31,2025-02-11,2025-12-13,STORE-020,54596.56,12.0,11,
159,94,SUPP_29,363,40,323,26,13.9,In Stock,2025-07-10,2023-05-27,2025-12-23,WH-WEST-02,85058.16,2.0,7,
160,95,SUPP_47,0,0,0,27,2.41,Out of Stock,2024-12-29,2021-06-03,2025-06-11,STORE-025,0.0,197.0,10,
161,96,SUPP_23,32,14,18,7,4.66,In Stock,2025-12-11,2020-11-03,2025-08-19,STORE-004,7377.92,128.0,11,
162,96,SUPP_31,378,9,369,5,14.68,In Stock,2025-09-18,2023-12-16,2025-01-08,DC-02,87151.68,351.0,26,
163,97,SUPP_13,421,33,388,21,5.4,In Stock,2025-07-17,2021-05-20,2025-02-05,WH-WEST-02,33608.43,323.0,22,2027-05-06
164,97,SUPP_19,182,41,141,21,1.84,In Stock,2025-07-26,2025-07-26,2025-12-16,WH-EAST-02,14529.06,9.0,8,2027-05-04
165,98,SUPP_22,94,10,84,7,8.23,In Stock,2025-11-28,2025-11-07,2025-11-27,STORE-015,18472.88,28.0,14,
166,99,SUPP_5,122,0,122,27,23.8,In Stock,2025-11-03,2023-09-01,2025-05-19,STORE-025,53917.9,220.0,9,
167,100,SUPP_16,243,5,238,22,6.27,In Stock,2025-10-25,2025-05-16,2025-07-26,STORE-001,21799.53,152.0,13,
168,100,SUPP_47,254,10,244,19,1.81,In Stock,2025-08-05,2023-02-21,2025-04-11,WH-CENTRAL-01,22786.34,258.0,23,
169,100,SUPP_44,5,3,2,17,2.06,Low Stock,2025-07-05,2021-06-28,2025-12-07,STORE-010,448.55,18.0,3,
170,101,SUPP_4,0,0,0,30,3.89,Out of Stock,2025-05-01,2024-04-12,2025-05-21,STORE-020,0.0,218.0,8,
171,102,SUPP_49,0,0,0,13,3.58,Out of Stock,2025-09-19,2025-03-17,,WH-WEST-01,0.0,,10,
172,102,SUPP_17,0,0,0,26,13.57,Out of Stock,2025-10-12,2022-08-28,2025-01-21,STORE-010,0.0,338.0,4,
173,103,SUPP_50,9,0,9,28,11.51,Low Stock,2025-09-01,2022-07-02,2025-04-08,DC-02,1840.32,261.0,7,
174,104,SUPP_49,97,47,50,6,1.91,In Stock,2025-08-21,2023-06-21,,WH-WEST-01,2448.28,,41,
175,104,SUPP_47,218,30,188,16,0.37,In Stock,2025-09-20,2023-06-27,2025-06-10,DC-02,5502.32,198.0,36,
176,105,SUPP_20,324,5,319,14,0.42,In Stock,2025-10-25,2022-11-06,2025-05-13,DC-03,5200.2,226.0,27,
177,105,SUPP_1,132,0,132,22,1.2,In Stock,2025-10-31,2024-10-28,2025-12-07,DC-01,2118.6,18.0,13,
178,105,SUPP_19,447,31,416,8,0.55,In Stock,2025-07-15,2025-06-09,2025-08-04,STORE-020,7174.35,143.0,9,
179,106,SUPP_4,7,1,6,0,24.65,Discontinued,2025-10-10,2024-12-13,2025-02-15,DC-01,2788.38,313.0,11,
180,106,SUPP_16,12,0,12,0,12.51,Discontinued,2025-09-01,2024-10-22,2025-06-19,STORE-020,4780.08,189.0,8,
181,107,SUPP_37,29,8,21,7,1.76,In Stock,2025-08-19,2025-03-04,2025-04-10,STORE-010,1021.67,259.0,13,2026-10-31
182,107,SUPP_11,208,37,171,14,2.58,In Stock,2025-07-23,2023-05-15,2025-09-29,DC-03,7327.84,87.0,36,2027-12-11
183,108,SUPP_17,257,22,235,24,4.07,In Stock,2025-07-20,2021-03-22,2025-09-11,WH-CENTRAL-01,32621.01,105.0,22,
184,109,SUPP_39,2,1,1,5,3.71,Low Stock,2025-11-26,2023-05-07,2025-11-28,WH-WEST-01,93.42,27.0,40,
185,110,SUPP_4,11,3,8,17,2.79,Low Stock,2025-11-13,2024-01-25,2025-03-18,WH-WEST-02,2074.6,282.0,13,2027-04-07
186,110,SUPP_18,431,44,387,27,9.07,In Stock,2025-09-28,2024-02-20,2025-02-03,STORE-015,81286.6,325.0,11,2027-11-15
187,111,SUPP_23,0,0,0,29,12.96,Out of Stock,2025-01-08,2022-06-05,2025-02-06,STORE-015,0.0,322.0,11,
188,112,SUPP_6,9,4,5,0,5.39,Discontinued,2025-07-21,2020-11-15,2025-04-22,WH-CENTRAL-01,2379.96,247.0,18,
189,112,SUPP_24,18,9,9,0,9.7,Discontinued,2025-07-07,2023-08-08,2025-06-14,WH-EAST-02,4759.92,194.0,33,
190,113,SUPP_26,289,25,264,16,1.92,In Stock,2025-12-17,2023-12-17,2025-06-22,WH-WEST-01,33411.29,186.0,30,2027-08-12
191,114,SUPP_26,202,27,175,26,9.58,In Stock,2025-08-24,2023-03-11,2025-09-21,WH-EAST-02,24233.94,95.0,13,2026-08-04
192,114,SUPP_2,0,0,0,30,3.5,Out of Stock,2025-08-08,2021-11-11,2025-12-13,STORE-030,0.0,12.0,12,2027-04-04
193,114,SUPP_47,478,14,464,20,5.65,In Stock,2025-10-23,2021-07-15,2024-12-31,STORE-010,57345.66,359.0,2,2026-02-06
194,115,SUPP_29,15,1,14,23,0.08,Low Stock,2025-11-04,2023-10-02,2025-01-07,STORE-020,69.45,352.0,11,2027-10-14
195,115,SUPP_28,234,34,200,6,0.06,In Stock,2025-08-23,2021-04-10,2025-07-11,STORE-025,1083.42,167.0,4,2026-12-28
196,116,SUPP_22,468,5,463,20,15.27,In Stock,2025-11-07,2020-11-09,2025-01-21,WH-EAST-01,97344.0,338.0,29,
197,116,SUPP_21,206,0,206,25,14.98,In Stock,2025-08-07,2021-09-12,2025-03-30,DC-02,42848.0,270.0,44,
198,117,SUPP_42,10,1,9,0,28.28,Discontinued,2025-10-18,2021-08-10,2025-10-19,WH-EAST-02,5516.8,67.0,29,
199,118,SUPP_13,151,38,113,10,12.55,In Stock,2025-11-10,2024-09-20,2025-11-13,STORE-001,32646.2,42.0,3,
200,119,SUPP_10,356,40,316,11,3.16,In Stock,2025-12-11,2025-10-23,2025-12-16,DC-02,41271.08,9.0,22,2026-06-11
201,119,SUPP_32,395,37,358,5,8.39,In Stock,2025-07-11,2021-04-17,2025-04-22,WH-EAST-01,45792.35,247.0,23,2026-11-25
202,120,SUPP_39,282,6,276,8,6.35,In Stock,2025-09-02,2021-03-12,,DC-03,26059.62,,42,
203,120,SUPP_1,447,35,412,20,3.64,In Stock,2025-08-23,2023-10-08,2025-07-05,WH-EAST-01,41307.27,173.0,20,
204,121,SUPP_47,11,3,8,21,8.42,Low Stock,2025-12-14,2023-05-07,2025-01-12,DC-02,3006.96,347.0,11,
205,121,SUPP_33,369,2,367,11,6.52,In Stock,2025-12-03,2023-09-01,2025-09-08,STORE-002,100869.84,108.0,8,
206,121,SUPP_46,32,13,19,5,8.72,In Stock,2025-10-23,2024-08-31,,STORE-030,8747.52,,6,
207,122,SUPP_26,0,0,0,12,2.78,Out of Stock,2025-03-25,2021-10-28,2025-07-31,WH-WEST-02,0.0,147.0,29,
208,123,SUPP_27,106,22,84,12,1.93,In Stock,2025-07-08,2024-05-27,2025-05-18,STORE-015,18774.72,221.0,13,
209,123,SUPP_1,14,3,11,10,13.24,In Stock,2025-07-20,2023-08-26,2025-05-09,DC-03,2479.68,230.0,15,
210,124,SUPP_9,5,5,0,5,1.52,Out of Stock,2025-08-21,2021-11-20,2025-11-20,STORE-015,684.6,35.0,1,2026-08-02
211,124,SUPP_39,379,16,363,5,6.88,In Stock,2025-07-30,2021-06-20,2025-05-25,WH-EAST-01,51892.68,214.0,36,2027-08-17
212,125,SUPP_18,201,38,163,26,7.81,In Stock,2025-12-01,2022-03-16,2025-05-13,STORE-005,20640.69,226.0,2,
213,126,SUPP_15,10,1,9,30,18.21,Low Stock,2025-11-10,2024-03-25,2025-11-01,WH-EAST-02,3696.6,54.0,20,
214,127,SUPP_9,0,0,0,12,4.36,Out of Stock,2025-11-06,2024-08-11,2025-01-28,DC-02,0.0,331.0,10,
215,127,SUPP_19,104,39,65,15,2.22,In Stock,2025-12-17,2024-11-02,2025-02-23,STORE-030,6350.24,305.0,4,
216,128,SUPP_32,33,5,28,5,3.91,In Stock,2025-11-15,2023-11-28,2025-01-04,STORE-003,2019.27,355.0,3,
217,128,SUPP_21,324,13,311,7,2.8,In Stock,2025-12-23,2023-06-24,2025-10-04,STORE-025,19825.56,82.0,4,
218,129,SUPP_16,0,0,0,21,21.68,Out of Stock,2025-07-30,2024-03-18,2025-08-22,WH-WEST-02,0.0,125.0,7,
219,129,SUPP_23,0,0,0,12,38.92,Out of Stock,2025-04-25,2022-06-13,2025-04-20,STORE-001,0.0,249.0,7,
220,130,SUPP_48,0,0,0,23,22.49,Out of Stock,2025-05-14,2023-02-26,2025-02-04,WH-EAST-02,0.0,324.0,18,
221,131,SUPP_43,8,3,5,20,0.55,Low Stock,2025-08-06,2024-06-14,2025-08-29,STORE-015,55.92,118.0,10,
222,132,SUPP_1,8,2,6,29,7.52,Low Stock,2025-10-06,2020-08-07,2025-07-20,WH-CENTRAL-01,1604.0,158.0,22,
223,133,SUPP_2,10,4,6,22,1.36,Low Stock,2025-10-06,2022-10-04,2025-02-15,STORE-002,315.9,313.0,6,
224,134,SUPP_47,0,0,0,19,0.7,Out of Stock,2025-01-29,2020-09-13,2025-09-21,DC-02,0.0,95.0,41,
225,135,SUPP_27,276,0,276,10,2.16,In Stock,2025-09-30,2021-07-16,2025-10-09,WH-EAST-01,10639.8,77.0,10,
226,135,SUPP_4,348,5,343,17,1.11,In Stock,2025-06-28,2022-10-17,2025-11-08,STORE-025,13415.4,47.0,14,
227,135,SUPP_24,458,25,433,13,1.84,In Stock,2025-12-16,2023-03-25,2025-10-17,STORE-004,17655.9,69.0,2,
228,136,SUPP_40,40,17,23,30,7.2,Low Stock,2025-08-14,2022-10-31,2025-08-29,WH-EAST-01,4070.8,118.0,30,2027-10-18
229,136,SUPP_9,55,13,42,23,4.87,In Stock,2025-08-31,2025-08-25,2025-12-17,DC-03,5597.35,8.0,21,2027-01-09
230,137,SUPP_10,11,2,9,18,0.55,Low Stock,2025-09-06,2020-07-16,2025-05-29,STORE-005,94.27,210.0,2,2027-02-01
231,138,SUPP_22,455,5,450,20,11.18,In Stock,2025-07-01,2024-04-30,2025-05-06,WH-CENTRAL-01,264223.05,233.0,45,
232,138,SUPP_44,1,1,0,23,30.15,Out of Stock,2025-10-14,2020-09-20,2025-05-09,DC-03,580.71,230.0,21,
233,139,SUPP_4,276,18,258,14,3.09,In Stock,2025-12-24,2022-01-31,2025-01-03,STORE-005,18997.08,356.0,8,
234,140,SUPP_44,1,0,1,25,20.65,Low Stock,2025-07-14,2020-10-05,2025-05-10,WH-WEST-01,453.66,229.0,11,
235,141,SUPP_19,476,48,428,9,31.4,In Stock,2025-09-24,2025-02-02,2025-04-09,STORE-010,232254.68,260.0,7,
236,142,SUPP_4,294,6,288,14,3.63,In Stock,2025-07-15,2022-11-13,2025-06-10,STORE-025,22834.98,198.0,11,
237,142,SUPP_22,378,4,374,10,2.28,In Stock,2025-11-10,2021-11-19,,WH-EAST-01,29359.26,,45,
238,143,SUPP_28,62,15,47,30,18.94,In Stock,2025-11-24,2021-07-04,2025-10-05,WH-EAST-02,23997.1,81.0,27,
239,144,SUPP_28,455,9,446,11,30.59,In Stock,2025-07-29,2022-03-16,2025-07-13,WH-WEST-01,211201.9,165.0,34,
240,144,SUPP_47,382,23,359,23,14.09,In Stock,2025-08-04,2020-12-01,2025-05-09,STORE-010,177316.76,230.0,9,
241,145,SUPP_23,10,4,6,0,4.53,Discontinued,2025-11-26,2020-09-17,2025-11-14,STORE-025,747.3,41.0,13,
242,146,SUPP_19,479,7,472,21,19.41,In Stock,2025-10-30,2025-10-19,2025-10-25,STORE-020,151886.11,61.0,11,
243,146,SUPP_35,153,28,125,9,18.9,In Stock,2025-09-02,2021-08-07,2025-10-02,WH-CENTRAL-01,48514.77,84.0,31,
244,147,SUPP_27,0,0,0,26,1.69,Out of Stock,2025-05-05,2024-08-27,2025-04-22,WH-WEST-02,0.0,247.0,32,
245,147,SUPP_9,0,0,0,25,1.87,Out of Stock,2025-02-23,2020-08-03,2024-12-26,DC-03,0.0,364.0,8,
246,148,SUPP_46,112,47,65,13,1.89,In Stock,2025-11-18,2024-07-10,2025-02-21,STORE-003,13016.64,307.0,12,
247,149,SUPP_16,57,9,48,26,2.04,In Stock,2025-11-11,2024-05-22,2025-06-29,WH-CENTRAL-01,2006.97,179.0,40,2026-06-24
248,150,SUPP_15,297,9,288,16,1.74,In Stock,2025-09-18,2022-12-12,,STORE-003,36189.45,,10,
249,150,SUPP_50,38,11,27,7,1.73,In Stock,2025-06-30,2024-06-29,2025-06-24,WH-WEST-02,4630.3,184.0,44,
250,150,SUPP_20,337,49,288,30,6.83,In Stock,2025-08-07,2025-02-18,2025-03-04,STORE-001,41063.45,296.0,5,
251,151,SUPP_23,472,8,464,19,0.04,In Stock,2025-11-26,2025-11-03,2025-11-09,DC-03,1382.96,46.0,11,2026-11-01
252,152,SUPP_10,10,0,10,20,2.66,Low Stock,2025-12-13,2022-04-18,2025-10-19,STORE-002,369.4,67.0,5,
253,153,SUPP_19,0,0,0,19,11.61,Out of Stock,2025-01-29,2023-05-04,,DC-03,0.0,,16,2026-04-15
254,154,SUPP_3,167,20,147,24,4.94,In Stock,2025-12-18,2022-06-02,2025-04-28,WH-EAST-02,21975.53,241.0,14,
255,155,SUPP_37,167,1,166,10,32.17,In Stock,2025-10-03,2025-09-16,2025-11-21,WH-EAST-02,130609.03,34.0,19,
256,156,SUPP_6,0,0,0,29,0.74,Out of Stock,2025-01-13,2021-04-30,2025-10-24,STORE-004,0.0,62.0,8,
257,156,SUPP_34,0,0,0,18,0.68,Out of Stock,2024-12-26,2023-12-20,,DC-01,0.0,,12,
258,156,SUPP_24,0,0,0,18,0.3,Out of Stock,2025-02-21,2022-10-15,,WH-WEST-02,0.0,,24,
259,157,SUPP_19,212,36,176,17,1.35,In Stock,2025-09-09,2021-09-17,,STORE-005,27636.32,,3,
260,157,SUPP_34,217,48,169,25,7.32,In Stock,2025-10-06,2023-03-02,2025-03-14,STORE-003,28288.12,286.0,11,
261,157,SUPP_5,260,4,256,30,8.28,In Stock,2025-06-30,2021-05-01,2024-12-28,WH-EAST-01,33893.6,362.0,33,
262,158,SUPP_13,139,15,124,8,1.33,In Stock,2025-07-02,2025-02-09,,STORE-002,11204.79,,12,
263,159,SUPP_21,472,33,439,30,1.61,In Stock,2025-07-31,2020-11-14,2025-03-10,STORE-002,10129.12,290.0,14,
264,160,SUPP_39,0,0,0,27,2.21,Out of Stock,2025-11-05,2024-07-24,2025-09-01,STORE-020,0.0,115.0,14,2027-05-25
265,161,SUPP_33,20,2,18,24,27.82,Low Stock,2025-12-11,2023-06-10,2025-08-16,WH-WEST-01,13125.2,131.0,25,
266,162,SUPP_45,0,0,0,29,22.19,Out of Stock,2025-04-22,2023-06-08,2025-01-27,DC-02,0.0,332.0,12,
267,162,SUPP_19,0,0,0,5,25.21,Out of Stock,2025-09-08,2021-09-30,2025-12-03,WH-EAST-01,0.0,22.0,29,
268,163,SUPP_27,8,2,6,6,3.13,In Stock,2025-07-08,2023-01-29,2025-05-13,STORE-030,372.32,226.0,5,
269,164,SUPP_5,13,4,9,22,11.51,Low Stock,2025-08-08,2024-02-17,2025-08-22,STORE-002,2177.37,125.0,13,
270,165,SUPP_26,0,0,0,12,2.43,Out of Stock,2025-02-24,2024-07-11,2025-06-12,STORE-003,0.0,196.0,13,2026-05-06
271,165,SUPP_40,0,0,0,24,2.64,Out of Stock,2025-10-20,2025-08-26,2025-11-29,WH-CENTRAL-01,0.0,26.0,41,2026-04-22
272,166,SUPP_7,0,0,0,0,4.91,Discontinued,2025-01-06,2022-07-24,2025-06-28,DC-02,0.0,180.0,8,
273,167,SUPP_8,8,0,8,0,25.86,Discontinued,2025-09-06,2023-01-07,2025-10-29,STORE-005,3631.36,57.0,14,
274,168,SUPP_16,0,0,0,12,8.81,Out of Stock,2025-10-02,2021-06-01,2025-09-23,WH-EAST-02,0.0,93.0,10,2026-03-12
275,168,SUPP_8,0,0,0,13,9.4,Out of Stock,2025-01-21,2022-12-15,2025-01-08,STORE-020,0.0,351.0,7,2027-08-15
276,169,SUPP_39,338,12,326,24,12.86,In Stock,2025-10-29,2022-04-22,2025-08-16,STORE-025,93555.02,131.0,7,
277,170,SUPP_1,38,7,31,12,5.51,In Stock,2025-11-17,2025-01-12,2025-09-09,STORE-010,4514.78,107.0,9,
278,170,SUPP_41,113,15,98,16,2.95,In Stock,2025-10-02,2024-02-16,2025-10-17,WH-WEST-02,13425.53,69.0,36,
279,171,SUPP_49,34,2,32,22,14.12,In Stock,2025-08-09,2022-05-16,2025-12-02,STORE-003,6885.34,23.0,7,
280,171,SUPP_40,463,49,414,30,8.28,In Stock,2025-08-22,2023-08-17,,WH-CENTRAL-01,93762.13,,36,
281,172,SUPP_8,6,0,6,0,1.3,Discontinued,2025-08-18,2024-06-23,2025-04-15,STORE-025,170.7,254.0,3,2026-01-25
282,172,SUPP_26,13,1,12,0,0.54,Discontinued,2025-09-06,2024-01-10,2025-03-24,STORE-020,369.85,276.0,7,2027-01-21
283,173,SUPP_30,20,0,20,0,4.11,Discontinued,2025-08-01,2025-07-14,2025-08-21,DC-03,2043.0,126.0,29,
284,173,SUPP_1,0,0,0,0,2.58,Discontinued,2025-09-10,2025-06-21,2025-10-21,STORE-005,0.0,65.0,4,
285,174,SUPP_23,0,0,0,11,0.55,Out of Stock,2025-11-22,2020-10-04,2025-06-24,STORE-030,0.0,184.0,12,
286,174,SUPP_35,0,0,0,11,1.33,Out of Stock,2025-06-24,2024-11-01,2025-07-14,WH-EAST-01,0.0,164.0,42,
287,174,SUPP_19,0,0,0,30,0.85,Out of Stock,2025-05-06,2024-01-23,2025-11-23,WH-WEST-01,0.0,32.0,35,
288,175,SUPP_25,0,0,0,29,27.28,Out of Stock,2025-08-22,2024-10-16,2025-04-25,STORE-002,0.0,244.0,11,
289,175,SUPP_37,80,24,56,24,20.44,In Stock,2025-10-26,2022-02-28,2025-06-21,DC-02,46910.4,187.0,16,
290,175,SUPP_17,228,48,180,23,13.67,In Stock,2025-09-06,2022-01-18,2025-09-22,STORE-015,133694.64,94.0,6,
291,176,SUPP_48,365,45,320,5,2.36,In Stock,2025-10-24,2020-09-07,,WH-EAST-01,58126.25,,27,2027-08-20
292,176,SUPP_6,280,46,234,14,4.22,In Stock,2025-10-14,2024-11-09,2025-07-21,STORE-001,44590.0,157.0,13,2027-01-29
293,177,SUPP_20,181,37,144,16,1.88,In Stock,2025-11-15,2025-01-07,2025-03-02,DC-03,6284.32,298.0,28,
294,178,SUPP_48,465,40,425,21,13.41,In Stock,2025-09-04,2025-08-17,2025-09-19,DC-03,293680.05,97.0,42,
295,179,SUPP_44,0,0,0,27,7.32,Out of Stock,2025-01-24,2024-01-07,2025-09-13,WH-CENTRAL-01,0.0,103.0,18,
296,179,SUPP_47,200,29,171,5,9.62,In Stock,2025-10-12,2024-03-12,2025-11-12,WH-WEST-02,34836.0,43.0,23,
297,180,SUPP_49,0,0,0,11,0.69,Out of Stock,2025-11-14,2025-10-19,2025-11-14,WH-CENTRAL-01,0.0,41.0,39,
298,180,SUPP_34,0,0,0,22,0.37,Out of Stock,2025-06-12,2020-10-08,,STORE-001,0.0,,4,
299,181,SUPP_18,7,0,7,22,0.64,Low Stock,2025-12-07,2025-08-26,,DC-03,127.19,,32,
300,181,SUPP_11,211,50,161,23,0.96,In Stock,2025-07-04,2024-05-30,,STORE-020,3833.87,,14,
301,182,SUPP_14,439,23,416,24,17.28,In Stock,2025-07-23,2023-08-14,2025-05-01,STORE-003,114596.56,238.0,3,
302,183,SUPP_28,336,35,301,30,3.95,In Stock,2025-11-02,2021-07-08,2025-06-09,STORE-020,29352.96,199.0,4,
303,183,SUPP_4,0,0,0,25,1.99,Out of Stock,2025-03-23,2020-10-04,,WH-EAST-02,0.0,,36,
304,183,SUPP_19,425,5,420,8,4.12,In Stock,2025-08-07,2024-05-11,2025-03-04,DC-03,37128.0,296.0,8,
305,184,SUPP_35,168,3,165,23,3.34,In Stock,2025-11-12,2021-02-19,2025-07-14,WH-WEST-02,48439.44,164.0,40,
306,185,SUPP_21,121,7,114,11,6.84,In Stock,2025-12-17,2025-01-09,,WH-CENTRAL-01,71570.29,,35,
307,186,SUPP_20,1,1,0,0,8.51,Discontinued,2025-07-02,2024-10-10,2025-12-25,DC-03,155.27,0.0,13,
308,186,SUPP_27,8,3,5,0,7.46,Discontinued,2025-07-07,2023-11-17,2024-12-27,STORE-004,1242.16,363.0,7,
309,187,SUPP_5,214,22,192,21,1.98,In Stock,2025-12-19,2025-07-03,2025-12-08,DC-03,5700.96,17.0,25,
310,187,SUPP_26,295,6,289,23,1.77,In Stock,2025-11-02,2022-02-28,2025-10-01,DC-02,7858.8,85.0,8,
311,187,SUPP_26,54,11,43,10,1.54,In Stock,2025-12-17,2021-01-30,2025-11-15,STORE-020,1438.56,40.0,8,
312,188,SUPP_46,180,1,179,14,21.41,In Stock,2025-12-16,2021-12-21,2025-06-04,STORE-025,90430.2,204.0,3,
313,189,SUPP_5,436,31,405,15,8.95,In Stock,2025-07-02,2023-04-18,2025-03-21,WH-EAST-02,73945.6,279.0,44,
314,190,SUPP_13,422,14,408,18,3.21,In Stock,2025-10-07,2021-12-22,2025-04-21,DC-01,18905.6,248.0,8,
315,191,SUPP_27,392,22,370,20,24.8,In Stock,2025-10-03,2020-11-17,2025-09-11,WH-EAST-01,182860.16,105.0,43,
316,192,SUPP_5,101,46,55,15,1.22,In Stock,2025-11-14,2021-01-24,2025-11-12,STORE-030,2397.74,43.0,9,2027-09-28
317,192,SUPP_1,3,2,1,26,0.66,Low Stock,2025-12-06,2023-12-22,2025-05-29,DC-03,71.22,210.0,12,2026-09-01
318,193,SUPP_35,330,30,300,21,0.89,In Stock,2025-10-04,2025-03-21,2025-10-15,WH-EAST-01,9012.3,71.0,36,
319,194,SUPP_39,79,79,0,8,11.32,Out of Stock,2025-09-25,2023-10-09,2025-02-26,DC-03,15451.61,302.0,24,2025-12-12
320,194,SUPP_4,181,181,0,28,12.28,Out of Stock,2025-09-30,2022-06-18,2025-02-04,STORE-030,35401.79,324.0,14,2025-12-15
321,195,SUPP_13,0,0,0,25,56.53,Out of Stock,2025-08-05,2021-11-28,2025-12-14,DC-02,0.0,11.0,16,
322,196,SUPP_50,428,9,419,5,5.65,In Stock,2025-08-16,2021-06-30,2025-10-04,STORE-010,74429.2,82.0,9,
323,197,SUPP_37,182,28,154,15,1.84,In Stock,2025-10-28,2021-03-11,2025-06-16,STORE-001,4735.64,192.0,2,2026-02-26
324,198,SUPP_34,0,0,0,18,3.01,Out of Stock,2025-06-15,2021-08-13,2025-12-03,WH-WEST-02,0.0,22.0,15,
325,199,SUPP_5,7,0,7,0,3.56,Discontinued,2025-07-16,2021-08-31,2025-06-08,STORE-003,347.9,200.0,14,2026-07-19
326,200,SUPP_19,275,48,227,20,5.05,In Stock,2025-11-27,2025-10-15,2025-11-07,STORE-010,124467.75,48.0,3,
327,201,SUPP_22,15,4,11,9,27.91,In Stock,2025-09-13,2025-04-14,2025-11-03,STORE-004,5439.9,52.0,10,
328,202,SUPP_8,393,0,393,13,4.57,In Stock,2025-07-30,2021-03-02,2025-07-14,STORE-020,55086.81,164.0,5,2027-06-16
329,202,SUPP_10,173,3,170,25,7.43,In Stock,2025-09-16,2022-12-20,2025-06-02,STORE-004,24249.41,206.0,2,2027-11-30
330,202,SUPP_34,247,247,0,5,5.7,Out of Stock,2025-08-05,2022-06-19,2025-12-19,STORE-002,34621.99,6.0,1,2025-11-30
331,203,SUPP_13,6,3,3,19,1.59,Low Stock,2025-10-04,2021-06-01,2025-05-29,WH-EAST-02,224.82,210.0,19,2027-02-04
332,204,SUPP_50,34,14,20,18,19.85,In Stock,2025-08-30,2024-03-08,2025-04-07,STORE-001,8561.54,262.0,10,
333,204,SUPP_7,426,23,403,24,6.77,In Stock,2025-07-28,2022-11-25,2025-06-23,STORE-030,107271.06,185.0,11,
334,204,SUPP_43,5,1,4,15,18.87,Low Stock,2025-12-19,2023-02-05,2025-07-27,STORE-002,1259.05,151.0,3,
335,205,SUPP_1,419,30,389,28,0.51,In Stock,2025-12-21,2023-08-02,2025-07-24,DC-01,8623.02,154.0,27,2026-08-03
336,206,SUPP_49,0,0,0,24,1.49,Out of Stock,2025-09-18,2024-04-14,2025-12-08,WH-CENTRAL-01,0.0,17.0,23,
337,207,SUPP_46,132,32,100,14,0.89,In Stock,2025-08-23,2020-12-25,2025-04-08,STORE-020,5031.84,261.0,5,2027-03-20
338,207,SUPP_39,0,0,0,27,1.26,Out of Stock,2025-07-11,2022-04-06,2025-01-25,DC-02,0.0,334.0,20,2026-09-04
339,208,SUPP_48,0,0,0,30,0.08,Out of Stock,2025-09-11,2023-04-01,2025-11-29,DC-03,0.0,26.0,35,2026-01-10
340,208,SUPP_44,231,31,200,18,0.14,In Stock,2025-10-25,2020-09-01,2025-05-21,DC-02,561.33,218.0,29,2027-07-22
341,208,SUPP_15,423,6,417,27,0.09,In Stock,2025-08-18,2025-06-20,2025-12-17,STORE-005,1027.89,8.0,13,2027-12-12
342,209,SUPP_11,365,18,347,5,5.45,In Stock,2025-08-20,2024-04-01,2025-11-18,STORE-001,32488.65,37.0,6,
343,210,SUPP_15,100,11,89,24,10.49,In Stock,2025-08-06,2025-07-01,2025-11-14,STORE-005,15527.0,41.0,9,
344,210,SUPP_41,0,0,0,7,10.34,Out of Stock,2025-10-13,2022-09-28,2025-01-02,STORE-025,0.0,357.0,1,
345,211,SUPP_12,0,0,0,20,1.24,Out of Stock,2025-09-27,2020-07-06,2025-07-06,STORE-025,0.0,172.0,7,
346,212,SUPP_41,0,0,0,22,1.29,Out of Stock,2025-04-16,2023-09-05,2025-11-14,STORE-003,0.0,41.0,12,
347,213,SUPP_47,75,22,53,17,0.87,In Stock,2025-10-31,2024-04-19,,STORE-002,1859.25,,14,
348,214,SUPP_39,0,0,0,21,5.44,Out of Stock,2025-02-26,2020-08-19,2025-10-12,STORE-020,0.0,74.0,9,
349,214,SUPP_8,0,0,0,21,18.43,Out of Stock,2025-10-08,2021-07-05,,STORE-003,0.0,,10,
350,215,SUPP_18,182,28,154,11,0.53,In Stock,2025-10-18,2023-09-18,2025-05-11,STORE-004,2935.66,228.0,2,2026-12-01
351,215,SUPP_37,0,0,0,8,0.21,Out of Stock,2025-05-19,2023-06-26,2025-07-19,STORE-025,0.0,159.0,1,2026-10-19
352,216,SUPP_14,0,0,0,10,5.89,Out of Stock,2025-02-28,2024-07-26,2025-05-23,STORE-001,0.0,216.0,6,2026-05-05
353,217,SUPP_37,227,49,178,12,10.85,In Stock,2025-10-02,2025-09-20,,STORE-015,104127.17,,1,
354,217,SUPP_39,55,6,49,26,24.07,In Stock,2025-12-03,2021-04-26,2025-09-22,DC-01,25229.05,94.0,16,
355,218,SUPP_7,0,0,0,16,8.39,Out of Stock,2025-09-09,2021-07-15,2025-11-12,STORE-010,0.0,43.0,2,
356,219,SUPP_12,0,0,0,10,2.31,Out of Stock,2025-06-10,2022-10-05,2025-11-11,STORE-030,0.0,44.0,12,2026-09-03
357,219,SUPP_31,0,0,0,16,3.84,Out of Stock,2025-06-29,2024-10-12,,STORE-020,0.0,,1,2027-10-23
358,219,SUPP_8,0,0,0,28,6.65,Out of Stock,2025-10-09,2022-11-25,2025-03-27,STORE-002,0.0,273.0,6,2026-12-05
359,220,SUPP_42,452,46,406,8,4.8,In Stock,2025-11-25,2024-11-02,2025-03-17,STORE-015,44065.48,283.0,14,
360,221,SUPP_28,9,1,8,0,3.19,Discontinued,2025-10-21,2023-01-19,2025-06-09,WH-CENTRAL-01,427.23,199.0,42,2026-12-14
361,221,SUPP_10,12,0,12,0,2.09,Discontinued,2025-07-07,2020-09-10,2025-01-08,STORE-020,569.64,351.0,9,2027-03-08
362,222,SUPP_11,45,20,25,6,7.1,In Stock,2025-11-24,2021-02-17,2025-12-04,STORE-002,12420.45,21.0,3,
363,223,SUPP_7,173,1,172,14,7.94,In Stock,2025-08-07,2023-02-13,2025-04-29,WH-WEST-02,22960.56,240.0,21,
364,223,SUPP_31,45,11,34,9,2.42,In Stock,2025-08-28,2022-01-19,2025-10-21,STORE-030,5972.4,65.0,1,
365,224,SUPP_37,413,3,410,25,4.89,In Stock,2025-10-27,2022-02-04,,DC-03,129434.2,,34,
366,225,SUPP_33,490,3,487,19,0.37,In Stock,2025-09-14,2022-08-22,2025-04-16,STORE-003,4169.9,253.0,7,2027-06-09
367,226,SUPP_4,300,21,279,22,26.89,In Stock,2025-08-12,2021-04-22,2025-08-01,WH-WEST-01,102654.0,146.0,26,
368,226,SUPP_18,166,21,145,6,25.01,In Stock,2025-07-20,2021-10-16,2025-04-08,STORE-005,56801.88,261.0,7,
369,226,SUPP_19,133,32,101,18,16.81,In Stock,2025-10-11,2021-09-16,2025-09-28,STORE-025,45509.94,88.0,7,
370,227,SUPP_32,235,28,207,12,5.22,In Stock,2025-09-21,2023-12-24,2025-08-09,DC-01,16066.95,138.0,12,
371,228,SUPP_12,2,0,2,0,1.1,Discontinued,2025-08-09,2020-07-24,,STORE-030,106.9,,9,
372,228,SUPP_27,16,5,11,0,0.62,Discontinued,2025-10-31,2023-09-17,2025-03-31,DC-02,855.2,269.0,28,
373,229,SUPP_32,0,0,0,7,6.9,Out of Stock,2024-12-26,2023-11-04,,STORE-020,0.0,,9,
374,230,SUPP_45,3,2,1,10,6.47,Low Stock,2025-11-07,2022-06-12,2025-04-03,STORE-030,795.06,266.0,11,
375,230,SUPP_31,0,0,0,5,8.81,Out of Stock,2025-10-14,2023-12-11,2025-06-07,DC-01,0.0,201.0,18,
376,230,SUPP_31,456,11,445,15,12.56,In Stock,2025-09-12,2021-01-05,2025-09-22,STORE-010,120849.12,94.0,2,
377,231,SUPP_1,159,46,113,21,28.62,In Stock,2025-09-10,2025-01-12,2025-02-05,STORE-001,106563.39,323.0,13,
378,232,SUPP_11,0,0,0,28,16.14,Out of Stock,2025-03-29,2025-03-13,2025-09-18,WH-WEST-02,0.0,98.0,22,
379,233,SUPP_27,0,0,0,25,1.9,Out of Stock,2025-08-03,2021-06-24,2025-02-16,DC-01,0.0,312.0,29,2026-07-02
380,233,SUPP_43,418,18,400,30,2.14,In Stock,2025-12-14,2025-11-05,2025-12-13,WH-EAST-02,13865.06,12.0,21,2027-11-05
381,233,SUPP_11,14,4,10,26,1.2,Low Stock,2025-10-25,2023-06-22,2025-09-07,WH-EAST-01,464.38,109.0,40,2026-12-05
382,234,SUPP_26,332,33,299,8,2.09,In Stock,2025-09-04,2024-02-02,2025-02-17,WH-WEST-01,21609.88,311.0,34,
383,235,SUPP_31,20,5,15,0,44.73,Discontinued,2025-07-15,2025-04-01,2025-09-22,WH-EAST-02,12123.8,94.0,24,
384,235,SUPP_9,10,4,6,0,17.09,Discontinued,2025-08-14,2023-10-21,,STORE-002,6061.9,,10,
385,236,SUPP_22,249,27,222,22,30.74,In Stock,2025-11-05,2023-11-19,2025-08-09,DC-03,118115.64,138.0,44,
386,237,SUPP_34,158,47,111,19,5.33,In Stock,2025-08-26,2025-01-27,2025-05-08,STORE-001,19814.78,231.0,3,
387,237,SUPP_33,0,0,0,9,5.62,Out of Stock,2025-10-19,2023-05-04,2025-12-13,WH-EAST-01,0.0,12.0,25,
388,238,SUPP_34,0,0,0,20,34.12,Out of Stock,2025-07-27,2025-05-04,2025-11-27,STORE-001,0.0,28.0,9,
389,238,SUPP_34,0,0,0,15,27.18,Out of Stock,2025-09-10,2023-12-23,2025-06-22,WH-EAST-02,0.0,186.0,17,
390,239,SUPP_42,0,0,0,7,3.05,Out of Stock,2025-10-31,2023-01-01,2025-01-08,STORE-005,0.0,351.0,14,
391,239,SUPP_42,149,40,109,22,13.02,In Stock,2025-11-20,2024-02-12,2025-11-14,STORE-002,25596.71,41.0,11,
392,239,SUPP_9,13,5,8,16,8.65,Low Stock,2025-09-07,2024-02-27,2025-08-21,DC-01,2233.27,126.0,42,
393,240,SUPP_37,149,9,140,19,15.46,In Stock,2025-07-26,2020-10-23,,STORE-020,29394.72,,2,
394,241,SUPP_25,46,22,24,30,4.36,Low Stock,2025-11-04,2024-08-14,2025-01-09,WH-EAST-01,6066.48,350.0,14,
395,242,SUPP_15,0,0,0,24,6.52,Out of Stock,2025-03-03,2022-06-25,2025-01-06,DC-03,0.0,353.0,33,
396,242,SUPP_48,0,0,0,15,7.61,Out of Stock,2025-07-16,2020-11-24,2025-09-06,STORE-005,0.0,110.0,7,
397,243,SUPP_37,377,36,341,6,6.38,In Stock,2025-09-28,2021-11-16,2025-02-27,DC-01,70465.07,301.0,9,
398,244,SUPP_31,6,2,4,5,9.62,Low Stock,2025-09-09,2023-02-17,2025-04-10,DC-01,1882.32,259.0,22,
399,244,SUPP_48,0,0,0,12,10.38,Out of Stock,2025-04-24,2024-05-03,2025-04-20,STORE-005,0.0,249.0,10,
400,245,SUPP_4,490,30,460,30,4.01,In Stock,2025-09-26,2023-01-04,2025-08-09,STORE-001,29223.6,138.0,5,
401,246,SUPP_22,138,15,123,13,13.31,In Stock,2025-09-18,2023-01-29,2025-07-21,WH-CENTRAL-01,38864.94,157.0,33,
402,246,SUPP_35,0,0,0,9,6.31,Out of Stock,2025-11-04,2025-10-26,2025-11-28,STORE-003,0.0,27.0,5,
403,247,SUPP_5,15,5,10,0,3.08,Discontinued,2025-09-29,2022-06-12,2025-10-18,DC-02,794.4,68.0,37,2026-10-21
404,248,SUPP_43,14,2,12,22,5.47,Low Stock,2025-10-25,2024-04-16,2025-04-29,STORE-002,1311.1,240.0,1,
405,249,SUPP_12,333,26,307,21,3.41,In Stock,2025-10-27,2023-11-27,,STORE-003,31385.25,,2,
406,250,SUPP_13,214,35,179,30,21.05,In Stock,2025-11-22,2024-08-01,2025-06-05,WH-WEST-02,85548.64,203.0,12,
407,251,SUPP_40,288,6,282,30,2.53,In Stock,2025-11-16,2025-01-19,2025-09-27,DC-02,39473.28,89.0,27,
408,252,SUPP_8,421,13,408,10,4.28,In Stock,2025-12-11,2022-05-07,2025-08-31,STORE-025,57079.18,116.0,10,2027-07-04
409,253,SUPP_23,37,12,25,5,3.24,In Stock,2025-10-22,2022-07-04,2025-02-08,STORE-025,2272.91,320.0,14,
410,253,SUPP_26,0,0,0,27,2.7,Out of Stock,2025-07-16,2022-09-10,2025-09-07,STORE-003,0.0,109.0,6,
411,254,SUPP_7,252,11,241,11,10.54,In Stock,2025-12-16,2025-02-24,2025-11-18,WH-EAST-01,36507.24,37.0,14,
412,254,SUPP_16,416,27,389,15,11.39,In Stock,2025-09-08,2022-08-03,2025-03-15,STORE-005,60265.92,285.0,2,
413,255,SUPP_4,5,0,5,8,7.7,Low Stock,2025-11-13,2022-02-04,2025-07-15,DC-01,873.0,163.0,27,2026-12-05
414,256,SUPP_41,148,0,148,27,1.66,In Stock,2025-10-12,2022-06-09,2025-07-25,STORE-001,23875.36,153.0,4,
415,257,SUPP_19,0,0,0,7,1.85,Out of Stock,2025-02-28,2023-10-21,2025-09-02,WH-WEST-02,0.0,114.0,33,2026-03-16
416,258,SUPP_17,0,0,0,30,14.21,Out of Stock,2025-10-05,2025-06-16,2025-09-27,DC-03,0.0,89.0,36,
417,259,SUPP_14,10,0,10,21,1.74,Low Stock,2025-11-23,2024-08-31,2025-10-26,STORE-004,793.6,60.0,7,
418,260,SUPP_50,10,2,8,0,8.32,Discontinued,2025-10-12,2025-05-18,2025-11-22,STORE-010,1702.2,33.0,11,
419,260,SUPP_46,7,1,6,0,5.8,Discontinued,2025-11-15,2020-11-09,2025-07-17,WH-WEST-01,1191.54,161.0,32,
420,260,SUPP_4,4,1,3,0,9.7,Discontinued,2025-10-08,2024-12-16,2025-04-16,STORE-015,680.88,253.0,5,
421,261,SUPP_32,0,0,0,16,3.71,Out of Stock,2025-09-28,2025-07-02,2025-11-02,STORE-025,0.0,53.0,12,
422,261,SUPP_23,397,37,360,19,7.69,In Stock,2025-08-29,2022-07-17,2025-03-23,STORE-020,42316.23,277.0,12,
423,261,SUPP_2,279,40,239,14,1.81,In Stock,2025-09-08,2023-01-12,,WH-CENTRAL-01,29738.61,,37,
424,262,SUPP_28,312,19,293,28,15.28,In Stock,2025-07-27,2022-07-26,2025-04-18,DC-03,76343.28,251.0,18,
425,262,SUPP_2,4,2,2,10,4.53,Low Stock,2025-08-08,2024-03-16,,DC-02,978.76,,13,
426,263,SUPP_27,65,15,50,22,37.62,In Stock,2025-07-27,2021-06-09,2025-08-31,STORE-001,35259.25,116.0,4,
427,264,SUPP_28,11,2,9,23,7.38,Low Stock,2025-10-03,2021-06-17,2025-01-05,STORE-025,4165.37,354.0,13,
428,265,SUPP_39,12,6,6,8,0.41,Low Stock,2025-11-29,2024-05-04,2025-09-21,STORE-001,378.96,95.0,13,
429,266,SUPP_16,20,0,20,0,2.94,Discontinued,2025-12-06,2020-12-21,2025-12-04,STORE-003,778.6,21.0,12,2026-02-11
430,266,SUPP_45,14,6,8,0,0.74,Discontinued,2025-08-11,2025-04-13,,WH-WEST-02,545.02,,8,2027-04-16
431,266,SUPP_18,7,0,7,0,0.68,Discontinued,2025-08-15,2022-04-11,2025-02-17,WH-EAST-01,272.51,311.0,43,2026-05-18
432,267,SUPP_19,0,0,0,15,1.39,Out of Stock,2025-08-11,2025-07-07,2025-10-12,STORE-001,0.0,74.0,11,2026-04-14
433,268,SUPP_25,64,4,60,25,3.04,In Stock,2025-12-05,2024-08-28,2025-09-22,STORE-004,7493.12,94.0,10,
434,268,SUPP_15,152,37,115,12,6.13,In Stock,2025-08-14,2020-11-19,2025-10-06,STORE-020,17796.16,80.0,4,
435,268,SUPP_24,455,25,430,12,3.44,In Stock,2025-08-24,2021-11-30,2025-10-01,STORE-003,53271.4,85.0,13,
436,269,SUPP_29,10,5,5,12,4.79,Low Stock,2025-10-04,2023-07-18,2025-10-01,DC-01,958.2,85.0,35,
437,269,SUPP_44,246,47,199,11,0.99,In Stock,2025-06-28,2023-03-28,2025-08-18,STORE-001,23571.72,129.0,1,
438,270,SUPP_34,1,0,1,0,19.01,Discontinued,2025-07-07,2024-12-22,,STORE-002,264.21,,14,
439,271,SUPP_46,0,0,0,13,3.2,Out of Stock,2025-01-08,2021-09-26,,STORE-002,0.0,,7,
440,271,SUPP_43,0,0,0,19,1.73,Out of Stock,2025-10-23,2020-08-06,2025-04-22,WH-EAST-01,0.0,247.0,38,
441,271,SUPP_46,0,0,0,15,2.75,Out of Stock,2025-02-03,2025-01-08,2025-10-19,STORE-010,0.0,67.0,4,
442,272,SUPP_28,75,16,59,23,1.88,In Stock,2025-12-15,2025-09-23,2025-11-08,STORE-003,5938.5,47.0,10,
443,272,SUPP_1,9,1,8,13,6.05,Low Stock,2025-12-12,2024-07-26,2025-10-16,STORE-030,712.62,70.0,11,
444,273,SUPP_25,173,23,150,17,1.85,In Stock,2025-10-10,2025-10-09,2025-12-20,STORE-002,8037.58,5.0,7,
445,273,SUPP_28,301,3,298,28,1.4,In Stock,2025-10-16,2022-06-21,2025-06-08,DC-02,13984.46,200.0,33,
446,274,SUPP_27,11,0,11,0,2.34,Discontinued,2025-08-22,2025-05-17,2025-11-17,STORE-002,774.73,38.0,12,
447,274,SUPP_15,1,0,1,0,5.56,Discontinued,2025-08-18,2022-12-15,2025-08-05,STORE-030,70.43,142.0,10,
448,275,SUPP_22,468,2,466,20,1.19,In Stock,2025-11-11,2022-04-15,2025-01-12,WH-CENTRAL-01,17535.96,347.0,39,
449,275,SUPP_10,30,6,24,27,1.65,Low Stock,2025-07-02,2022-08-25,2025-12-10,STORE-001,1124.1,15.0,1,
450,275,SUPP_1,0,0,0,15,1.51,Out of Stock,2025-02-03,2020-11-02,,STORE-002,0.0,,8,
451,276,SUPP_17,0,0,0,24,3.71,Out of Stock,2025-09-18,2024-03-18,,DC-03,0.0,,16,
452,276,SUPP_8,0,0,0,17,5.18,Out of Stock,2025-03-03,2021-03-31,2025-09-30,STORE-010,0.0,86.0,12,
453,277,SUPP_38,5,4,1,15,0.76,Low Stock,2025-11-06,2020-12-04,2025-04-27,STORE-020,71.0,242.0,3,2026-06-04
454,277,SUPP_43,2,1,1,9,0.91,Low Stock,2025-09-12,2022-02-18,2025-01-07,STORE-015,28.4,352.0,8,2027-09-23
455,278,SUPP_21,32,1,31,7,2.32,In Stock,2025-10-07,2024-03-07,2025-11-23,STORE-015,1189.44,32.0,3,
456,279,SUPP_32,11,4,7,27,0.6,Low Stock,2025-12-15,2023-01-14,2025-10-11,STORE-004,138.05,75.0,13,2026-01-28
457,280,SUPP_32,409,3,406,19,52.05,In Stock,2025-07-30,2021-07-24,2024-12-25,STORE-025,278974.81,365.0,2,
458,281,SUPP_10,440,8,432,16,2.57,In Stock,2025-11-28,2022-07-19,2025-06-24,DC-03,19949.6,184.0,35,2026-09-15
459,282,SUPP_26,66,29,37,16,0.22,In Stock,2025-07-18,2023-09-12,,DC-01,484.44,,40,2027-07-11
460,282,SUPP_14,15,1,14,9,0.21,In Stock,2025-10-06,2024-09-25,2025-01-25,DC-03,110.1,334.0,9,2026-01-30
461,282,SUPP_18,227,44,183,27,0.32,In Stock,2025-08-16,2023-06-12,2025-09-16,WH-CENTRAL-01,1666.18,100.0,8,2026-06-10
462,283,SUPP_31,0,0,0,27,17.86,Out of Stock,2025-05-08,2024-05-24,2025-09-11,STORE-002,0.0,105.0,11,
463,283,SUPP_38,0,0,0,28,26.48,Out of Stock,2025-09-08,2022-05-30,2025-05-13,STORE-030,0.0,226.0,1,
464,284,SUPP_11,25,12,13,11,9.63,In Stock,2025-07-26,2023-06-15,2025-04-25,DC-02,3075.0,244.0,24,
465,285,SUPP_35,409,48,361,16,6.84,In Stock,2025-07-11,2023-05-26,2025-01-14,WH-WEST-01,39517.58,345.0,30,
466,286,SUPP_7,16,6,10,0,2.73,Discontinued,2025-09-28,2020-09-20,2025-10-15,STORE-004,574.08,71.0,2,
467,286,SUPP_37,9,0,9,0,1.28,Discontinued,2025-09-11,2023-03-28,2025-08-22,WH-EAST-02,322.92,125.0,39,
468,286,SUPP_27,2,2,0,0,2.0,Discontinued,2025-10-15,2025-10-01,2025-12-24,WH-CENTRAL-01,71.76,1.0,21,
469,287,SUPP_15,188,37,151,24,12.84,In Stock,2025-07-25,2024-10-20,2025-12-20,DC-02,39782.68,5.0,27,
470,287,SUPP_27,0,0,0,25,8.3,Out of Stock,2025-06-28,2021-09-06,2025-12-24,WH-CENTRAL-01,0.0,1.0,45,
471,287,SUPP_12,454,23,431,23,9.4,In Stock,2025-07-19,2024-07-08,2025-05-02,STORE-004,96070.94,237.0,13,
472,288,SUPP_3,0,0,0,17,0.92,Out of Stock,2025-11-19,2025-10-11,2025-12-15,WH-WEST-01,0.0,10.0,21,2027-11-01
473,289,SUPP_14,101,15,86,16,3.87,In Stock,2025-11-04,2024-08-24,2025-08-15,DC-01,6552.88,132.0,27,
474,290,SUPP_45,224,2,222,30,0.79,In Stock,2025-10-06,2023-03-28,2025-09-28,STORE-010,9027.2,88.0,2,
475,291,SUPP_11,0,0,0,13,0.8,Out of Stock,2025-05-14,2020-10-23,,DC-03,0.0,,17,
476,291,SUPP_15,0,0,0,24,1.36,Out of Stock,2025-07-06,2025-02-05,2025-03-25,STORE-025,0.0,275.0,14,
477,292,SUPP_47,388,3,385,24,3.84,In Stock,2025-06-29,2023-10-09,2025-05-05,STORE-010,20342.84,234.0,10,
478,293,SUPP_1,68,22,46,25,0.62,In Stock,2025-12-07,2023-04-29,2025-11-25,WH-WEST-01,3487.04,30.0,40,
479,294,SUPP_13,0,0,0,27,19.72,Out of Stock,2025-02-26,2022-09-05,2025-01-21,STORE-010,0.0,338.0,2,
480,294,SUPP_50,0,0,0,16,15.47,Out of Stock,2025-01-09,2024-10-10,2025-11-24,STORE-004,0.0,31.0,12,
481,295,SUPP_42,0,0,0,16,3.39,Out of Stock,2025-07-08,2025-01-21,2025-07-09,STORE-030,0.0,169.0,1,2026-04-15
482,295,SUPP_11,0,0,0,27,7.76,Out of Stock,2025-11-18,2022-12-01,2025-05-26,DC-03,0.0,213.0,23,2027-07-17
483,296,SUPP_29,426,37,389,23,16.65,In Stock,2025-07-04,2021-02-10,2025-06-02,STORE-003,285786.36,206.0,12,
484,297,SUPP_39,287,287,0,18,1.85,Out of Stock,2025-07-19,2022-12-10,2025-03-05,STORE-005,22027.25,295.0,7,2025-12-18
485,297,SUPP_46,311,46,265,24,1.8,In Stock,2025-12-16,2025-08-07,2025-09-02,STORE-001,23869.25,114.0,7,2026-11-06
486,298,SUPP_20,9,1,8,22,12.42,Low Stock,2025-11-05,2023-01-07,2025-06-22,STORE-002,6846.39,186.0,2,
487,298,SUPP_11,424,46,378,24,11.1,In Stock,2025-08-09,2022-04-08,2025-05-15,STORE-001,322541.04,224.0,3,
488,299,SUPP_16,373,1,372,22,4.67,In Stock,2025-12-03,2025-10-17,,DC-01,46322.87,,44,
489,299,SUPP_26,7,2,5,6,2.26,Low Stock,2025-10-15,2024-11-21,2025-07-27,WH-WEST-02,869.33,151.0,7,
490,300,SUPP_7,233,0,233,26,11.0,In Stock,2025-11-25,2023-03-02,2025-04-14,DC-02,44878.13,255.0,37,
491,300,SUPP_31,130,33,97,17,5.94,In Stock,2025-08-27,2024-06-07,2025-08-08,STORE-002,25039.3,139.0,14,
492,301,SUPP_47,400,33,367,18,0.41,In Stock,2025-07-26,2021-12-25,2025-08-20,WH-EAST-02,7040.0,127.0,7,2026-04-11
493,301,SUPP_9,174,7,167,15,0.48,In Stock,2025-10-21,2024-02-02,2025-10-24,STORE-010,3062.4,62.0,9,2027-05-21
494,301,SUPP_1,351,22,329,29,0.23,In Stock,2025-11-13,2022-10-27,,STORE-005,6177.6,,2,2027-03-16
495,302,SUPP_12,381,49,332,21,3.28,In Stock,2025-07-15,2024-04-01,2025-01-27,DC-03,18150.84,332.0,38,
496,302,SUPP_19,291,15,276,13,3.44,In Stock,2025-11-19,2023-08-15,2025-10-12,DC-01,13863.24,74.0,27,
497,303,SUPP_32,500,1,499,9,1.29,In Stock,2025-11-04,2020-08-02,2025-10-09,WH-CENTRAL-01,12895.0,77.0,37,
498,303,SUPP_28,461,13,448,23,1.99,In Stock,2025-11-23,2021-06-10,2025-05-29,STORE-025,11889.19,210.0,13,
499,304,SUPP_25,8,1,7,0,50.48,Discontinued,2025-09-20,2023-01-12,2025-11-23,WH-EAST-02,5500.08,32.0,15,
500,305,SUPP_26,0,0,0,27,3.46,Out of Stock,2025-07-16,2025-04-09,2025-07-13,STORE-025,0.0,165.0,9,
501,305,SUPP_16,0,0,0,30,9.07,Out of Stock,2025-04-08,2022-06-17,2025-12-11,STORE-010,0.0,14.0,13,
502,306,SUPP_21,0,0,0,20,2.09,Out of Stock,2025-10-01,2021-09-13,2025-03-26,STORE-005,0.0,274.0,6,
503,306,SUPP_40,8,3,5,16,2.13,Low Stock,2025-07-25,2023-12-07,2025-08-16,DC-02,635.92,131.0,9,
504,307,SUPP_13,0,0,0,10,4.25,Out of Stock,2025-01-08,2022-02-03,2025-09-16,STORE-003,0.0,100.0,14,
505,307,SUPP_47,0,0,0,15,5.47,Out of Stock,2025-02-04,2023-09-12,2025-07-30,DC-03,0.0,148.0,26,
506,308,SUPP_40,0,0,0,15,24.66,Out of Stock,2025-10-11,2023-02-08,2025-09-26,STORE-025,0.0,90.0,8,
507,309,SUPP_17,9,4,5,0,1.3,Discontinued,2025-09-11,2022-04-20,2025-03-20,WH-EAST-01,328.59,280.0,31,
508,309,SUPP_33,19,2,17,0,1.38,Discontinued,2025-08-18,2020-08-05,2025-07-17,STORE-005,693.69,161.0,2,
509,309,SUPP_10,15,0,15,0,2.26,Discontinued,2025-08-11,2025-04-28,2025-09-09,STORE-025,547.65,107.0,1,
510,310,SUPP_47,0,0,0,20,5.64,Out of Stock,2024-12-25,2021-12-25,,DC-03,0.0,,27,
511,311,SUPP_27,73,21,52,13,3.96,In Stock,2025-10-14,2021-03-17,2025-09-04,STORE-004,5372.07,112.0,12,
512,312,SUPP_21,0,0,0,5,1.82,Out of Stock,2025-08-02,2025-03-15,2025-03-16,STORE-010,0.0,284.0,3,2026-07-02
513,312,SUPP_50,0,0,0,21,0.5,Out of Stock,2025-11-08,2021-11-30,2025-12-21,WH-WEST-01,0.0,4.0,13,2027-12-12
514,312,SUPP_2,0,0,0,16,0.43,Out of Stock,2025-06-21,2024-03-16,2025-01-17,STORE-002,0.0,342.0,9,2026-05-08
515,313,SUPP_3,0,0,0,25,29.44,Out of Stock,2025-08-02,2021-12-22,,STORE-025,0.0,,6,
516,313,SUPP_7,0,0,0,23,21.27,Out of Stock,2025-05-05,2025-02-05,2025-08-08,WH-EAST-02,0.0,139.0,29,
517,313,SUPP_21,0,0,0,18,17.28,Out of Stock,2025-09-05,2022-10-23,2025-05-26,WH-WEST-02,0.0,213.0,42,
518,314,SUPP_35,8,2,6,0,8.02,Discontinued,2025-11-16,2025-02-26,2025-12-03,STORE-003,1251.36,22.0,2,
519,315,SUPP_2,4,3,1,0,15.07,Discontinued,2025-07-28,2022-02-13,2025-05-05,STORE-005,1302.48,234.0,8,
520,315,SUPP_28,3,1,2,0,4.34,Discontinued,2025-08-27,2022-08-28,2025-05-14,WH-EAST-01,976.86,225.0,35,
521,316,SUPP_43,0,0,0,29,2.07,Out of Stock,2025-06-26,2021-02-07,2025-11-02,STORE-004,0.0,53.0,11,
522,317,SUPP_25,67,5,62,17,1.63,In Stock,2025-11-03,2023-11-23,2025-10-17,DC-02,5072.57,69.0,45,
523,317,SUPP_15,306,25,281,10,5.33,In Stock,2025-07-11,2022-09-06,2025-04-26,STORE-005,23167.26,243.0,11,
524,318,SUPP_39,0,0,0,29,8.08,Out of Stock,2025-04-07,2022-05-24,2025-04-25,STORE-015,0.0,244.0,6,
525,318,SUPP_7,0,0,0,11,4.54,Out of Stock,2025-06-11,2021-01-15,2025-06-14,STORE-003,0.0,194.0,3,
526,319,SUPP_34,148,30,118,26,6.51,In Stock,2025-08-05,2022-02-23,2025-02-03,STORE-020,22614.4,325.0,11,
527,319,SUPP_4,153,22,131,12,8.11,In Stock,2025-12-03,2024-05-14,2025-09-05,WH-WEST-01,23378.4,111.0,33,
528,319,SUPP_20,374,11,363,25,10.27,In Stock,2025-12-12,2024-02-01,2025-06-04,DC-02,57147.2,204.0,36,
529,320,SUPP_49,255,19,236,5,7.0,In Stock,2025-12-20,2023-10-29,2025-07-17,WH-EAST-01,29847.75,161.0,7,2026-05-31
530,320,SUPP_48,185,23,162,20,7.28,In Stock,2025-08-24,2024-05-06,2025-05-11,STORE-005,21654.25,228.0,11,2026-03-29
531,321,SUPP_47,304,30,274,27,1.27,In Stock,2025-09-13,2023-02-28,2025-04-04,STORE-020,14503.84,265.0,6,2027-04-13
532,322,SUPP_49,0,0,0,30,2.69,Out of Stock,2024-12-25,2022-08-26,2025-02-11,STORE-004,0.0,317.0,6,
533,322,SUPP_19,0,0,0,20,0.79,Out of Stock,2025-04-15,2022-01-13,2025-11-06,DC-02,0.0,49.0,34,
534,323,SUPP_45,309,39,270,17,1.77,In Stock,2025-09-29,2020-09-08,2025-01-23,STORE-020,29762.88,336.0,11,
535,323,SUPP_28,0,0,0,22,1.04,Out of Stock,2025-08-13,2024-04-23,2025-03-26,STORE-002,0.0,274.0,4,
536,324,SUPP_27,261,2,259,30,1.76,In Stock,2025-07-17,2023-05-26,2025-08-21,WH-WEST-02,6138.72,126.0,23,2027-02-03
537,324,SUPP_3,377,29,348,25,0.55,In Stock,2025-09-23,2025-05-30,2025-10-16,WH-EAST-01,8867.04,70.0,16,2026-04-21
538,324,SUPP_35,4,0,4,24,1.82,Low Stock,2025-08-12,2024-07-20,2025-03-20,WH-EAST-02,94.08,280.0,10,2027-07-31
539,325,SUPP_20,3,3,0,5,1.35,Out of Stock,2025-09-07,2024-12-30,2025-05-15,STORE-004,344.88,224.0,5,
540,325,SUPP_22,282,24,258,7,7.78,In Stock,2025-07-15,2022-09-16,2025-08-16,DC-02,32418.72,131.0,15,
541,325,SUPP_49,0,0,0,9,8.1,Out of Stock,2025-02-24,2024-04-02,2025-04-12,STORE-015,0.0,257.0,3,
542,326,SUPP_23,6,3,3,0,12.85,Discontinued,2025-11-16,2024-02-13,2025-07-18,WH-EAST-01,2244.72,160.0,19,
543,326,SUPP_35,9,4,5,0,5.37,Discontinued,2025-12-13,2025-11-09,,DC-01,3367.08,,13,
544,326,SUPP_23,14,1,13,0,13.99,Discontinued,2025-12-08,2020-12-28,2024-12-25,WH-CENTRAL-01,5237.68,365.0,26,
545,327,SUPP_13,0,0,0,24,0.72,Out of Stock,2025-07-01,2022-03-22,,WH-CENTRAL-01,0.0,,13,
546,328,SUPP_5,59,6,53,21,2.37,In Stock,2025-07-10,2021-03-13,2025-11-21,WH-EAST-02,1790.65,34.0,23,2027-04-15
547,328,SUPP_19,224,23,201,22,0.89,In Stock,2025-08-05,2022-01-03,2025-07-13,STORE-015,6798.4,165.0,5,2027-05-08
548,329,SUPP_46,165,49,116,21,31.65,In Stock,2025-08-22,2020-08-30,2025-12-17,DC-03,73141.2,8.0,18,
549,330,SUPP_26,264,16,248,11,1.52,In Stock,2025-10-08,2023-07-17,2025-11-13,STORE-020,20349.12,42.0,8,
550,331,SUPP_24,0,0,0,16,0.41,Out of Stock,2025-02-15,2023-12-11,2025-04-09,DC-01,0.0,260.0,28,
551,332,SUPP_12,311,0,311,24,0.46,In Stock,2025-11-27,2020-09-06,2025-06-15,STORE-030,8645.8,193.0,4,2027-09-12
552,333,SUPP_39,249,46,203,12,16.38,In Stock,2025-08-03,2024-05-17,2025-08-21,WH-WEST-02,82052.97,126.0,26,
553,334,SUPP_39,0,0,0,26,0.95,Out of Stock,2025-03-27,2022-03-22,2025-11-22,DC-02,0.0,33.0,41,
554,335,SUPP_4,6,0,6,26,13.49,Low Stock,2025-07-16,2020-08-06,2025-09-30,STORE-015,2243.16,86.0,11,
555,335,SUPP_3,5,3,2,26,23.78,Low Stock,2025-07-17,2024-04-22,2025-09-10,DC-01,1869.3,106.0,37,
556,335,SUPP_19,6,3,3,20,19.27,Low Stock,2025-08-16,2021-10-26,2025-07-20,STORE-020,2243.16,158.0,14,
557,336,SUPP_21,3,1,2,12,14.23,Low Stock,2025-12-15,2024-09-09,2025-02-25,WH-WEST-02,1958.79,303.0,20,
558,336,SUPP_36,476,40,436,21,41.95,In Stock,2025-09-14,2025-02-19,2025-09-28,STORE-001,310794.68,88.0,4,
559,337,SUPP_5,19,4,15,0,8.71,Discontinued,2025-10-13,2025-05-08,2025-10-03,WH-WEST-02,7056.98,83.0,31,
560,338,SUPP_36,0,0,0,22,0.18,Out of Stock,2025-06-05,2023-11-25,,STORE-015,0.0,,4,
561,339,SUPP_20,12,4,8,0,2.45,Discontinued,2025-08-12,2023-01-07,2025-06-08,STORE-030,2271.72,200.0,4,2026-11-11
562,339,SUPP_28,17,8,9,0,2.67,Discontinued,2025-08-26,2021-02-01,2025-11-26,STORE-001,3218.27,29.0,9,2027-04-11
563,339,SUPP_26,11,2,9,0,2.42,Discontinued,2025-12-18,2023-11-15,2025-09-15,STORE-002,2082.41,101.0,6,2027-03-12
564,340,SUPP_31,450,16,434,9,7.64,In Stock,2025-11-14,2025-10-10,2025-11-13,STORE-002,219172.5,42.0,12,
565,340,SUPP_6,2,2,0,12,29.06,Out of Stock,2025-07-26,2020-11-26,2025-01-01,WH-EAST-02,974.1,358.0,44,
566,341,SUPP_4,0,0,0,27,1.21,Out of Stock,2025-11-04,2021-01-02,2025-03-23,WH-CENTRAL-01,0.0,277.0,30,
567,341,SUPP_43,0,0,0,21,1.28,Out of Stock,2025-01-17,2024-02-02,2025-02-07,WH-WEST-02,0.0,321.0,45,
568,342,SUPP_33,366,9,357,8,3.02,In Stock,2025-09-04,2023-04-24,,DC-01,17088.54,,44,2027-04-08
569,343,SUPP_32,288,27,261,9,1.98,In Stock,2025-12-03,2023-07-15,2025-10-26,DC-03,14742.72,60.0,28,
570,343,SUPP_42,54,17,37,18,0.59,In Stock,2025-12-09,2025-10-30,2025-12-23,STORE-030,2764.26,2.0,14,
571,343,SUPP_47,26,10,16,20,2.43,Low Stock,2025-12-07,2023-08-17,,STORE-001,1330.94,,2,
572,344,SUPP_44,0,0,0,19,30.79,Out of Stock,2025-11-11,2025-10-15,2025-10-27,STORE-001,0.0,59.0,1,
573,344,SUPP_3,0,0,0,21,14.71,Out of Stock,2025-03-23,2024-10-30,,WH-EAST-01,0.0,,33,
574,345,SUPP_9,0,0,0,26,9.5,Out of Stock,2025-09-04,2025-08-29,2025-10-28,STORE-005,0.0,58.0,7,
575,345,SUPP_11,0,0,0,7,6.03,Out of Stock,2025-02-05,2021-03-16,2025-03-22,WH-CENTRAL-01,0.0,278.0,20,
576,346,SUPP_1,0,0,0,21,5.17,Out of Stock,2025-04-13,2022-09-25,2025-11-22,STORE-003,0.0,33.0,10,
577,346,SUPP_38,8,2,6,8,1.37,Low Stock,2025-10-21,2025-06-20,2025-07-01,DC-03,637.6,177.0,8,
578,347,SUPP_21,20,6,14,0,3.02,Discontinued,2025-06-30,2020-10-28,2025-11-01,STORE-002,1475.2,54.0,13,
579,347,SUPP_4,3,3,0,0,2.72,Discontinued,2025-12-13,2025-11-21,2025-12-20,DC-01,221.28,5.0,15,
580,347,SUPP_27,2,1,1,0,2.17,Discontinued,2025-07-19,2020-08-04,2025-01-23,STORE-015,147.52,336.0,6,
581,348,SUPP_1,15,3,12,14,13.79,Low Stock,2025-12-09,2025-07-30,2025-10-07,WH-WEST-01,4206.15,79.0,28,
582,349,SUPP_8,178,46,132,9,5.95,In Stock,2025-09-23,2023-06-22,,DC-02,52671.98,,39,
583,350,SUPP_48,0,0,0,28,9.06,Out of Stock,2025-02-09,2021-07-20,2025-09-15,STORE-004,0.0,101.0,7,
584,351,SUPP_42,146,28,118,24,1.72,In Stock,2025-12-09,2022-11-14,2025-08-24,STORE-015,12446.5,123.0,10,
585,351,SUPP_25,88,16,72,21,1.3,In Stock,2025-07-15,2021-05-09,2025-09-21,STORE-025,7502.0,95.0,10,
586,352,SUPP_5,0,0,0,15,3.29,Out of Stock,2025-08-31,2021-05-05,2025-03-25,DC-02,0.0,275.0,25,
587,353,SUPP_6,80,10,70,8,5.08,In Stock,2025-11-08,2021-01-26,2025-09-30,STORE-001,6950.4,86.0,10,2026-04-30
588,353,SUPP_20,259,2,257,25,4.89,In Stock,2025-10-13,2020-09-26,,DC-01,22501.92,,20,2026-01-05
589,354,SUPP_13,12,2,10,14,4.74,Low Stock,2025-07-21,2021-10-03,2025-11-25,STORE-004,954.96,30.0,8,
590,354,SUPP_33,348,7,341,5,2.64,In Stock,2025-12-17,2020-11-25,2025-03-02,STORE-002,27693.84,298.0,9,
591,355,SUPP_48,17,1,16,0,17.12,Discontinued,2025-11-13,2023-04-26,2025-09-07,STORE-001,7583.19,109.0,7,
592,355,SUPP_38,7,2,5,0,7.58,Discontinued,2025-12-13,2020-08-15,2025-04-07,WH-EAST-02,3122.49,262.0,30,
593,356,SUPP_19,205,27,178,20,11.19,In Stock,2025-10-12,2022-07-31,2025-07-31,DC-02,31746.3,147.0,7,
594,357,SUPP_29,183,26,157,11,35.72,In Stock,2025-12-15,2022-10-15,2025-04-21,STORE-002,99681.93,248.0,2,
595,357,SUPP_46,136,0,136,5,20.55,In Stock,2025-12-15,2024-03-28,2025-11-06,STORE-010,74080.56,49.0,3,
596,357,SUPP_42,313,10,303,17,36.04,In Stock,2025-10-27,2022-01-25,2025-06-10,WH-WEST-02,170494.23,198.0,14,
597,358,SUPP_29,18,7,11,0,26.06,Discontinued,2025-10-12,2020-08-14,,WH-WEST-02,11439.36,,19,
598,358,SUPP_30,16,8,8,0,20.43,Discontinued,2025-08-02,2023-05-13,2025-01-31,STORE-004,10168.32,328.0,11,
599,359,SUPP_11,0,0,0,11,25.77,Out of Stock,2025-11-18,2025-11-06,2025-11-11,STORE-015,0.0,44.0,12,
600,359,SUPP_21,0,0,0,25,29.31,Out of Stock,2025-10-11,2025-04-24,2025-08-02,STORE-004,0.0,145.0,1,
601,359,SUPP_4,0,0,0,30,7.06,Out of Stock,2025-05-29,2025-04-01,2025-08-11,STORE-025,0.0,136.0,10,
602,360,SUPP_41,0,0,0,16,2.65,Out of Stock,2025-09-09,2020-10-19,2025-10-01,WH-WEST-02,0.0,85.0,12,
603,361,SUPP_7,0,0,0,22,7.21,Out of Stock,2025-11-25,2025-11-25,,STORE-004,0.0,,7,
604,361,SUPP_27,327,50,277,27,6.88,In Stock,2025-09-14,2023-12-26,2024-12-27,WH-WEST-01,32614.98,363.0,24,
605,362,SUPP_44,476,41,435,30,6.17,In Stock,2025-11-29,2025-11-02,2025-12-16,WH-EAST-01,60432.96,9.0,12,
606,362,SUPP_31,154,31,123,28,1.41,In Stock,2025-10-21,2023-03-17,2025-07-08,WH-WEST-02,19551.84,170.0,18,
607,362,SUPP_9,497,39,458,13,7.14,In Stock,2025-08-07,2022-04-10,2025-06-04,STORE-002,63099.12,204.0,4,
608,363,SUPP_4,311,18,293,7,0.89,In Stock,2025-07-04,2024-01-28,2025-12-12,STORE-005,4705.43,13.0,12,
609,363,SUPP_5,494,39,455,16,0.21,In Stock,2025-09-09,2021-05-12,2025-07-06,WH-EAST-01,7474.22,172.0,26,
610,364,SUPP_29,16,5,11,0,12.03,Discontinued,2025-10-08,2024-05-08,2025-05-01,STORE-010,7526.56,238.0,13,
611,365,SUPP_36,20,6,14,0,3.51,Discontinued,2025-07-14,2025-02-20,2025-09-09,STORE-004,2596.6,107.0,4,
612,365,SUPP_21,0,0,0,0,10.02,Discontinued,2024-12-25,2020-09-09,,STORE-025,0.0,,2,
613,365,SUPP_8,4,3,1,0,3.66,Discontinued,2025-07-11,2023-01-11,2025-06-12,WH-WEST-01,519.32,196.0,16,
614,366,SUPP_24,0,0,0,10,2.38,Out of Stock,2025-11-04,2025-10-06,2025-11-03,STORE-025,0.0,52.0,1,2026-12-31
615,367,SUPP_42,0,0,0,19,9.41,Out of Stock,2025-05-18,2023-08-26,,DC-02,0.0,,20,2027-11-01
616,367,SUPP_24,43,5,38,29,6.91,In Stock,2025-09-15,2022-04-29,2025-01-02,WH-CENTRAL-01,6349.81,357.0,35,2027-03-23
617,368,SUPP_37,466,50,416,8,1.87,In Stock,2025-12-14,2022-04-10,2025-07-19,STORE-025,75832.18,159.0,1,
618,369,SUPP_38,448,26,422,15,5.3,In Stock,2025-12-19,2025-10-20,2025-11-24,STORE-030,43070.72,31.0,2,2026-01-04
619,370,SUPP_11,158,9,149,10,1.53,In Stock,2025-07-14,2020-09-22,2025-10-22,STORE-030,21371.08,64.0,13,
620,371,SUPP_19,219,3,216,10,4.77,In Stock,2025-10-26,2023-08-15,2025-04-09,STORE-020,30044.61,260.0,2,
621,372,SUPP_38,0,0,0,24,4.33,Out of Stock,2025-04-13,2021-02-09,2025-01-24,STORE-005,0.0,335.0,9,
622,373,SUPP_49,468,30,438,13,3.41,In Stock,2025-12-24,2024-06-22,2025-10-02,STORE-020,32605.56,84.0,13,
623,374,SUPP_6,290,8,282,19,0.37,In Stock,2025-12-23,2021-07-08,2025-04-25,STORE-025,5341.8,244.0,7,2027-06-29
624,374,SUPP_46,327,49,278,18,0.79,In Stock,2025-11-09,2022-12-20,2025-07-21,STORE-010,6023.34,157.0,2,2027-10-25
625,375,SUPP_3,289,34,255,20,0.7,In Stock,2025-11-13,2022-07-24,2025-03-09,STORE-005,4430.37,291.0,9,2027-03-04
626,375,SUPP_45,5,0,5,24,0.54,Low Stock,2025-11-23,2020-09-11,2025-04-27,STORE-025,76.65,242.0,2,2027-05-25
627,376,SUPP_30,433,34,399,23,9.18,In Stock,2025-09-06,2023-03-07,2025-06-30,STORE-005,202860.5,178.0,6,
628,377,SUPP_24,278,14,264,7,10.75,In Stock,2025-09-27,2025-08-01,2025-11-29,WH-WEST-01,103760.72,26.0,41,
629,377,SUPP_37,141,6,135,25,29.76,In Stock,2025-10-22,2022-01-20,2025-01-19,STORE-001,52626.84,340.0,9,
630,377,SUPP_47,412,50,362,16,10.6,In Stock,2025-10-26,2024-09-24,2025-03-13,STORE-010,153774.88,287.0,1,
631,378,SUPP_39,5,1,4,16,2.6,Low Stock,2025-07-09,2023-01-09,2025-05-01,WH-WEST-02,170.4,238.0,28,
632,379,SUPP_7,417,28,389,25,1.31,In Stock,2025-11-22,2021-10-17,2025-01-15,STORE-005,15395.64,344.0,1,
633,379,SUPP_40,199,33,166,17,0.65,In Stock,2025-10-22,2021-06-13,2025-03-12,STORE-020,7347.08,288.0,4,
634,380,SUPP_17,0,0,0,26,32.67,Out of Stock,2025-11-04,2023-11-11,,STORE-020,0.0,,5,
635,381,SUPP_35,343,3,340,5,18.32,In Stock,2025-12-15,2023-07-01,2025-04-14,WH-WEST-01,101781.82,255.0,45,
636,382,SUPP_15,289,25,264,7,2.86,In Stock,2025-10-04,2023-07-02,2025-04-27,DC-03,25368.42,242.0,45,
637,382,SUPP_13,35,8,27,22,3.3,In Stock,2025-10-22,2020-09-18,2025-08-12,STORE-005,3072.3,135.0,2,
638,383,SUPP_2,260,1,259,12,12.95,In Stock,2025-12-11,2024-11-01,2025-11-11,STORE-020,47759.4,44.0,5,
639,384,SUPP_10,343,3,340,18,1.09,In Stock,2025-09-16,2021-07-16,2024-12-26,STORE-025,6410.67,364.0,12,
640,385,SUPP_27,499,41,458,17,8.03,In Stock,2025-09-28,2021-07-25,2025-07-26,STORE-015,89091.46,152.0,3,
641,386,SUPP_42,0,0,0,6,9.98,Out of Stock,2025-11-07,2020-07-14,2025-01-25,WH-EAST-02,0.0,334.0,16,
642,387,SUPP_45,51,3,48,8,2.48,In Stock,2025-11-30,2025-11-09,2025-11-20,WH-EAST-01,2388.33,35.0,37,2026-01-28
643,388,SUPP_11,7,1,6,0,5.1,Discontinued,2025-07-14,2021-10-11,2025-09-02,WH-EAST-02,465.99,114.0,24,
644,388,SUPP_23,12,2,10,0,2.24,Discontinued,2025-07-17,2022-05-06,2025-12-08,STORE-002,798.84,17.0,12,
645,389,SUPP_10,453,38,415,9,2.41,In Stock,2025-12-08,2024-12-19,,STORE-002,57974.94,,10,
646,390,SUPP_2,231,16,215,26,2.41,In Stock,2025-08-01,2023-12-23,2025-06-21,STORE-003,7837.83,187.0,7,
647,390,SUPP_8,280,50,230,11,1.97,In Stock,2025-12-14,2023-04-08,2025-07-03,WH-CENTRAL-01,9500.4,175.0,36,
648,391,SUPP_20,0,0,0,18,1.86,Out of Stock,2025-09-09,2023-07-12,2025-01-01,STORE-020,0.0,358.0,6,
649,391,SUPP_47,176,43,133,25,1.16,In Stock,2025-07-17,2021-12-25,,STORE-002,4428.16,,5,
650,392,SUPP_28,351,36,315,27,7.66,In Stock,2025-11-29,2021-10-25,2025-07-14,WH-WEST-01,104906.88,164.0,31,
651,393,SUPP_35,0,0,0,29,1.36,Out of Stock,2025-07-16,2021-08-06,2025-06-21,DC-01,0.0,187.0,28,
652,393,SUPP_43,0,0,0,5,6.96,Out of Stock,2025-06-27,2022-05-05,2025-05-06,STORE-005,0.0,233.0,1,
653,394,SUPP_7,117,41,76,12,4.0,In Stock,2025-12-01,2022-08-14,2025-09-29,WH-EAST-01,11131.38,87.0,40,
654,395,SUPP_8,287,33,254,11,15.02,In Stock,2025-09-01,2024-01-21,2025-05-24,WH-WEST-01,81740.47,215.0,8,
655,395,SUPP_7,358,39,319,24,17.7,In Stock,2025-09-21,2021-11-05,2025-07-26,DC-03,101961.98,152.0,17,
656,396,SUPP_21,0,0,0,29,0.64,Out of Stock,2025-07-27,2023-11-17,2025-02-15,DC-03,0.0,313.0,26,
657,397,SUPP_23,319,37,282,15,7.95,In Stock,2025-10-15,2024-04-30,2025-12-19,STORE-005,45613.81,6.0,12,
658,398,SUPP_42,16,2,14,0,12.2,Discontinued,2025-09-30,2022-04-15,2025-03-04,STORE-003,2902.08,296.0,13,
659,398,SUPP_42,13,1,12,0,14.38,Discontinued,2025-10-25,2023-01-27,2025-01-04,WH-CENTRAL-01,2357.94,355.0,37,
660,399,SUPP_35,137,12,125,22,36.22,In Stock,2025-09-30,2022-08-05,2025-02-28,WH-CENTRAL-01,64602.35,300.0,12,
661,399,SUPP_3,7,1,6,24,22.72,Low Stock,2025-10-12,2023-07-24,2025-06-20,STORE-003,3300.85,188.0,5,
662,399,SUPP_17,351,31,320,5,19.48,In Stock,2025-10-04,2021-01-22,2025-09-19,WH-WEST-02,165514.05,97.0,41,
663,400,SUPP_16,0,0,0,25,4.61,Out of Stock,2025-10-20,2025-09-25,2025-12-21,DC-01,0.0,4.0,39,
664,400,SUPP_45,0,0,0,23,2.45,Out of Stock,2025-03-22,2020-10-13,,WH-CENTRAL-01,0.0,,26,
665,401,SUPP_32,306,10,296,19,1.38,In Stock,2025-08-31,2022-12-28,2025-12-03,STORE-025,12142.08,22.0,8,
666,401,SUPP_37,55,1,54,16,0.74,In Stock,2025-11-27,2024-08-09,2025-03-02,WH-CENTRAL-01,2182.4,298.0,17,
667,401,SUPP_38,132,13,119,25,1.79,In Stock,2025-07-05,2021-09-27,2025-06-25,STORE-010,5237.76,183.0,9,
668,402,SUPP_25,354,24,330,9,4.39,In Stock,2025-08-18,2021-09-13,2025-01-29,DC-03,33272.46,330.0,44,
669,403,SUPP_24,290,46,244,19,4.15,In Stock,2025-09-11,2022-12-03,,WH-WEST-02,46898.8,,40,
670,403,SUPP_2,374,29,345,14,5.16,In Stock,2025-09-30,2025-03-18,2025-05-03,STORE-001,60483.28,236.0,14,
671,404,SUPP_48,63,1,62,25,0.49,In Stock,2025-11-04,2021-08-25,2025-11-29,STORE-025,2418.57,26.0,4,2027-01-08
672,405,SUPP_30,291,25,266,12,12.66,In Stock,2025-10-07,2022-05-27,2025-03-19,STORE-020,193753.62,281.0,8,
673,405,SUPP_50,478,15,463,18,49.23,In Stock,2025-09-24,2025-09-10,2025-12-07,STORE-003,318261.96,18.0,10,
674,405,SUPP_33,349,44,305,16,36.74,In Stock,2025-08-07,2021-10-16,2025-04-11,WH-WEST-02,232371.18,258.0,11,
675,406,SUPP_41,14,2,12,20,9.41,Low Stock,2025-08-01,2022-10-15,2025-04-06,STORE-005,10819.76,263.0,9,
676,407,SUPP_8,87,43,44,22,2.46,In Stock,2025-11-27,2025-11-21,2025-11-28,WH-CENTRAL-01,7872.63,27.0,41,
677,408,SUPP_38,9,4,5,0,5.63,Discontinued,2025-11-05,2023-05-15,2025-10-18,STORE-001,1878.12,68.0,3,
678,408,SUPP_2,13,6,7,0,4.65,Discontinued,2025-08-05,2021-12-08,2025-10-04,STORE-030,2712.84,82.0,8,
679,408,SUPP_19,6,2,4,0,14.32,Discontinued,2025-09-22,2022-02-05,2025-09-08,STORE-020,1252.08,108.0,14,
680,409,SUPP_32,0,0,0,28,31.07,Out of Stock,2025-07-23,2024-05-31,2025-07-30,WH-CENTRAL-01,0.0,148.0,15,
681,409,SUPP_4,0,0,0,30,13.88,Out of Stock,2025-07-02,2024-12-27,2025-03-02,STORE-025,0.0,298.0,14,
682,410,SUPP_36,383,44,339,14,3.54,In Stock,2025-08-31,2024-10-20,2025-06-18,WH-EAST-02,39422.19,190.0,7,2027-10-08
683,411,SUPP_45,390,41,349,10,1.16,In Stock,2025-09-20,2023-04-04,2025-08-17,STORE-005,11341.2,130.0,2,
684,411,SUPP_34,353,8,345,27,0.65,In Stock,2025-08-17,2022-01-18,2025-11-27,DC-01,10265.24,28.0,16,
685,411,SUPP_5,239,48,191,25,0.47,In Stock,2025-07-29,2022-07-10,2025-09-29,STORE-003,6950.12,87.0,4,
686,412,SUPP_38,0,0,0,26,6.21,Out of Stock,2025-07-05,2023-05-31,,DC-02,0.0,,25,
687,413,SUPP_10,353,43,310,26,0.46,In Stock,2025-08-31,2021-01-30,2025-05-25,DC-01,15814.4,214.0,34,
688,414,SUPP_45,167,41,126,26,5.22,In Stock,2025-11-25,2025-11-18,2025-11-24,STORE-015,46188.86,31.0,2,
689,415,SUPP_44,99,46,53,12,6.96,In Stock,2025-11-10,2025-05-29,2025-07-29,STORE-004,9370.35,149.0,9,
690,416,SUPP_33,396,43,353,5,4.12,In Stock,2025-11-03,2025-03-10,,WH-WEST-01,47535.84,,13,
691,417,SUPP_23,158,32,126,24,1.95,In Stock,2025-09-14,2024-04-29,2025-04-16,STORE-005,4254.94,253.0,5,
692,417,SUPP_25,195,1,194,16,1.12,In Stock,2025-12-08,2022-03-21,2025-08-29,WH-CENTRAL-01,5251.35,118.0,23,
693,418,SUPP_33,6,0,6,22,0.94,Low Stock,2025-12-08,2021-09-10,2025-07-22,STORE-001,158.22,156.0,13,
694,419,SUPP_45,0,0,0,16,1.59,Out of Stock,2025-11-21,2020-11-16,2025-05-23,STORE-001,0.0,216.0,14,
695,419,SUPP_24,0,0,0,11,0.63,Out of Stock,2025-06-04,2024-12-10,2025-10-08,STORE-015,0.0,78.0,3,
696,420,SUPP_42,3,3,0,5,4.28,Out of Stock,2025-07-12,2023-03-19,2025-07-30,STORE-030,586.86,148.0,13,
697,420,SUPP_36,0,0,0,15,8.2,Out of Stock,2025-01-04,2023-07-11,2025-01-17,WH-EAST-01,0.0,342.0,19,
698,421,SUPP_7,329,29,300,17,50.94,In Stock,2025-12-11,2025-06-04,2025-07-25,STORE-004,237666.31,153.0,8,
699,421,SUPP_28,39,5,34,21,52.49,In Stock,2025-09-07,2023-07-14,2025-01-30,DC-01,28173.21,329.0,29,
700,421,SUPP_16,379,42,337,22,11.1,In Stock,2025-07-29,2021-03-28,2025-06-27,WH-EAST-02,273785.81,181.0,36,
701,422,SUPP_11,0,0,0,21,10.63,Out of Stock,2025-09-02,2022-11-24,2025-03-16,WH-WEST-02,0.0,284.0,29,
702,422,SUPP_23,6,0,6,5,18.01,In Stock,2025-07-28,2020-12-25,2025-08-18,STORE-015,1678.5,129.0,7,
703,423,SUPP_4,296,0,296,13,2.51,In Stock,2025-11-21,2025-11-17,2025-11-24,DC-03,15468.96,31.0,15,
704,424,SUPP_1,0,0,0,29,0.35,Out of Stock,2025-04-17,2023-11-08,,STORE-001,0.0,,14,
705,424,SUPP_27,11,0,11,28,1.23,Low Stock,2025-10-20,2025-10-03,2025-11-08,STORE-010,205.59,47.0,6,
706,425,SUPP_39,469,14,455,21,1.1,In Stock,2025-10-21,2025-01-26,2025-08-01,DC-02,30203.6,146.0,38,
707,426,SUPP_18,17,4,13,0,18.36,Discontinued,2025-10-01,2021-04-04,2025-12-12,STORE-005,7766.28,13.0,2,
708,427,SUPP_37,355,6,349,19,5.87,In Stock,2025-12-22,2021-10-04,2025-01-15,DC-01,36888.05,344.0,13,
709,428,SUPP_21,0,0,0,5,12.4,Out of Stock,2025-10-19,2024-10-30,2025-05-29,WH-WEST-01,0.0,210.0,13,
710,428,SUPP_31,0,0,0,12,5.71,Out of Stock,2025-01-13,2023-12-20,2025-10-24,DC-02,0.0,62.0,37,
711,428,SUPP_31,0,0,0,19,3.53,Out of Stock,2025-08-08,2025-04-07,2025-07-31,STORE-015,0.0,147.0,1,
712,429,SUPP_21,120,16,104,16,0.6,In Stock,2025-08-25,2022-06-21,2025-01-13,WH-WEST-01,2497.2,346.0,8,2027-06-21
713,429,SUPP_49,273,9,264,15,1.05,In Stock,2025-09-06,2021-04-29,2025-03-27,STORE-005,5681.13,273.0,10,2027-08-22
714,429,SUPP_32,28,1,27,14,1.01,In Stock,2025-07-05,2025-03-15,2025-09-30,DC-01,582.68,86.0,38,2026-02-21
715,430,SUPP_46,379,30,349,17,5.76,In Stock,2025-12-13,2022-05-16,2025-10-15,STORE-001,148177.63,71.0,14,
716,431,SUPP_44,437,22,415,14,12.4,In Stock,2025-10-02,2020-11-03,2025-04-23,DC-02,73232.46,246.0,42,
717,432,SUPP_12,356,0,356,20,1.13,In Stock,2025-08-02,2023-09-29,2025-09-06,WH-EAST-02,13075.88,110.0,28,
718,432,SUPP_33,116,36,80,20,2.22,In Stock,2025-10-17,2021-08-31,2025-10-29,WH-WEST-02,4260.68,57.0,32,
719,432,SUPP_26,312,41,271,7,1.1,In Stock,2025-09-25,2024-06-13,2025-09-01,STORE-003,11459.76,115.0,3,
720,433,SUPP_17,349,46,303,23,6.21,In Stock,2025-10-20,2021-08-16,2025-04-19,WH-WEST-02,27494.22,250.0,23,
721,433,SUPP_9,188,32,156,23,1.36,In Stock,2025-07-24,2021-07-01,2025-07-25,WH-CENTRAL-01,14810.64,153.0,28,
722,434,SUPP_14,114,1,113,13,5.25,In Stock,2025-07-27,2023-01-21,2025-01-04,STORE-030,33250.38,355.0,5,
723,434,SUPP_11,288,20,268,5,8.83,In Stock,2025-12-09,2022-08-11,2025-12-15,WH-CENTRAL-01,84000.96,10.0,32,
724,434,SUPP_32,0,0,0,21,17.36,Out of Stock,2025-09-22,2023-09-01,2025-04-09,STORE-020,0.0,260.0,3,
725,435,SUPP_2,18,2,16,0,1.35,Discontinued,2025-08-13,2024-08-09,2025-03-15,DC-02,566.64,285.0,45,2026-07-25
726,435,SUPP_32,0,0,0,0,2.13,Discontinued,2025-05-05,2021-11-26,2025-10-06,WH-EAST-02,0.0,80.0,11,2027-08-01
727,436,SUPP_24,0,0,0,19,1.37,Out of Stock,2025-09-24,2021-11-05,,WH-WEST-01,0.0,,28,
728,437,SUPP_15,295,49,246,17,7.79,In Stock,2025-11-26,2025-08-30,2025-09-12,STORE-005,41099.4,104.0,14,2027-07-17
729,438,SUPP_35,13,4,9,21,6.77,Low Stock,2025-09-10,2024-09-26,2025-02-28,STORE-010,1576.38,300.0,6,
730,439,SUPP_36,126,0,126,6,8.36,In Stock,2025-10-05,2025-09-29,2025-11-16,STORE-020,18010.44,39.0,5,
731,440,SUPP_39,316,43,273,20,9.21,In Stock,2025-11-16,2022-12-24,2025-03-21,STORE-030,42050.12,279.0,8,
732,441,SUPP_48,11,5,6,11,2.55,Low Stock,2025-08-07,2025-05-10,2025-07-11,STORE-030,351.12,167.0,4,
733,442,SUPP_6,10,5,5,0,2.86,Discontinued,2025-07-14,2021-05-05,,WH-EAST-01,642.6,,7,
734,442,SUPP_35,6,3,3,0,4.77,Discontinued,2025-09-19,2021-02-10,2025-10-14,WH-CENTRAL-01,385.56,72.0,39,
735,443,SUPP_31,2,0,2,5,36.97,Low Stock,2025-11-22,2021-04-12,2025-07-28,STORE-002,1434.4,150.0,9,
736,444,SUPP_5,6,1,5,0,1.99,Discontinued,2025-08-04,2024-12-07,2025-06-19,STORE-010,298.14,189.0,8,
737,444,SUPP_42,1,0,1,0,1.79,Discontinued,2025-07-23,2021-09-13,,WH-WEST-02,49.69,,33,
738,445,SUPP_23,7,1,6,27,8.33,Low Stock,2025-09-11,2022-02-21,2025-05-24,STORE-010,5476.87,215.0,10,
739,446,SUPP_42,388,13,375,23,27.43,In Stock,2025-08-02,2020-09-14,2025-05-17,DC-02,171224.4,222.0,31,
740,446,SUPP_12,315,4,311,11,18.52,In Stock,2025-12-07,2024-04-27,2025-03-21,WH-CENTRAL-01,139009.5,279.0,20,
741,447,SUPP_23,213,31,182,11,6.61,In Stock,2025-12-13,2024-01-01,2025-09-27,WH-WEST-01,22471.5,89.0,15,
742,447,SUPP_45,451,45,406,13,4.7,In Stock,2025-07-01,2022-02-11,2025-12-14,STORE-015,47580.5,11.0,2,
743,448,SUPP_29,0,0,0,13,4.74,Out of Stock,2025-08-27,2022-12-05,2025-03-20,STORE-001,0.0,280.0,4,
744,448,SUPP_42,0,0,0,11,2.13,Out of Stock,2025-09-11,2023-04-13,2025-01-12,WH-EAST-01,0.0,347.0,11,
745,449,SUPP_18,134,46,88,13,10.88,In Stock,2025-08-27,2025-02-12,2025-09-28,WH-EAST-01,23555.86,88.0,10,2027-07-06
746,449,SUPP_24,25,9,16,5,9.84,In Stock,2025-12-05,2023-11-18,2025-08-02,WH-WEST-02,4394.75,145.0,41,2027-09-23
747,450,SUPP_27,0,0,0,22,6.67,Out of Stock,2025-07-23,2023-03-17,2025-08-07,WH-EAST-01,0.0,140.0,22,
748,451,SUPP_50,0,0,0,16,2.0,Out of Stock,2025-01-28,2023-11-24,2025-09-23,STORE-001,0.0,93.0,11,
749,451,SUPP_4,0,0,0,9,7.4,Out of Stock,2025-01-05,2022-09-12,2025-06-07,WH-WEST-01,0.0,201.0,32,
750,452,SUPP_24,0,0,0,13,5.59,Out of Stock,2025-09-05,2021-08-31,2025-08-03,WH-WEST-02,0.0,144.0,20,
751,453,SUPP_19,289,42,247,30,15.24,In Stock,2025-09-05,2022-05-10,,STORE-010,78625.34,,13,
752,453,SUPP_42,0,0,0,12,9.54,Out of Stock,2025-05-13,2024-05-29,2025-01-03,STORE-005,0.0,356.0,1,
753,453,SUPP_45,72,20,52,27,5.28,In Stock,2025-09-12,2021-06-11,2025-02-09,STORE-030,19588.32,319.0,13,
754,454,SUPP_3,14,5,9,0,1.19,Discontinued,2025-09-28,2023-02-03,2025-01-19,DC-03,234.08,340.0,19,
755,455,SUPP_9,5,4,1,0,39.8,Discontinued,2025-07-22,2025-03-19,2025-07-06,STORE-010,3703.25,172.0,12,
756,455,SUPP_32,12,1,11,0,41.03,Discontinued,2025-10-30,2024-06-21,2025-02-22,DC-03,8887.8,306.0,44,
757,456,SUPP_16,0,0,0,18,2.02,Out of Stock,2025-10-01,2025-09-10,2025-11-27,WH-WEST-01,0.0,28.0,35,
758,456,SUPP_46,0,0,0,26,4.87,Out of Stock,2025-10-25,2022-04-14,2025-02-14,DC-01,0.0,314.0,39,
759,457,SUPP_42,2,2,0,0,5.6,Discontinued,2025-12-08,2022-02-12,2025-06-12,STORE-030,262.98,196.0,11,
760,457,SUPP_38,18,3,15,0,3.77,Discontinued,2025-12-10,2025-05-30,2025-09-29,WH-EAST-02,2366.82,87.0,31,
761,458,SUPP_17,8,2,6,9,0.52,Low Stock,2025-07-11,2022-04-25,2025-04-07,DC-01,334.16,262.0,25,2026-07-25
762,459,SUPP_43,0,0,0,19,4.69,Out of Stock,2025-05-05,2020-12-18,2025-03-15,STORE-015,0.0,285.0,7,
763,460,SUPP_15,497,34,463,23,7.05,In Stock,2025-09-19,2021-03-04,2025-05-03,WH-WEST-02,48541.99,236.0,27,2027-09-28
764,460,SUPP_33,264,44,220,5,1.38,In Stock,2025-09-21,2025-01-11,2025-03-30,STORE-001,25784.88,270.0,9,2026-07-18
765,461,SUPP_49,147,15,132,13,10.96,In Stock,2025-11-25,2021-02-17,,STORE-005,53021.43,,3,
766,461,SUPP_12,0,0,0,12,17.82,Out of Stock,2025-08-12,2025-07-02,2025-08-01,WH-EAST-02,0.0,146.0,15,
767,461,SUPP_10,467,39,428,11,15.19,In Stock,2025-07-25,2021-09-29,2025-04-20,DC-01,168442.23,249.0,18,
768,462,SUPP_37,6,1,5,0,6.66,Discontinued,2025-12-21,2025-08-11,2025-11-03,DC-03,706.68,52.0,17,
769,462,SUPP_35,10,1,9,0,2.17,Discontinued,2025-12-22,2024-05-26,2025-10-16,STORE-030,1177.8,70.0,3,
770,462,SUPP_18,3,3,0,0,9.08,Discontinued,2025-08-11,2021-09-27,2025-12-14,WH-CENTRAL-01,353.34,11.0,32,
771,463,SUPP_33,148,29,119,27,1.0,In Stock,2025-12-03,2025-10-05,2025-12-03,STORE-025,3679.28,22.0,8,
772,464,SUPP_18,43,21,22,22,1.87,In Stock,2025-07-15,2021-03-17,,WH-EAST-01,3489.45,,34,2027-10-22
773,465,SUPP_48,129,36,93,21,2.82,In Stock,2025-08-21,2020-11-06,2025-09-01,STORE-020,15655.44,115.0,8,
774,465,SUPP_18,0,0,0,28,2.8,Out of Stock,2025-07-12,2022-11-11,2025-12-07,DC-01,0.0,18.0,41,
775,466,SUPP_13,1,1,0,30,47.74,Out of Stock,2025-07-18,2020-07-16,,STORE-002,631.71,,4,
776,467,SUPP_34,0,0,0,12,1.73,Out of Stock,2025-08-27,2022-12-02,,STORE-001,0.0,,10,
777,468,SUPP_50,175,21,154,19,0.79,In Stock,2025-08-04,2022-02-19,2025-08-08,STORE-003,5216.75,139.0,2,
778,469,SUPP_15,499,4,495,18,1.24,In Stock,2025-11-08,2023-11-03,2025-01-21,WH-CENTRAL-01,27030.83,338.0,42,
779,470,SUPP_14,118,45,73,25,7.18,In Stock,2025-09-30,2024-03-23,2025-12-18,STORE-015,29916.54,7.0,5,
780,471,SUPP_18,1,1,0,10,5.49,Out of Stock,2025-11-03,2023-02-22,2025-04-08,WH-CENTRAL-01,140.94,261.0,7,2027-11-15
781,472,SUPP_16,3,3,0,0,1.56,Discontinued,2025-07-09,2024-08-15,2025-02-16,WH-WEST-02,79.14,312.0,28,
782,473,SUPP_2,0,0,0,30,13.47,Out of Stock,2025-09-16,2024-12-10,2025-10-05,WH-EAST-02,0.0,81.0,34,
783,474,SUPP_38,11,0,11,0,1.23,Discontinued,2025-12-24,2021-10-06,2025-04-19,STORE-030,644.27,250.0,1,
784,474,SUPP_46,5,3,2,0,1.37,Discontinued,2025-11-25,2025-10-14,2025-12-02,STORE-010,292.85,23.0,1,
785,475,SUPP_14,450,5,445,8,10.33,In Stock,2025-12-12,2025-08-17,2025-11-11,WH-EAST-02,325696.5,44.0,42,
786,476,SUPP_35,291,30,261,21,8.54,In Stock,2025-10-11,2025-04-05,2025-04-12,WH-WEST-02,143160.36,257.0,44,
787,476,SUPP_11,166,3,163,30,7.62,In Stock,2025-09-15,2021-05-15,2025-08-03,WH-EAST-01,81665.36,144.0,15,
788,476,SUPP_39,366,23,343,16,36.47,In Stock,2025-08-23,2023-01-16,2025-04-25,DC-02,180057.36,244.0,44,
789,477,SUPP_11,109,45,64,28,2.77,In Stock,2025-08-06,2023-11-20,2025-10-16,STORE-002,4295.69,70.0,12,2027-07-10
790,478,SUPP_34,188,19,169,13,10.81,In Stock,2025-10-31,2023-08-19,2025-10-09,STORE-004,31110.24,77.0,5,2027-03-01
791,479,SUPP_39,156,9,147,10,5.89,In Stock,2025-07-20,2021-03-16,2025-11-01,DC-01,12628.2,54.0,25,
792,480,SUPP_3,0,0,0,7,0.95,Out of Stock,2025-09-09,2025-07-24,2025-12-19,WH-WEST-02,0.0,6.0,34,
793,481,SUPP_17,7,0,7,0,2.02,Discontinued,2025-07-20,2025-04-16,2025-09-27,WH-EAST-02,665.07,89.0,9,
794,482,SUPP_18,5,1,4,0,0.94,Discontinued,2025-08-19,2023-12-10,2025-06-26,WH-EAST-01,184.4,182.0,14,
795,482,SUPP_36,3,1,2,0,2.79,Discontinued,2025-11-09,2024-07-01,2025-02-01,STORE-004,110.64,327.0,9,
796,483,SUPP_43,395,15,380,23,23.35,In Stock,2025-12-22,2022-09-04,2025-05-02,WH-WEST-01,150048.65,237.0,44,
797,484,SUPP_32,12,3,9,17,1.14,Low Stock,2025-11-29,2022-04-08,2025-11-03,WH-WEST-02,283.08,52.0,34,
798,484,SUPP_9,115,24,91,8,1.57,In Stock,2025-09-15,2024-10-14,2025-08-28,STORE-004,2712.85,119.0,11,
799,484,SUPP_19,314,5,309,19,1.89,In Stock,2025-07-17,2022-02-21,2025-03-07,STORE-003,7407.26,293.0,6,
800,485,SUPP_20,493,493,0,5,6.36,Out of Stock,2025-10-17,2024-02-09,2025-06-11,WH-CENTRAL-01,93729.16,197.0,22,2025-12-18
