line_item_id,order_ref,product_ref,qty_ordered,unit_cost,unit_selling_price,item_discount,line_total,created_timestamp,profit_margin,tax_amount,product_sku,total_weight_kg,is_gift,return_status,fulfillment_location
1,1,246,5,281.63,709.94,0.0,3549.7,2024-12-15T15:11:51Z,2141.55,418.89,CUI-FURN-00246,90.25,False,None,STORE-025
2,2,47,2,67.14,85.17,0.0,170.34,2018-10-02T12:59:40Z,36.06,12.3,WIL-HOME-00047,65.44,False,None,WH-EAST-02
3,2,241,6,131.88,280.56,252.5,1430.86,2018-10-02T12:59:40Z,639.58,160.97,WEB-LIVI-00241,261.3,False,None,DC-02
4,2,394,2,95.14,238.97,71.69,406.25,2018-10-02T12:59:40Z,215.97,27.88,UND-MENS-00394,0.48,False,None,DC-01
5,2,25,2,758.83,1421.95,0.0,2843.9,2018-10-02T12:59:40Z,1326.24,154.74,DEL-AUDI-00025,3.86,False,None,STORE-015
6,2,118,3,216.2,285.82,85.75,771.71,2018-10-02T12:59:40Z,123.11,68.54,DEL-LAPT-00118,3.75,False,None,WH-WEST-02
7,3,418,7,26.37,67.05,0.0,469.35,2023-09-10T18:03:42Z,284.76,45.02,FUN-DOLL-00418,62.65,False,None,STORE-005
8,3,236,2,474.36,1142.25,0.0,2284.5,2023-09-10T18:03:42Z,1335.78,178.64,WEB-HOME-00236,19.18,False,None,STORE-025
9,4,243,3,186.91,555.05,0.0,1665.15,2024-12-09T18:09:42Z,1104.42,107.34,NIK-ULTR-00243,13.86,False,None,STORE-005
10,4,380,1,577.91,729.31,0.0,729.31,2024-12-09T18:09:42Z,151.4,47.25,DEL-WEAR-00380,0.43,False,None,WH-WEST-02
11,4,268,1,117.08,254.98,0.0,254.98,2024-12-09T18:09:42Z,137.9,23.53,LEN-LAPT-00268,3.42,False,None,STORE-025
12,5,28,1,125.15,298.62,44.79,253.83,2025-12-22T03:08:03Z,128.68,14.83,ADI-CYCL-00028,0.86,False,None,STORE-010
13,5,229,1,683.75,1479.14,0.0,1479.14,2025-12-22T03:08:03Z,795.39,138.64,LEN-AUDI-00229,3.05,False,None,STORE-005
14,5,261,3,106.59,246.89,185.17,555.5,2025-12-22T03:08:03Z,235.73,37.77,HM-DRES-00261,2.07,False,None,DC-02
15,5,265,1,31.58,73.41,0.0,73.41,2025-12-22T03:08:03Z,41.83,7.09,CAL-MENS-00265,1.01,False,None,STORE-010
16,5,26,4,718.38,1113.63,890.9,3563.62,2025-12-22T03:08:03Z,690.1,231.57,CAN-LAPT-00026,12.4,False,None,STORE-004
17,6,276,6,102.07,179.81,215.77,863.09,2025-11-15T19:56:17Z,250.67,49.34,MIC-CAME-00276,4.44,False,None,STORE-025
18,7,281,2,45.34,59.36,23.74,94.98,2024-12-09T01:49:17Z,4.3,10.45,KEL-PANT-00281,1.14,False,None,STORE-005
19,8,44,2,159.69,326.93,0.0,653.86,2025-06-14T14:03:35Z,334.48,56.8,SCO-HOME-00044,99.92,False,None,WH-WEST-02
20,8,143,2,387.05,618.02,0.0,1236.04,2025-06-14T14:03:35Z,461.94,127.08,FIT-GAMI-00143,5.98,False,None,DC-02
21,9,392,2,298.88,598.09,0.0,1196.18,2025-04-25T23:07:26Z,598.42,75.79,SCO-BEDD-00392,68.56,False,None,STORE-002
22,9,424,1,18.69,26.23,3.93,22.3,2025-04-25T23:07:26Z,3.61,2.34,PEN-FICT-00424,0.0,False,None,
23,9,303,1,25.79,67.5,16.88,50.62,2025-04-25T23:07:26Z,24.83,4.29,FIS-DOLL-00303,2.46,False,None,DC-02
24,9,489,1,59.44,150.92,0.0,150.92,2025-04-25T23:07:26Z,91.48,8.02,NIK-AUDI-00489,2.49,False,None,STORE-001
25,9,259,1,79.36,146.12,0.0,146.12,2025-04-25T23:07:26Z,66.76,15.72,NER-BOAR-00259,5.07,False,None,WH-EAST-01
26,10,130,1,284.05,745.47,149.09,596.38,2017-09-26T14:08:46Z,312.33,67.29,LOG-GAMI-00130,3.79,False,None,WH-WEST-01
27,10,280,10,682.09,941.58,1883.16,7532.64,2017-09-26T14:08:46Z,711.74,818.59,NIK-ANDR-00280,21.7,False,None,DC-03
28,10,129,2,497.31,1432.08,0.0,2864.16,2017-09-26T14:08:46Z,1869.54,187.44,POT-KITC-00129,71.72,False,None,WH-CENTRAL-01
29,10,338,7,8.78,21.79,0.0,152.53,2017-09-26T14:08:46Z,91.07,14.52,PEN-NONF-00338,0.0,False,None,
30,11,476,7,491.96,1161.94,0.0,8133.58,2025-05-12T00:12:00Z,4689.86,786.47,WEB-GARD-00476,119.21,False,None,STORE-005
31,12,378,6,34.08,100.56,0.0,603.36,2023-11-14T21:29:49Z,398.88,51.64,CAL-MENS-00378,7.38,False,None,WH-CENTRAL-01
32,12,249,1,94.25,144.56,0.0,144.56,2023-11-14T21:29:49Z,50.31,12.4,WEB-FURN-00249,9.53,False,None,STORE-025
33,12,52,1,36.11,105.12,0.0,105.12,2023-11-14T21:29:49Z,69.01,8.35,KEL-ORGA-00052,7.37,False,None,STORE-015
34,13,165,1,57.59,133.28,0.0,133.28,2025-02-05T21:21:53Z,75.69,14.99,OPT-MEDI-00165,1.58,False,None,WH-WEST-02
35,13,413,3,44.8,60.37,0.0,181.11,2025-02-05T21:21:53Z,46.71,11.16,PEN-NONF-00413,0.0,False,None,
36,14,466,2,631.71,937.33,0.0,1874.66,2025-09-30T02:44:54Z,611.24,128.1,NIK-BUSI-00466,3.92,False,None,STORE-030
37,14,400,3,75.65,94.03,0.0,282.09,2025-09-30T02:44:54Z,55.14,33.74,HOT-BOAR-00400,11.22,False,None,STORE-004
38,15,142,1,77.67,174.48,174.48,0.0,2022-03-23T15:06:43Z,-77.67,15.35,NER-DOLL-00142,1.05,True,None,STORE-005
39,15,389,3,127.98,327.83,0.0,983.49,2022-03-23T15:06:43Z,599.55,87.84,SAM-SPEA-00389,14.82,False,None,WH-WEST-02
40,15,354,1,79.58,156.7,0.0,156.7,2022-03-23T15:06:43Z,77.12,15.84,ZAR-WOME-00354,1.13,False,None,WH-EAST-01
41,16,48,1,427.0,746.22,0.0,746.22,2024-03-28T14:33:36Z,319.22,48.6,JBL-LAPT-00048,0.21,False,None,DC-02
42,16,288,4,15.52,31.48,18.89,107.03,2024-03-28T14:33:36Z,44.95,7.34,PEP-PANT-00288,11.8,False,None,WH-EAST-01
43,16,91,1,27.72,59.47,0.0,59.47,2024-03-28T14:33:36Z,31.75,5.98,GEN-ORGA-00091,7.83,False,None,STORE-015
44,16,293,2,51.28,116.69,0.0,233.38,2024-03-28T14:33:36Z,130.82,16.52,PAT-YOGA-00293,18.48,False,None,DC-02
45,17,305,2,130.64,378.28,113.48,643.08,2022-04-22T19:40:16Z,381.8,66.81,LEV-ACCE-00305,2.76,False,Returned,STORE-030
46,17,41,10,130.87,199.76,0.0,1997.6,2022-04-22T19:40:16Z,688.9,174.81,OLA-MAKE-00041,36.5,False,Exchanged,DC-01
47,18,51,2,80.28,188.65,94.33,282.97,2021-01-23T12:41:13Z,122.41,31.8,ADI-MENS-00051,0.3,False,None,STORE-030
48,18,384,2,18.69,39.95,0.0,79.9,2021-01-23T12:41:13Z,42.52,9.18,NEW-WOME-00384,1.44,False,None,STORE-005
49,18,178,2,631.57,864.62,345.85,1383.39,2021-01-23T12:41:13Z,120.25,132.32,BOS-IPHO-00178,8.36,False,None,STORE-020
50,18,208,6,2.43,4.24,0.0,25.44,2021-01-23T12:41:13Z,10.86,2.83,ORG-ORGA-00208,27.36,False,None,STORE-003
51,18,24,10,7.67,19.59,0.0,195.9,2021-01-23T12:41:13Z,119.2,13.61,UNI-BEVE-00024,41.6,False,None,STORE-020
52,19,332,2,27.8,33.87,0.0,67.74,2021-06-24T21:17:34Z,12.14,4.59,KEL-SNAC-00332,11.62,False,None,STORE-015
53,19,13,1,64.41,119.0,23.8,95.2,2021-06-24T21:17:34Z,30.79,9.66,REI-WATE-00013,3.77,False,None,STORE-005
54,19,299,2,124.19,253.54,126.77,380.31,2021-06-24T21:17:34Z,131.93,31.53,WEA-TOOL-00299,1.6,False,None,WH-EAST-02
55,20,96,2,230.56,623.82,0.0,1247.64,2024-10-29T07:10:52Z,786.52,108.87,POT-BEDD-00096,80.28,False,None,WH-EAST-02
56,20,361,3,99.74,203.75,91.69,519.56,2024-10-29T07:10:52Z,220.34,42.21,APP-BUSI-00361,7.38,False,None,STORE-010
57,20,392,1,298.88,598.09,0.0,598.09,2024-10-29T07:10:52Z,299.21,60.35,SCO-BEDD-00392,34.28,False,None,WH-CENTRAL-01
58,21,293,1,51.28,116.69,0.0,116.69,2019-04-18T15:31:56Z,65.41,12.81,PAT-YOGA-00293,9.24,False,None,DC-03
59,21,284,2,123.0,304.44,0.0,608.88,2019-04-18T15:31:56Z,362.88,31.85,SCO-BEDD-00284,14.56,False,None,WH-EAST-02
60,21,500,5,39.44,48.8,0.0,244.0,2019-04-18T15:31:56Z,46.8,13.76,PUM-DRES-00500,9.4,False,None,STORE-030
61,22,248,2,93.65,165.29,0.0,330.58,2024-12-08T08:50:29Z,143.28,20.51,HM-MENS-00248,3.34,False,None,STORE-015
62,22,84,1,420.1,1161.5,0.0,1161.5,2024-12-08T08:50:29Z,741.4,133.59,CUI-KITC-00084,1.84,False,None,STORE-015
63,22,423,2,52.26,127.71,0.0,255.42,2024-12-08T08:50:29Z,150.9,15.64,HAS-DOLL-00423,9.0,False,None,DC-02
64,23,480,1,23.56,53.57,8.04,45.53,2025-07-12T01:59:48Z,21.97,2.32,HM-WOME-00480,0.57,False,None,WH-EAST-02
65,24,307,1,76.99,126.97,12.7,114.27,2024-12-19T17:22:54Z,37.28,10.35,NEW-MENS-00307,1.22,False,None,STORE-005
66,24,217,3,458.71,1017.69,0.0,3053.07,2024-12-19T17:22:54Z,1676.94,157.27,ASU-BUSI-00217,5.49,False,None,STORE-025
67,25,418,3,26.37,67.05,0.0,201.15,2022-02-18T08:48:29Z,122.04,11.78,FUN-DOLL-00418,26.85,False,None,WH-EAST-01
68,26,297,2,76.75,173.45,0.0,346.9,2024-08-03T21:13:27Z,193.4,34.05,MAY-FRAG-00297,11.48,False,None,STORE-010
69,26,9,1,224.77,564.82,0.0,564.82,2024-08-03T21:13:27Z,340.05,53.77,DYS-OFFI-00009,16.99,False,None,DC-03
70,26,410,3,102.93,143.2,107.4,322.2,2024-08-03T21:13:27Z,13.41,34.02,OLA-HAIR-00410,17.04,False,None,WH-CENTRAL-01
71,27,104,2,25.24,32.71,0.0,65.42,2023-03-01T20:31:29Z,14.94,6.07,FUN-BUIL-00104,16.2,False,None,STORE-025
72,27,301,1,17.6,27.18,0.0,27.18,2023-03-01T20:31:29Z,9.58,2.71,NES-BEVE-00301,0.71,False,None,DC-01
73,27,402,5,93.99,224.2,0.0,1121.0,2023-03-01T20:31:29Z,651.05,63.34,CRA-FURN-00402,164.35,False,None,STORE-015
74,28,88,1,144.2,299.08,59.82,239.26,2023-08-21T12:22:03Z,95.06,21.0,GAP-KIDS-00088,1.69,False,None,WH-EAST-02
75,29,149,2,35.21,78.07,39.03,117.11,2019-12-01T06:43:44Z,46.69,12.84,ORG-ORGA-00149,13.92,False,None,STORE-020
76,30,104,3,25.24,32.71,9.81,88.32,2025-12-05T06:28:11Z,12.6,5.8,FUN-BUIL-00104,24.3,False,Returned,DC-03
77,30,257,2,101.9,298.33,0.0,596.66,2025-12-05T06:28:11Z,392.86,50.71,OLA-SKIN-00257,16.96,False,Returned,STORE-001
78,30,76,3,440.08,803.23,0.0,2409.69,2025-12-05T06:28:11Z,1089.45,200.87,CRA-HOME-00076,134.19,False,Returned,WH-CENTRAL-01
79,30,45,2,77.28,217.29,0.0,434.58,2025-12-05T06:28:11Z,280.02,46.76,BAR-EDUC-00045,7.22,False,Returned,STORE-025
80,30,265,2,31.58,73.41,0.0,146.82,2025-12-05T06:28:11Z,83.66,11.25,CAL-MENS-00265,2.02,False,Exchanged,WH-CENTRAL-01
81,31,415,1,94.65,158.1,0.0,158.1,2021-08-31T07:09:52Z,63.45,18.28,PUM-MENS-00415,1.55,False,None,DC-02
82,31,257,2,101.9,298.33,59.67,536.99,2021-08-31T07:09:52Z,333.19,33.67,OLA-SKIN-00257,16.96,False,None,WH-EAST-02
83,31,139,2,68.83,133.83,0.0,267.66,2021-08-31T07:09:52Z,130.0,28.41,WEB-BEDD-00139,47.54,False,None,STORE-010
84,31,332,1,27.8,33.87,0.0,33.87,2021-08-31T07:09:52Z,6.07,3.41,KEL-SNAC-00332,5.81,False,None,STORE-025
85,32,41,2,130.87,199.76,39.95,359.57,2025-07-05T18:24:53Z,97.83,21.98,OLA-MAKE-00041,7.3,False,None,WH-CENTRAL-01
86,33,51,2,80.28,188.65,37.73,339.57,2023-09-06T14:41:57Z,179.01,21.11,ADI-MENS-00051,0.3,False,None,STORE-025
87,33,277,1,14.2,39.31,0.0,39.31,2023-09-06T14:41:57Z,25.11,2.18,UNI-PANT-00277,6.63,False,None,STORE-015
88,34,52,2,36.11,105.12,0.0,210.24,2024-08-21T09:22:26Z,138.02,13.11,KEL-ORGA-00052,14.74,False,None,WH-WEST-02
89,35,363,1,15.13,15.2,0.0,15.2,2025-09-05T19:03:52Z,0.07,1.51,NEW-WOME-00363,1.37,False,None,WH-WEST-02
90,35,211,1,29.35,85.31,0.0,85.31,2025-09-05T19:03:52Z,55.96,6.4,UND-MENS-00211,1.08,False,None,STORE-015
91,35,6,1,52.82,119.78,0.0,119.78,2025-09-05T19:03:52Z,66.96,6.78,THE-CARD-00006,8.51,False,None,STORE-010
92,36,72,1,205.44,462.01,0.0,462.01,2023-03-25T16:35:55Z,256.57,24.97,CUI-OFFI-00072,41.81,False,None,STORE-004
93,37,220,3,97.49,269.37,0.0,808.11,2021-08-21T03:10:34Z,515.64,66.96,HM-MENS-00220,4.83,False,None,STORE-005
94,37,300,1,192.61,281.9,0.0,281.9,2021-08-21T03:10:34Z,89.29,20.16,ASU-GAMI-00300,4.52,False,None,WH-CENTRAL-01
95,38,321,2,47.71,74.05,0.0,148.1,2024-12-28T08:21:45Z,52.68,16.95,KRA-PANT-00321,10.58,False,None,DC-03
96,39,477,4,39.41,75.86,0.0,303.44,2023-06-29T13:56:29Z,145.8,30.13,NES-ORGA-00477,26.12,False,None,STORE-010
97,39,243,4,186.91,555.05,0.0,2220.2,2023-06-29T13:56:29Z,1472.56,208.39,NIK-ULTR-00243,18.48,False,None,DC-01
98,39,439,1,142.94,248.98,0.0,248.98,2023-06-29T13:56:29Z,106.04,25.82,ADI-FOOT-00439,0.46,False,None,DC-02
99,39,395,1,284.81,355.98,0.0,355.98,2023-06-29T13:56:29Z,71.17,20.84,MIC-CARA-00395,4.19,False,None,DC-01
100,40,109,5,46.71,134.59,0.0,672.95,2025-01-30T12:37:44Z,439.4,57.81,PEN-FICT-00109,0.0,False,None,
101,40,392,1,298.88,598.09,598.09,0.0,2025-01-30T12:37:44Z,-298.88,34.62,SCO-BEDD-00392,34.28,True,None,WH-WEST-01
102,41,461,8,360.69,711.37,0.0,5690.96,2025-05-27T19:37:51Z,2805.44,470.39,IRO-FURN-00461,197.52,False,None,WH-EAST-02
103,41,82,4,410.61,931.55,372.62,3353.58,2025-05-27T19:37:51Z,1711.14,200.94,LEN-SPEA-00082,15.76,False,None,STORE-020
104,41,429,1,20.81,18.9,2.83,16.07,2025-05-27T19:37:51Z,-4.74,0.87,GNC-VITA-00429,1.19,False,None,DC-03
105,42,107,3,35.23,84.07,0.0,252.21,2024-12-08T10:58:29Z,146.52,21.12,NES-BEVE-00107,27.3,False,None,STORE-005
106,42,433,1,78.78,210.06,84.02,126.04,2024-12-08T10:58:29Z,47.26,13.74,RAN-FICT-00433,0.0,False,None,
107,43,318,2,294.09,568.37,0.0,1136.74,2024-03-29T06:12:11Z,548.56,73.17,WEB-OFFI-00318,64.32,False,None,STORE-025
108,43,254,3,144.87,395.44,0.0,1186.32,2024-03-29T06:12:11Z,751.71,69.52,HM-WOME-00254,2.22,False,None,STORE-020
109,44,251,1,137.06,393.53,0.0,393.53,2025-11-05T01:48:09Z,256.47,22.08,COL-CYCL-00251,3.76,False,None,DC-02
110,44,244,2,313.72,738.47,0.0,1476.94,2025-11-05T01:48:09Z,849.5,176.16,SON-ULTR-00244,6.32,False,Return Requested,WH-EAST-02
111,44,10,2,441.06,1211.32,0.0,2422.64,2025-11-05T01:48:09Z,1540.52,209.31,LG-HEAD-00010,3.54,False,None,STORE-010
112,45,251,2,137.06,393.53,0.0,787.06,2022-08-01T04:39:20Z,512.94,93.17,COL-CYCL-00251,7.52,False,None,STORE-030
113,45,393,2,93.66,254.29,0.0,508.58,2022-08-01T04:39:20Z,321.26,46.37,PAT-EXER-00393,17.24,False,None,WH-EAST-02
114,46,440,1,133.07,216.11,21.61,194.5,2025-01-30T19:10:38Z,61.43,14.68,CUI-FURN-00440,35.82,False,None,STORE-015
115,46,389,1,127.98,327.83,0.0,327.83,2025-01-30T19:10:38Z,199.85,24.58,SAM-SPEA-00389,4.94,False,None,STORE-030
116,46,353,10,86.88,172.46,689.84,1034.76,2025-01-30T19:10:38Z,165.96,61.4,EST-HAIR-00353,91.2,False,None,STORE-001
117,46,30,1,190.01,386.41,0.0,386.41,2025-01-30T19:10:38Z,196.4,24.55,CRA-TOOL-00030,6.94,False,None,STORE-025
118,46,449,3,175.79,274.42,0.0,823.26,2025-01-30T19:10:38Z,295.89,55.18,OPT-FITN-00449,4.14,False,None,WH-WEST-01
119,47,198,2,136.0,275.96,0.0,551.92,2023-10-29T08:28:49Z,279.92,36.02,SCH-WATE-00198,15.84,False,None,STORE-001
120,47,29,1,97.79,129.61,0.0,129.61,2023-10-29T08:28:49Z,31.82,11.19,DYS-OFFI-00029,17.19,False,None,STORE-030
121,48,78,1,48.44,88.98,0.0,88.98,2022-12-04T00:04:49Z,40.54,8.46,HAR-MOVI-00078,0.0,False,None,
122,48,105,1,16.05,24.47,0.0,24.47,2022-12-04T00:04:49Z,8.42,2.92,UND-MENS-00105,0.95,False,None,STORE-003
123,48,323,1,96.32,283.09,0.0,283.09,2022-12-04T00:04:49Z,186.77,30.78,PAT-TEAM-00323,4.76,False,None,STORE-003
124,48,211,4,29.35,85.31,0.0,341.24,2022-12-04T00:04:49Z,223.84,25.01,UND-MENS-00211,4.32,False,None,WH-EAST-02
125,48,261,3,106.59,246.89,0.0,740.67,2022-12-04T00:04:49Z,420.9,82.28,HM-DRES-00261,2.07,False,None,STORE-002
126,49,4,1,115.01,147.53,0.0,147.53,2020-09-24T05:41:13Z,32.52,17.61,YET-YOGA-00004,8.87,False,None,STORE-004
127,49,282,2,7.34,13.98,5.59,22.37,2020-09-24T05:41:13Z,7.69,2.6,COC-ORGA-00282,7.82,False,None,DC-01
128,50,443,1,717.2,1258.34,0.0,1258.34,2022-07-06T09:10:46Z,541.14,76.52,FIT-WEAR-00443,0.85,False,None,STORE-015
129,51,75,2,120.46,254.98,203.98,305.98,2022-07-14T00:39:04Z,65.06,15.96,ADI-TOPS-00075,0.2,False,Return Pending,STORE-003
130,51,191,2,466.48,727.94,0.0,1455.88,2022-07-14T00:39:04Z,522.92,80.12,CUI-BEDD-00191,63.22,False,Return Pending,WH-EAST-01
131,52,411,1,29.08,84.88,0.0,84.88,2023-04-18T07:00:23Z,55.8,8.36,NIK-YOGA-00411,7.33,False,None,DC-03
132,53,272,2,79.18,133.08,0.0,266.16,2024-10-05T08:48:26Z,107.8,19.16,MAT-BUIL-00272,9.96,False,None,DC-02
133,53,321,2,47.71,74.05,0.0,148.1,2024-10-05T08:48:26Z,52.68,11.17,KRA-PANT-00321,10.58,False,None,WH-WEST-01
134,53,395,2,284.81,355.98,0.0,711.96,2024-10-05T08:48:26Z,142.34,73.49,MIC-CARA-00395,8.38,False,None,WH-EAST-01
135,53,53,2,436.88,972.57,0.0,1945.14,2024-10-05T08:48:26Z,1071.38,214.99,WIL-KITC-00053,84.6,False,None,STORE-002
136,54,390,1,33.93,98.86,0.0,98.86,2025-12-05T23:57:59Z,64.93,10.21,SCH-EXER-00390,3.57,False,None,WH-WEST-01
137,54,103,2,204.48,408.53,0.0,817.06,2025-12-05T23:57:59Z,408.1,40.97,JBL-BUSI-00103,0.86,False,None,STORE-030
138,54,460,5,97.67,265.23,198.92,1127.23,2025-12-05T23:57:59Z,638.88,104.79,OPT-MEDI-00460,48.05,False,None,STORE-003
139,55,41,5,130.87,199.76,0.0,998.8,2019-06-30T05:34:07Z,344.45,58.27,OLA-MAKE-00041,18.25,False,None,STORE-001
140,55,223,1,132.72,282.68,0.0,282.68,2019-06-30T05:34:07Z,149.96,31.4,CRA-TOOL-00223,5.1,False,None,WH-WEST-01
141,56,399,1,471.55,537.25,0.0,537.25,2024-10-04T22:44:56Z,65.7,50.95,APP-AUDI-00399,2.06,False,None,DC-03
142,56,252,1,135.58,323.84,80.96,242.88,2024-10-04T22:44:56Z,107.3,19.5,CLI-SKIN-00252,4.01,False,None,WH-EAST-01
143,57,428,2,168.62,379.16,113.75,644.57,2024-08-13T03:08:47Z,307.33,75.33,UND-WATE-00428,5.2,False,None,DC-01
144,57,311,1,73.59,104.55,0.0,104.55,2024-08-13T03:08:47Z,30.96,11.54,IRO-OFFI-00311,29.67,False,None,STORE-015
145,57,226,2,342.18,621.86,0.0,1243.72,2024-08-13T03:08:47Z,559.36,139.3,BOS-LAPT-00226,8.1,False,None,STORE-005
146,57,225,4,8.51,11.07,17.71,26.57,2024-08-13T03:08:47Z,-7.47,2.28,COC-SNAC-00225,9.08,False,None,WH-WEST-01
147,58,99,5,441.95,932.42,0.0,4662.1,2018-11-21T07:42:43Z,2452.35,324.31,WEB-LIVI-00099,103.0,False,None,DC-02
148,59,156,2,11.28,19.08,5.72,32.44,2025-08-07T00:49:29Z,9.88,3.12,SON-MUSI-00156,0.0,False,None,
149,59,45,2,77.28,217.29,0.0,434.58,2025-08-07T00:49:29Z,280.02,34.89,BAR-EDUC-00045,7.22,False,None,STORE-030
150,59,58,5,48.85,68.4,0.0,342.0,2025-08-07T00:49:29Z,97.75,25.71,THU-CARP-00058,30.9,False,None,STORE-030
151,59,157,6,130.36,278.27,0.0,1669.62,2025-08-07T00:49:29Z,887.46,85.36,ADI-EXER-00157,5.94,False,None,WH-CENTRAL-01
152,59,40,1,10.26,28.74,2.87,25.87,2025-08-07T00:49:29Z,15.61,2.86,ORG-PANT-00040,9.35,False,None,DC-03
153,60,161,1,656.26,828.82,331.53,497.29,2025-07-20T10:34:18Z,-158.97,53.75,DEL-BUSI-00161,3.35,False,None,WH-WEST-02
154,60,210,1,155.27,177.18,0.0,177.18,2025-07-20T10:34:18Z,21.91,13.56,POT-KITC-00210,15.94,False,None,STORE-030
155,60,225,1,8.51,11.07,1.66,9.41,2025-07-20T10:34:18Z,0.9,0.69,COC-SNAC-00225,2.27,False,None,WH-EAST-02
156,60,9,3,224.77,564.82,254.17,1440.29,2025-07-20T10:34:18Z,765.98,134.26,DYS-OFFI-00009,50.97,False,None,DC-03
157,60,478,2,165.48,215.05,0.0,430.1,2025-07-20T10:34:18Z,99.14,31.94,BRA-FITN-00478,9.54,False,None,DC-01
158,61,385,7,178.54,485.58,509.86,2889.2,2024-10-06T23:00:36Z,1639.42,297.68,GOO-CARP-00385,33.74,False,None,WH-CENTRAL-01
159,61,407,1,90.49,261.02,26.1,234.92,2024-10-06T23:00:36Z,144.43,21.49,IKE-GARD-00407,26.78,False,None,STORE-002
160,62,196,2,173.9,232.03,0.0,464.06,2023-01-15T14:55:27Z,116.26,27.88,HP-CAME-00196,2.02,False,None,WH-CENTRAL-01
161,63,424,3,18.69,26.23,0.0,78.69,2023-06-27T11:42:42Z,22.62,9.12,PEN-FICT-00424,0.0,False,None,
162,63,143,2,387.05,618.02,0.0,1236.04,2023-06-27T11:42:42Z,461.94,110.84,FIT-GAMI-00143,5.98,False,None,STORE-003
163,64,307,2,76.99,126.97,38.09,215.85,2025-03-30T04:26:52Z,61.87,19.8,NEW-MENS-00307,2.44,False,None,STORE-010
164,64,64,3,11.1,25.71,11.57,65.56,2025-03-30T04:26:52Z,32.26,5.99,GAP-MENS-00064,3.78,False,None,STORE-020
165,65,283,1,436.26,1198.51,0.0,1198.51,2025-07-10T21:21:18Z,762.25,67.47,SCO-KITC-00283,28.1,False,None,DC-01
166,65,237,3,125.41,204.25,91.91,520.84,2025-07-10T21:21:18Z,144.61,34.24,TOM-MENS-00237,2.19,False,None,WH-WEST-01
167,65,349,1,295.91,635.35,127.07,508.28,2025-07-10T21:21:18Z,212.37,33.27,MIC-SMAR-00349,0.53,False,None,STORE-010
168,65,295,2,127.17,238.26,0.0,476.52,2025-07-10T21:21:18Z,222.18,39.87,GNC-FITN-00295,17.14,False,None,DC-02
169,66,278,3,37.17,71.92,0.0,215.76,2025-08-07T04:09:24Z,104.25,15.68,LEG-BUIL-00278,2.94,False,None,STORE-020
170,66,299,4,124.19,253.54,253.54,760.62,2025-08-07T04:09:24Z,263.86,50.27,WEA-TOOL-00299,3.2,False,None,DC-03
171,66,440,8,133.07,216.11,432.22,1296.66,2025-08-07T04:09:24Z,232.1,96.51,CUI-FURN-00440,286.56,False,None,WH-EAST-01
172,66,155,3,782.09,2193.18,0.0,6579.54,2025-08-07T04:09:24Z,4233.27,635.34,NIK-GAMI-00155,5.43,False,None,STORE-020
173,67,233,3,33.17,45.4,0.0,136.2,2021-06-25T05:54:05Z,36.69,11.9,NES-ORGA-00233,21.87,False,None,DC-02
174,67,436,1,30.88,80.51,0.0,80.51,2021-06-25T05:54:05Z,49.63,4.06,UNI-NONF-00436,0.0,False,None,
175,67,318,5,294.09,568.37,0.0,2841.85,2021-06-25T05:54:05Z,1371.4,232.2,WEB-OFFI-00318,160.8,False,None,STORE-025
176,68,343,7,51.19,105.52,0.0,738.64,2025-04-28T22:43:48Z,380.31,46.79,RAN-FICT-00343,0.0,False,None,
177,68,338,1,8.78,21.79,2.18,19.61,2025-04-28T22:43:48Z,10.83,2.06,PEN-NONF-00338,0.0,False,None,
178,68,220,5,97.49,269.37,538.74,808.11,2025-04-28T22:43:48Z,320.66,89.64,HM-MENS-00220,8.05,False,None,STORE-005
179,68,203,2,37.47,94.19,47.09,141.29,2025-04-28T22:43:48Z,66.35,13.62,MAY-SKIN-00203,16.38,False,None,WH-WEST-02
180,68,392,1,298.88,598.09,0.0,598.09,2025-04-28T22:43:48Z,299.21,45.37,SCO-BEDD-00392,34.28,False,None,STORE-025
181,69,127,3,61.06,104.13,0.0,312.39,2023-12-29T10:26:14Z,129.21,32.53,BAR-BUIL-00127,17.37,False,None,DC-03
182,70,318,2,294.09,568.37,1136.74,0.0,2025-04-30T19:52:47Z,-588.18,53.4,WEB-OFFI-00318,64.32,True,None,STORE-030
183,70,155,3,782.09,2193.18,0.0,6579.54,2025-04-30T19:52:47Z,4233.27,479.66,NIK-GAMI-00155,5.43,False,None,WH-EAST-02
184,71,131,2,6.99,15.41,0.0,30.82,2023-10-23T21:12:39Z,16.84,1.58,SON-MUSI-00131,0.0,False,None,
185,72,251,1,137.06,393.53,157.41,236.12,2025-02-03T01:46:13Z,99.06,13.25,COL-CYCL-00251,3.76,False,None,STORE-005
186,72,464,6,81.15,118.76,0.0,712.56,2025-02-03T01:46:13Z,225.66,48.22,NYX-HAIR-00464,20.22,False,None,WH-EAST-01
187,72,188,1,502.39,960.8,0.0,960.8,2025-02-03T01:46:13Z,458.41,49.72,APP-HEAD-00188,0.59,False,None,DC-01
188,72,12,1,149.7,168.0,168.0,0.0,2025-02-03T01:46:13Z,-149.7,10.56,UND-MENS-00012,0.25,True,None,STORE-025
189,72,340,4,487.05,1050.39,0.0,4201.56,2025-02-03T01:46:13Z,2253.36,456.5,SCO-FURN-00340,17.16,False,Return Pending,STORE-010
190,72,227,7,68.37,152.3,0.0,1066.1,2025-02-03T01:46:13Z,587.51,58.42,LG-SPEA-00227,20.37,False,None,DC-03
191,73,420,2,195.62,348.82,0.0,697.64,2020-10-15T00:16:44Z,306.4,52.89,APP-BUSI-00420,9.7,False,None,STORE-005
192,73,338,4,8.78,21.79,0.0,87.16,2020-10-15T00:16:44Z,52.04,8.19,PEN-NONF-00338,0.0,False,None,
193,74,142,2,77.67,174.48,69.79,279.17,2021-01-14T20:12:16Z,123.83,22.73,NER-DOLL-00142,2.1,False,None,STORE-005
194,74,161,7,656.26,828.82,0.0,5801.74,2021-01-14T20:12:16Z,1207.92,354.69,DEL-BUSI-00161,23.45,False,None,STORE-004
195,74,188,1,502.39,960.8,0.0,960.8,2021-01-14T20:12:16Z,458.41,108.72,APP-HEAD-00188,0.59,False,None,DC-03
196,74,141,2,487.93,632.42,0.0,1264.84,2021-01-14T20:12:16Z,288.98,130.2,JBL-ANDR-00141,2.56,False,None,DC-02
197,75,175,2,586.38,1318.08,0.0,2636.16,2021-01-26T02:14:02Z,1463.4,180.67,NIK-ULTR-00175,3.22,False,None,STORE-025
198,75,212,4,31.86,57.67,0.0,230.68,2021-01-26T02:14:02Z,103.24,12.19,TOM-WOME-00212,2.84,False,None,DC-03
199,76,229,1,683.75,1479.14,0.0,1479.14,2018-06-13T16:16:51Z,795.39,139.51,LEN-AUDI-00229,3.05,False,None,STORE-003
200,76,52,1,36.11,105.12,0.0,105.12,2018-06-13T16:16:51Z,69.01,5.67,KEL-ORGA-00052,7.37,False,None,STORE-001
201,76,91,5,27.72,59.47,44.6,252.75,2018-06-13T16:16:51Z,114.15,16.39,GEN-ORGA-00091,39.15,False,None,STORE-003
202,77,182,1,261.04,488.84,0.0,488.84,2025-11-21T19:58:09Z,227.8,28.49,WIL-OFFI-00182,22.41,False,None,DC-03
203,78,327,1,65.09,160.21,0.0,160.21,2025-01-27T08:00:23Z,95.12,9.09,PAT-TEAM-00327,5.43,False,None,STORE-001
204,78,306,3,79.49,83.51,0.0,250.53,2025-01-27T08:00:23Z,12.06,27.52,HP-ULTR-00306,13.11,False,None,STORE-001
205,78,34,3,352.17,946.98,0.0,2840.94,2025-01-27T08:00:23Z,1784.43,194.6,WEB-LIVI-00034,14.76,False,None,STORE-025
206,79,227,1,68.37,152.3,0.0,152.3,2022-08-03T13:11:16Z,83.93,9.87,LG-SPEA-00227,2.91,False,None,WH-WEST-02
207,79,385,1,178.54,485.58,0.0,485.58,2022-08-03T13:11:16Z,307.04,41.71,GOO-CARP-00385,4.82,False,None,WH-EAST-01
208,80,414,1,276.58,340.19,85.05,255.14,2025-04-19T08:43:05Z,-21.44,19.96,MIC-SPEA-00414,0.79,False,None,WH-EAST-02
209,80,191,1,466.48,727.94,109.19,618.75,2025-04-19T08:43:05Z,152.27,70.15,CUI-BEDD-00191,31.61,False,None,WH-CENTRAL-01
210,80,493,4,137.66,369.54,0.0,1478.16,2025-04-19T08:43:05Z,927.52,79.59,HP-IPHO-00493,12.96,False,None,STORE-030
211,81,130,2,284.05,745.47,0.0,1490.94,2021-05-09T13:27:29Z,922.84,126.59,LOG-GAMI-00130,7.58,False,None,STORE-020
212,81,243,2,186.91,555.05,0.0,1110.1,2021-05-09T13:27:29Z,736.28,59.34,NIK-ULTR-00243,9.24,False,None,STORE-004
213,81,261,2,106.59,246.89,0.0,493.78,2021-05-09T13:27:29Z,280.6,33.03,HM-DRES-00261,1.38,False,None,STORE-020
214,82,189,1,169.6,342.29,68.46,273.83,2025-10-07T13:56:14Z,104.23,32.71,SCH-OUTD-00189,6.11,False,None,WH-WEST-02
215,83,146,1,317.09,367.33,0.0,367.33,2024-09-27T22:15:45Z,50.24,43.56,GAR-GAMI-00146,0.4,False,None,DC-01
216,83,161,1,656.26,828.82,0.0,828.82,2024-09-27T22:15:45Z,172.56,55.5,DEL-BUSI-00161,3.35,False,None,WH-EAST-01
217,83,129,2,497.31,1432.08,0.0,2864.16,2024-09-27T22:15:45Z,1869.54,317.12,POT-KITC-00129,71.72,False,None,STORE-004
218,83,413,1,44.8,60.37,15.09,45.28,2024-09-27T22:15:45Z,0.48,4.74,PEN-NONF-00413,0.0,False,None,
219,84,104,1,25.24,32.71,4.91,27.8,2016-10-30T00:44:18Z,2.56,1.75,FUN-BUIL-00104,8.1,False,None,STORE-020
220,85,342,1,46.69,64.55,9.68,54.87,2025-10-30T11:51:32Z,8.18,5.79,PAN-HAIR-00342,8.89,False,None,STORE-005
221,85,5,3,786.16,893.87,0.0,2681.61,2025-10-30T11:51:32Z,323.13,311.42,SON-SPEA-00005,11.91,False,None,DC-03
222,86,338,2,8.78,21.79,0.0,43.58,2024-12-12T20:30:35Z,26.02,3.79,PEN-NONF-00338,0.0,False,None,
223,86,200,2,452.61,899.94,0.0,1799.88,2024-12-12T20:30:35Z,894.66,124.35,IKE-LIVI-00200,86.1,False,None,WH-WEST-01
224,86,445,1,782.41,1310.25,0.0,1310.25,2024-12-12T20:30:35Z,527.84,103.82,DEL-GAMI-00445,4.7,False,None,STORE-005
225,87,225,2,8.51,11.07,0.0,22.14,2021-08-23T11:10:20Z,5.12,1.78,COC-SNAC-00225,4.54,False,None,DC-02
226,87,479,3,80.95,196.45,147.34,442.01,2021-08-23T11:10:20Z,199.16,30.64,UND-EXER-00479,20.85,False,None,STORE-003
227,87,492,3,60.3,136.92,41.08,369.68,2021-08-23T11:10:20Z,188.78,20.54,HAC-FICT-00492,0.0,False,None,
228,87,40,1,10.26,28.74,0.0,28.74,2021-08-23T11:10:20Z,18.48,1.57,ORG-PANT-00040,9.35,False,None,STORE-001
229,88,257,1,101.9,298.33,0.0,298.33,2018-10-16T03:20:57Z,196.43,31.22,OLA-SKIN-00257,8.48,False,None,DC-01
230,88,75,2,120.46,254.98,0.0,509.96,2018-10-16T03:20:57Z,269.04,52.22,ADI-TOPS-00075,0.2,False,None,WH-EAST-02
231,89,29,4,97.79,129.61,0.0,518.44,2025-02-26T10:20:03Z,127.28,49.95,DYS-OFFI-00029,68.76,False,None,STORE-030
232,89,59,1,137.58,234.15,93.66,140.49,2025-02-26T10:20:03Z,2.91,12.28,LEV-FOOT-00059,0.79,False,None,STORE-001
233,90,411,5,29.08,84.88,0.0,424.4,2018-09-29T02:25:12Z,279.0,28.26,NIK-YOGA-00411,36.65,False,None,STORE-025
234,91,100,1,89.71,212.59,85.04,127.55,2025-12-11T09:48:45Z,37.84,6.64,FIT-ANDR-00100,4.44,False,None,WH-WEST-01
235,92,300,3,192.61,281.9,169.14,676.56,2017-08-18T10:27:55Z,98.73,70.98,ASU-GAMI-00300,13.56,False,None,STORE-010
236,92,330,1,77.08,117.61,17.64,99.97,2017-08-18T10:27:55Z,22.89,8.91,GAP-DRES-00330,1.5,False,None,DC-02
237,92,449,2,175.79,274.42,0.0,548.84,2017-08-18T10:27:55Z,197.26,34.92,OPT-FITN-00449,2.76,False,None,STORE-001
238,92,483,7,379.87,1017.36,1780.38,5341.14,2017-08-18T10:27:55Z,2682.05,385.43,LEN-LAPT-00483,4.41,False,None,DC-01
239,92,349,2,295.91,635.35,190.6,1080.1,2017-08-18T10:27:55Z,488.28,110.35,MIC-SMAR-00349,1.06,False,None,STORE-005
240,93,93,1,662.55,719.26,0.0,719.26,2024-07-18T18:30:28Z,56.71,36.33,FIT-SPEA-00093,4.76,False,None,STORE-020
241,93,233,2,33.17,45.4,9.08,81.72,2024-07-18T18:30:28Z,15.38,8.83,NES-ORGA-00233,14.58,False,None,STORE-003
242,93,39,3,22.65,59.03,0.0,177.09,2024-07-18T18:30:28Z,109.14,13.97,MAT-BOAR-00039,15.78,False,None,STORE-015
243,94,41,1,130.87,199.76,29.96,169.8,2022-12-30T17:25:23Z,38.93,17.15,OLA-MAKE-00041,3.65,False,None,WH-WEST-01
244,94,2,1,325.9,934.87,373.95,560.92,2022-12-30T17:25:23Z,235.02,50.99,CRA-LIVI-00002,35.75,False,None,STORE-005
245,95,44,2,159.69,326.93,163.47,490.39,2021-12-03T21:36:09Z,171.01,35.93,SCO-HOME-00044,99.92,False,None,STORE-020
246,95,361,2,99.74,203.75,61.12,346.38,2021-12-03T21:36:09Z,146.9,21.31,APP-BUSI-00361,4.92,False,None,STORE-010
247,95,23,1,143.69,152.89,0.0,152.89,2021-12-03T21:36:09Z,9.2,15.95,KIT-FURN-00023,25.5,False,None,DC-03
248,95,416,2,120.04,287.28,0.0,574.56,2021-12-03T21:36:09Z,334.48,64.45,DYS-OFFI-00416,17.6,False,None,STORE-010
249,95,39,1,22.65,59.03,0.0,59.03,2021-12-03T21:36:09Z,36.38,3.25,MAT-BOAR-00039,5.26,False,None,WH-EAST-02
250,96,180,2,10.45,26.12,0.0,52.24,2021-11-25T03:22:42Z,31.34,5.19,FUN-BUIL-00180,17.56,False,None,STORE-002
251,96,207,2,38.12,46.8,0.0,93.6,2021-11-25T03:22:42Z,17.36,5.7,NES-ORGA-00207,14.08,False,None,DC-02
252,97,90,4,54.02,64.18,256.72,0.0,2021-05-23T02:26:56Z,-216.08,17.74,LEV-TOPS-00090,4.6,True,None,WH-CENTRAL-01
253,97,277,1,14.2,39.31,0.0,39.31,2021-05-23T02:26:56Z,25.11,3.19,UNI-PANT-00277,6.63,False,None,WH-WEST-02
254,98,153,3,151.53,432.84,0.0,1298.52,2022-02-18T23:48:17Z,843.93,124.29,OPT-VITA-00153,14.7,False,None,WH-EAST-01
255,98,45,1,77.28,217.29,217.29,0.0,2022-02-18T23:48:17Z,-77.28,13.11,BAR-EDUC-00045,3.61,True,None,STORE-002
256,98,28,1,125.15,298.62,0.0,298.62,2022-02-18T23:48:17Z,173.47,17.11,ADI-CYCL-00028,0.86,False,None,STORE-015
257,98,306,2,79.49,83.51,0.0,167.02,2022-02-18T23:48:17Z,8.04,18.97,HP-ULTR-00306,8.74,False,None,STORE-015
258,99,281,1,45.34,59.36,0.0,59.36,2025-11-19T16:48:55Z,14.02,3.73,KEL-PANT-00281,0.57,False,None,STORE-002
259,99,422,1,279.75,771.74,0.0,771.74,2025-11-19T16:48:55Z,491.99,86.38,THU-CARC-00422,3.36,False,None,STORE-020
260,99,76,1,440.08,803.23,160.65,642.58,2025-11-19T16:48:55Z,202.5,39.07,CRA-HOME-00076,44.73,False,None,WH-WEST-01
261,100,476,2,491.96,1161.94,0.0,2323.88,2025-12-07T02:38:34Z,1339.96,254.25,WEB-GARD-00476,34.06,False,None,STORE-005
262,100,64,5,11.1,25.71,0.0,128.55,2025-12-07T02:38:34Z,73.05,12.34,GAP-MENS-00064,6.3,False,None,STORE-001
263,100,89,1,283.5,513.91,0.0,513.91,2025-12-07T02:38:34Z,230.41,45.04,SON-IPHO-00089,4.07,False,Return Pending,STORE-002
264,101,209,2,89.01,119.56,0.0,239.12,2025-12-18T20:47:53Z,61.1,19.65,THE-WATE-00209,10.24,False,None,WH-WEST-01
265,101,416,2,120.04,287.28,0.0,574.56,2025-12-18T20:47:53Z,334.48,66.87,DYS-OFFI-00416,17.6,False,None,STORE-015
266,101,434,1,291.67,521.01,0.0,521.01,2025-12-18T20:47:53Z,229.34,32.04,MIC-LAPT-00434,4.65,False,None,STORE-020
267,101,204,2,251.81,553.08,0.0,1106.16,2025-12-18T20:47:53Z,602.54,85.42,DYS-LIVI-00204,12.24,False,None,DC-01
268,102,126,1,369.66,712.64,285.06,427.58,2019-08-19T20:41:08Z,57.92,38.42,FIT-ULTR-00126,0.16,False,None,WH-WEST-02
269,102,422,1,279.75,771.74,115.76,655.98,2019-08-19T20:41:08Z,376.23,38.43,THU-CARC-00422,3.36,False,None,DC-03
270,103,219,3,86.61,183.66,0.0,550.98,2023-11-14T07:29:49Z,291.15,59.86,OPT-VITA-00219,1.41,False,None,STORE-005
271,103,209,3,89.01,119.56,35.87,322.81,2023-11-14T07:29:49Z,55.78,36.24,THE-WATE-00209,15.36,False,None,WH-WEST-02
272,103,33,5,40.05,62.37,0.0,311.85,2023-11-14T07:29:49Z,111.6,37.11,SIM-MUSI-00033,0.0,False,None,
273,104,416,2,120.04,287.28,0.0,574.56,2024-05-02T20:41:30Z,334.48,59.91,DYS-OFFI-00416,17.6,False,None,STORE-025
274,104,293,1,51.28,116.69,0.0,116.69,2024-05-02T20:41:30Z,65.41,8.03,PAT-YOGA-00293,9.24,False,None,STORE-004
275,104,441,5,31.92,54.28,0.0,271.4,2024-05-02T20:41:30Z,111.8,19.13,LEG-EDUC-00441,23.8,False,None,WH-WEST-01
276,104,495,6,25.63,76.86,46.12,415.04,2024-05-02T20:41:30Z,261.26,34.55,NIK-MENS-00495,2.82,False,None,WH-EAST-02
277,104,130,1,284.05,745.47,298.19,447.28,2024-05-02T20:41:30Z,163.23,42.5,LOG-GAMI-00130,3.79,False,None,WH-EAST-02
278,105,225,1,8.51,11.07,2.21,8.86,2025-11-29T00:40:11Z,0.35,1.06,COC-SNAC-00225,2.27,False,None,STORE-002
279,106,321,3,47.71,74.05,0.0,222.15,2025-09-16T02:47:05Z,79.02,12.39,KRA-PANT-00321,15.87,False,None,STORE-002
280,106,277,1,14.2,39.31,0.0,39.31,2025-09-16T02:47:05Z,25.11,3.89,UNI-PANT-00277,6.63,False,None,DC-01
281,107,72,4,205.44,462.01,0.0,1848.04,2025-12-03T07:09:37Z,1026.28,113.02,CUI-OFFI-00072,167.24,False,None,STORE-003
282,107,476,1,491.96,1161.94,0.0,1161.94,2025-12-03T07:09:37Z,669.98,99.78,WEB-GARD-00476,17.03,False,None,STORE-005
283,107,496,2,30.88,62.5,0.0,125.0,2025-12-03T07:09:37Z,63.24,14.71,NIK-CYCL-00496,6.34,False,None,WH-EAST-01
284,108,148,3,116.22,317.46,0.0,952.38,2024-06-19T02:32:24Z,603.72,51.58,ADI-YOGA-00148,9.45,False,None,STORE-004
285,108,102,1,237.5,580.65,0.0,580.65,2024-06-19T02:32:24Z,343.15,52.92,GOO-CARA-00102,4.82,False,None,STORE-005
286,108,129,1,497.31,1432.08,0.0,1432.08,2024-06-19T02:32:24Z,934.77,105.31,POT-KITC-00129,35.86,False,None,DC-02
287,108,105,2,16.05,24.47,4.89,44.05,2024-06-19T02:32:24Z,11.95,3.36,UND-MENS-00105,1.9,False,None,DC-01
288,109,489,1,59.44,150.92,22.64,128.28,2022-01-23T06:37:21Z,68.84,11.74,NIK-AUDI-00489,2.49,False,None,STORE-003
289,110,321,1,47.71,74.05,0.0,74.05,2025-12-11T17:48:35Z,26.34,4.4,KRA-PANT-00321,5.29,False,None,STORE-005
290,110,33,1,40.05,62.37,0.0,62.37,2025-12-11T17:48:35Z,22.32,6.94,SIM-MUSI-00033,0.0,False,None,
291,110,421,2,722.39,1704.26,0.0,3408.52,2025-12-11T17:48:35Z,1963.74,262.18,MIC-AUDI-00421,6.0,False,None,STORE-003
292,110,114,1,119.97,249.98,62.49,187.49,2025-12-11T17:48:35Z,67.52,18.86,PAN-SKIN-00114,6.35,False,None,STORE-005
293,111,113,1,115.61,206.93,20.69,186.24,2025-02-03T20:49:39Z,70.63,20.78,MAY-FRAG-00113,2.61,False,None,DC-01
294,112,208,1,2.43,4.24,0.0,4.24,2019-12-25T06:24:21Z,1.81,0.41,ORG-ORGA-00208,4.56,False,None,STORE-010
295,112,79,2,15.57,41.54,0.0,83.08,2019-12-25T06:24:21Z,51.94,7.8,PAN-FRAG-00079,10.7,False,None,STORE-001
296,112,56,2,169.86,409.39,0.0,818.78,2019-12-25T06:24:21Z,479.06,78.1,TRE-YOGA-00056,8.58,False,None,DC-01
297,112,272,1,79.18,133.08,0.0,133.08,2019-12-25T06:24:21Z,53.9,9.49,MAT-BUIL-00272,4.98,False,None,STORE-025
298,113,346,5,79.7,166.63,333.26,499.89,2022-05-18T17:32:09Z,101.39,42.64,UND-WOME-00346,2.35,False,None,STORE-003
299,113,489,2,59.44,150.92,60.37,241.47,2022-05-18T17:32:09Z,122.59,20.49,NIK-AUDI-00489,4.98,False,None,STORE-005
300,114,440,3,133.07,216.11,0.0,648.33,2022-02-17T09:53:48Z,249.12,40.86,CUI-FURN-00440,107.46,False,None,DC-01
301,114,54,1,568.9,1494.0,0.0,1494.0,2022-02-17T09:53:48Z,925.1,97.48,MIC-IPHO-00054,4.52,False,None,STORE-004
302,114,74,1,343.35,746.97,0.0,746.97,2022-02-17T09:53:48Z,403.62,48.65,CUI-GARD-00074,17.8,False,None,STORE-003
303,115,259,2,79.36,146.12,0.0,292.24,2024-10-25T18:27:07Z,133.52,32.66,NER-BOAR-00259,10.14,False,None,STORE-001
304,115,219,1,86.61,183.66,0.0,183.66,2024-10-25T18:27:07Z,97.05,19.34,OPT-VITA-00219,0.47,False,None,STORE-025
305,115,432,3,36.73,46.22,20.8,117.86,2024-10-25T18:27:07Z,7.67,7.33,UND-MENS-00432,2.1,False,Return Requested,WH-WEST-02
306,115,13,1,64.41,119.0,0.0,119.0,2024-10-25T18:27:07Z,54.59,6.53,REI-WATE-00013,3.77,False,None,STORE-010
307,115,471,1,140.94,403.72,80.74,322.98,2024-10-25T18:27:07Z,182.04,16.49,OLA-MAKE-00471,1.69,False,None,STORE-030
308,116,496,5,30.88,62.5,0.0,312.5,2025-05-24T06:12:07Z,158.1,33.28,NIK-CYCL-00496,15.85,False,None,DC-02
309,116,175,1,586.38,1318.08,0.0,1318.08,2025-05-24T06:12:07Z,731.7,88.54,NIK-ULTR-00175,1.61,False,None,STORE-025
310,117,448,1,61.39,125.72,0.0,125.72,2025-07-20T16:04:13Z,64.33,11.54,FUN-BOAR-00448,7.55,False,None,STORE-001
311,117,293,2,51.28,116.69,23.34,210.04,2025-07-20T16:04:13Z,107.48,17.75,PAT-YOGA-00293,18.48,False,None,WH-EAST-02
312,117,131,5,6.99,15.41,15.41,61.64,2025-07-20T16:04:13Z,26.69,4.3,SON-MUSI-00131,0.0,False,None,
313,118,140,1,453.66,1099.8,0.0,1099.8,2023-03-18T22:25:30Z,646.14,61.1,SCO-BEDD-00140,42.99,False,Returned,STORE-025
314,118,35,4,382.92,480.99,192.4,1731.56,2023-03-18T22:25:30Z,199.88,136.87,DYS-BEDD-00035,9.2,False,Returned,STORE-004
315,119,119,1,115.93,200.43,50.11,150.32,2024-05-03T09:42:57Z,34.39,16.6,OLA-MAKE-00119,1.11,False,None,STORE-005
316,119,113,1,115.61,206.93,31.04,175.89,2024-05-03T09:42:57Z,60.28,13.3,MAY-FRAG-00113,2.61,False,None,STORE-004
317,119,122,2,42.17,101.65,0.0,203.3,2024-05-03T09:42:57Z,118.96,17.0,ZAR-WOME-00122,3.56,False,None,STORE-025
318,120,497,1,126.69,268.54,67.14,201.4,2024-10-03T17:44:16Z,74.71,17.34,LOR-SKIN-00497,4.76,False,None,WH-CENTRAL-01
319,120,452,2,125.75,192.56,0.0,385.12,2024-10-03T17:44:16Z,133.62,46.14,SON-HEAD-00452,6.04,False,None,WH-EAST-02
320,120,463,1,24.86,43.99,0.0,43.99,2024-10-03T17:44:16Z,19.13,3.31,LEG-BUIL-00463,3.45,False,None,STORE-020
321,121,219,1,86.61,183.66,0.0,183.66,2024-11-13T11:22:46Z,97.05,18.46,OPT-VITA-00219,0.47,False,None,WH-WEST-02
322,121,299,1,124.19,253.54,50.71,202.83,2024-11-13T11:22:46Z,78.64,13.25,WEA-TOOL-00299,0.8,False,None,STORE-015
323,122,301,1,17.6,27.18,0.0,27.18,2022-01-24T09:37:20Z,9.58,2.41,NES-BEVE-00301,0.71,False,None,DC-03
324,122,306,1,79.49,83.51,0.0,83.51,2022-01-24T09:37:20Z,4.02,8.19,HP-ULTR-00306,4.37,False,None,STORE-004
325,122,356,8,154.86,390.7,1250.24,1875.36,2022-01-24T09:37:20Z,636.48,105.92,IRO-BEDD-00356,72.16,False,None,STORE-020
326,122,213,1,24.79,49.47,0.0,49.47,2022-01-24T09:37:20Z,24.68,5.14,COL-WATE-00213,9.02,False,None,WH-EAST-02
327,122,191,9,466.48,727.94,0.0,6551.46,2022-01-24T09:37:20Z,2353.14,337.82,CUI-BEDD-00191,284.49,False,None,WH-EAST-02
328,123,466,1,631.71,937.33,234.33,703.0,2021-11-24T08:25:00Z,71.29,38.87,NIK-BUSI-00466,1.96,False,None,DC-03
329,123,194,6,195.59,288.23,172.94,1556.44,2021-11-24T08:25:00Z,382.9,105.58,FIT-FITN-00194,34.62,False,None,STORE-001
330,123,486,2,205.9,415.81,0.0,831.62,2021-11-24T08:25:00Z,419.82,48.25,KIT-BEDD-00486,5.4,False,None,WH-WEST-01
331,123,334,1,93.96,256.03,0.0,256.03,2021-11-24T08:25:00Z,162.07,30.08,CAL-DRES-00334,1.93,False,None,STORE-010
332,124,305,1,130.64,378.28,0.0,378.28,2023-10-19T01:58:16Z,247.64,29.21,LEV-ACCE-00305,1.38,False,None,STORE-001
333,124,416,1,120.04,287.28,287.28,0.0,2023-10-19T01:58:16Z,-120.04,22.15,DYS-OFFI-00416,8.8,True,None,WH-EAST-01
334,124,240,1,197.28,258.9,0.0,258.9,2023-10-19T01:58:16Z,61.62,27.05,LOG-BUSI-00240,1.82,False,None,STORE-025
335,125,417,6,26.93,33.26,0.0,199.56,2023-03-28T21:09:56Z,37.98,19.34,PAT-CARD-00417,28.44,False,None,DC-01
336,125,177,2,34.72,41.77,0.0,83.54,2023-03-28T21:09:56Z,14.1,9.02,SON-FICT-00177,0.0,False,None,
337,125,389,1,127.98,327.83,131.13,196.7,2023-03-28T21:09:56Z,68.72,12.53,SAM-SPEA-00389,4.94,False,None,STORE-025
338,126,158,1,80.61,207.38,0.0,207.38,2024-12-08T22:04:17Z,126.77,13.77,CAL-MENS-00158,0.75,False,None,STORE-005
339,126,267,1,22.27,46.21,4.62,41.59,2024-12-08T22:04:17Z,19.32,3.34,UNI-ORGA-00267,4.83,False,None,STORE-003
340,126,35,2,382.92,480.99,0.0,961.98,2024-12-08T22:04:17Z,196.14,97.86,DYS-BEDD-00035,4.6,False,None,DC-03
341,126,500,1,39.44,48.8,0.0,48.8,2024-12-08T22:04:17Z,9.36,5.73,PUM-DRES-00500,1.88,False,None,STORE-004
342,127,4,1,115.01,147.53,0.0,147.53,2025-09-05T04:06:52Z,32.52,13.27,YET-YOGA-00004,8.87,False,None,STORE-001
343,127,130,3,284.05,745.47,0.0,2236.41,2025-09-05T04:06:52Z,1384.26,149.07,LOG-GAMI-00130,11.37,False,None,STORE-010
344,128,180,6,10.45,26.12,0.0,156.72,2025-10-18T08:40:45Z,94.02,15.05,FUN-BUIL-00180,52.68,False,Returned,STORE-005
345,129,394,2,95.14,238.97,0.0,477.94,2024-01-18T00:17:28Z,287.66,55.18,UND-MENS-00394,0.48,False,Return Requested,STORE-003
346,129,461,1,360.69,711.37,0.0,711.37,2024-01-18T00:17:28Z,350.68,76.36,IRO-FURN-00461,24.69,False,Returned,WH-EAST-01
347,130,486,3,205.9,415.81,0.0,1247.43,2020-09-19T16:46:47Z,629.73,79.61,KIT-BEDD-00486,8.1,False,None,STORE-003
348,131,90,1,54.02,64.18,9.63,54.55,2024-09-07T17:55:08Z,0.53,6.01,LEV-TOPS-00090,1.15,False,None,STORE-001
349,131,407,1,90.49,261.02,39.15,221.87,2024-09-07T17:55:08Z,131.38,23.35,IKE-GARD-00407,26.78,False,None,WH-EAST-01
350,131,31,1,21.56,51.19,0.0,51.19,2024-09-07T17:55:08Z,29.63,5.33,PAN-HAIR-00031,1.01,False,None,STORE-015
351,132,427,2,103.91,137.59,0.0,275.18,2021-09-28T11:36:02Z,67.36,17.5,UND-YOGA-00427,18.9,False,None,WH-EAST-01
352,132,45,1,77.28,217.29,0.0,217.29,2021-09-28T11:36:02Z,140.01,22.46,BAR-EDUC-00045,3.61,False,None,STORE-015
353,133,252,1,135.58,323.84,0.0,323.84,2024-11-07T03:33:47Z,188.26,33.45,CLI-SKIN-00252,4.01,False,None,DC-02
354,133,311,1,73.59,104.55,0.0,104.55,2024-11-07T03:33:47Z,30.96,10.03,IRO-OFFI-00311,29.67,False,None,WH-CENTRAL-01
355,133,394,1,95.14,238.97,59.74,179.23,2024-11-07T03:33:47Z,84.09,12.87,UND-MENS-00394,0.24,False,None,STORE-003
356,134,92,8,208.67,476.17,0.0,3809.36,2024-06-28T14:59:22Z,2140.0,414.59,SON-ANDR-00092,37.04,False,None,STORE-001
357,134,120,1,92.41,98.3,14.74,83.56,2024-06-28T14:59:22Z,-8.85,7.98,APP-GAMI-00120,3.4,False,None,WH-EAST-01
358,134,257,5,101.9,298.33,0.0,1491.65,2024-06-28T14:59:22Z,982.15,103.52,OLA-SKIN-00257,42.4,False,None,DC-01
359,134,248,3,93.65,165.29,0.0,495.87,2024-06-28T14:59:22Z,214.92,54.91,HM-MENS-00248,5.01,False,None,WH-EAST-02
360,134,436,7,30.88,80.51,0.0,563.57,2024-06-28T14:59:22Z,347.41,42.57,UNI-NONF-00436,0.0,False,None,
361,134,189,2,169.6,342.29,0.0,684.58,2024-06-28T14:59:22Z,345.38,71.03,SCH-OUTD-00189,12.22,False,None,STORE-030
362,135,295,2,127.17,238.26,0.0,476.52,2018-04-09T09:41:23Z,222.18,37.25,GNC-FITN-00295,17.14,False,None,DC-02
363,135,348,1,280.41,502.14,0.0,502.14,2018-04-09T09:41:23Z,221.73,47.78,WIL-HOME-00348,34.17,False,Return Pending,STORE-030
364,136,276,1,102.07,179.81,17.98,161.83,2020-11-25T01:21:26Z,59.76,9.4,MIC-CAME-00276,0.74,False,None,DC-01
365,136,475,2,723.77,1839.85,0.0,3679.7,2020-11-25T01:21:26Z,2232.16,292.79,LG-GAMI-00475,1.88,False,None,STORE-004
366,137,48,1,427.0,746.22,0.0,746.22,2025-10-14T20:49:43Z,319.22,43.52,JBL-LAPT-00048,0.21,False,None,STORE-025
367,137,473,2,170.88,309.25,0.0,618.5,2025-10-14T20:49:43Z,276.74,43.26,UND-CYCL-00473,12.74,False,None,WH-EAST-01
368,137,21,2,232.08,389.41,0.0,778.82,2025-10-14T20:49:43Z,314.66,79.42,SCO-LIVI-00021,9.88,False,None,DC-03
369,137,64,1,11.1,25.71,0.0,25.71,2025-10-14T20:49:43Z,14.61,2.18,GAP-MENS-00064,1.26,False,None,STORE-001
370,138,346,1,79.7,166.63,0.0,166.63,2025-09-30T04:13:23Z,86.93,17.34,UND-WOME-00346,0.47,False,None,STORE-015
371,139,495,2,25.63,76.86,0.0,153.72,2024-06-22T10:32:31Z,102.46,15.68,NIK-MENS-00495,0.94,False,None,STORE-003
372,139,12,2,149.7,168.0,0.0,336.0,2024-06-22T10:32:31Z,36.6,35.07,UND-MENS-00012,0.5,False,None,STORE-015
373,139,124,1,136.92,228.97,0.0,228.97,2024-06-22T10:32:31Z,92.05,19.11,CLI-FRAG-00124,3.04,False,None,STORE-025
374,139,15,1,69.29,185.9,0.0,185.9,2024-06-22T10:32:31Z,116.61,15.39,GAP-MENS-00015,1.65,False,None,STORE-002
375,139,302,3,47.64,142.59,171.11,256.66,2024-06-22T10:32:31Z,113.74,23.41,MEG-CARP-00302,10.29,False,None,DC-03
376,140,42,1,724.78,1182.29,118.23,1064.06,2025-06-07T12:36:57Z,339.28,119.02,GAR-CAME-00042,0.72,False,Exchanged,WH-WEST-01
377,140,104,1,25.24,32.71,0.0,32.71,2025-06-07T12:36:57Z,7.47,3.53,FUN-BUIL-00104,8.1,False,Returned,WH-CENTRAL-01
378,141,76,1,440.08,803.23,120.48,682.75,2024-12-05T20:56:10Z,242.67,68.22,CRA-HOME-00076,44.73,False,None,WH-EAST-01
379,141,196,1,173.9,232.03,92.81,139.22,2024-12-05T20:56:10Z,-34.68,13.8,HP-CAME-00196,1.01,False,None,WH-CENTRAL-01
380,142,423,10,52.26,127.71,255.42,1021.68,2025-10-10T15:55:17Z,499.08,87.22,HAS-DOLL-00423,45.0,False,None,STORE-025
381,142,33,3,40.05,62.37,0.0,187.11,2025-10-10T15:55:17Z,66.96,13.0,SIM-MUSI-00033,0.0,False,None,
382,142,104,1,25.24,32.71,8.18,24.53,2025-10-10T15:55:17Z,-0.71,2.94,FUN-BUIL-00104,8.1,False,None,DC-02
383,142,494,10,34.11,91.91,367.64,551.46,2025-10-10T15:55:17Z,210.36,57.42,MAT-BUIL-00494,33.6,False,None,STORE-004
384,142,265,6,31.58,73.41,0.0,440.46,2025-10-10T15:55:17Z,250.98,31.31,CAL-MENS-00265,6.06,False,None,STORE-025
385,143,97,4,79.83,122.94,0.0,491.76,2024-11-13T11:36:43Z,172.44,46.69,NAT-VITA-00097,10.68,False,None,WH-WEST-02
386,143,338,10,8.78,21.79,0.0,217.9,2024-11-13T11:36:43Z,130.1,11.99,PEN-NONF-00338,0.0,False,None,
387,144,118,1,216.2,285.82,0.0,285.82,2015-08-10T22:03:48Z,69.62,27.79,DEL-LAPT-00118,1.25,False,None,STORE-004
388,144,144,2,464.18,1082.93,0.0,2165.86,2015-08-10T22:03:48Z,1237.5,122.95,WIL-BEDD-00144,59.5,False,None,STORE-002
389,145,236,3,474.36,1142.25,685.35,2741.4,2024-11-15T15:08:08Z,1318.32,279.31,WEB-HOME-00236,28.77,False,Returned,STORE-005
390,145,488,2,52.93,121.53,0.0,243.06,2024-11-15T15:08:08Z,137.2,21.28,GOO-CARC-00488,13.96,False,Returned,STORE-001
391,145,17,8,18.67,50.12,0.0,400.96,2024-11-15T15:08:08Z,251.6,25.7,UNI-PANT-00017,52.24,False,Returned,STORE-020
