wish_id,user_id,item_id,date_added,purchase_date,removal_date,current_price,price_at_addition,priority,user_notes,list_name,notification_sent,price_alert_enabled,add_source,desired_quantity
1,324,68,2025-08-15T00:00:00Z,2025-11-05T00:00:00Z,,145.25,155.97,Medium,,Dream Items,False,False,Android,4
2,90,433,2024-03-21T00:00:00Z,,,210.06,202.49,Medium,Need to save up,Wishlist,False,True,Web,1
3,18,345,2025-08-19T00:00:00Z,,,151.88,130.93,Low,For the kids,Dream Items,False,False,Web,1
4,240,41,2025-11-23T00:00:00Z,,,199.76,226.27,Medium,Housewarming gift,Gift Ideas,False,False,Android,1
5,135,333,2025-02-25T00:00:00Z,2025-07-13T00:00:00Z,,441.65,432.78,Low,Gift for mom,Wishlist,False,False,Social Media,1
6,272,322,2024-10-23T00:00:00Z,,,99.97,105.98,Low,Wait for sale,Future Purchases,False,False,Android,1
7,11,332,2025-06-09T00:00:00Z,,,33.87,30.4,Medium,Birthday present,Gift Ideas,False,True,iOS,1
8,34,51,2024-08-06T00:00:00Z,2024-08-18T00:00:00Z,,188.65,200.82,Low,Housewarming gift,Dream Items,False,False,iOS,1
9,106,354,2024-02-23T00:00:00Z,2024-05-17T00:00:00Z,,156.7,137.49,Low,Gift for mom,Wishlist,False,False,Social Media,1
10,340,76,2025-05-24T00:00:00Z,2025-09-21T00:00:00Z,,845.51,825.56,High,,Gift Ideas,False,True,Mobile App,1
11,113,83,2024-10-13T00:00:00Z,,,35.12,38.66,Low,Maybe later,Wishlist,False,True,Web,5
12,260,53,2025-07-26T00:00:00Z,,2025-08-02T00:00:00Z,1144.2,1123.45,Medium,Wedding registry,Wishlist,False,True,Social Media,1
13,198,110,2024-07-11T00:00:00Z,2024-12-10T00:00:00Z,,534.23,559.27,Medium,,Dream Items,False,False,Web,2
14,357,208,2025-07-23T00:00:00Z,,2025-07-26T00:00:00Z,4.24,4.33,Medium,,Future Purchases,False,False,Mobile App,2
15,214,210,2025-10-04T00:00:00Z,2025-12-07T00:00:00Z,,295.3,258.34,Medium,Gift for dad,Wishlist,False,False,Web,1
16,45,408,2025-11-24T00:00:00Z,2025-12-07T00:00:00Z,,582.48,643.5,Medium,Christmas gift,Wishlist,False,False,QR Code,1
17,175,481,2025-05-05T00:00:00Z,2025-05-19T00:00:00Z,,146.87,159.68,Medium,Gift for mom,Future Purchases,False,False,iOS,2
18,347,200,2025-12-22T00:00:00Z,,2025-12-25T00:00:00Z,899.94,937.69,Medium,,Wishlist,False,True,iOS,1
19,25,152,2025-02-04T00:00:00Z,2025-07-07T00:00:00Z,,78.76,82.02,Medium,,Wishlist,False,False,Mobile App,1
20,55,279,2025-01-31T00:00:00Z,,2025-02-28T00:00:00Z,30.93,35.37,Low,,Wishlist,False,True,Social Media,1
21,225,178,2024-10-17T00:00:00Z,,,1729.24,1620.91,Medium,Need to save up,Wishlist,False,False,Email Link,1
22,194,185,2025-07-08T00:00:00Z,2025-12-07T00:00:00Z,,1590.04,1468.17,High,,Future Purchases,False,False,Web,1
23,235,268,2024-06-08T00:00:00Z,,,254.98,292.88,High,,Wishlist,False,False,Mobile App,1
24,135,291,2025-03-27T00:00:00Z,,,44.4,45.96,Medium,Christmas gift,Future Purchases,False,False,QR Code,2
25,49,6,2025-09-21T00:00:00Z,2025-10-08T00:00:00Z,,119.78,106.01,Medium,Compare prices first,Wishlist,False,False,Mobile App,1
26,58,335,2024-12-15T00:00:00Z,,,996.32,997.8,Medium,Home upgrade,Gift Ideas,False,False,Mobile App,1
27,334,297,2024-03-12T00:00:00Z,,,173.45,149.46,High,,Future Purchases,False,False,Web,3
28,80,272,2024-12-20T00:00:00Z,2025-04-02T00:00:00Z,,177.44,200.44,Low,Home upgrade,Gift Ideas,False,True,Web,1
29,227,218,2025-09-29T00:00:00Z,,2025-10-04T00:00:00Z,500.46,541.64,Low,,Future Purchases,False,False,Web,1
30,491,448,2024-04-15T00:00:00Z,,,125.72,120.91,Low,Maybe later,Future Purchases,False,True,Mobile App,1
31,66,359,2025-03-15T00:00:00Z,2025-05-29T00:00:00Z,,1029.18,1078.32,Medium,Wedding registry,Gift Ideas,False,False,QR Code,1
32,273,174,2024-10-03T00:00:00Z,2024-12-22T00:00:00Z,,53.99,48.51,Low,Need to save up,Gift Ideas,False,False,Android,1
33,495,316,2024-08-18T00:00:00Z,,,91.48,88.9,Medium,Home upgrade,Gift Ideas,True,True,Web,2
34,101,103,2025-03-25T00:00:00Z,2025-05-18T00:00:00Z,,408.53,460.13,Low,Treat myself,Gift Ideas,False,True,Android,1
35,366,278,2024-03-15T00:00:00Z,2024-07-10T00:00:00Z,,71.92,62.99,High,,Future Purchases,False,True,Social Media,1
36,435,60,2025-05-07T00:00:00Z,,,125.84,109.25,Low,Office supplies,Wishlist,False,False,Web,1
37,204,8,2024-11-10T00:00:00Z,,2025-10-22T00:00:00Z,870.7,808.91,Low,,Dream Items,False,False,Android,1
38,43,375,2024-03-14T00:00:00Z,2024-04-13T00:00:00Z,,38.81,43.62,Low,Anniversary gift,Wishlist,False,False,iOS,4
39,498,499,2024-12-21T00:00:00Z,,2025-10-30T00:00:00Z,114.7,101.16,Low,Back to school,Future Purchases,False,False,Web,1
40,260,406,2025-05-19T00:00:00Z,,,1678.7,1716.88,Medium,,Wishlist,True,True,Web,1
41,269,116,2025-05-10T00:00:00Z,,,465.99,518.42,High,Compare prices first,Wishlist,False,False,QR Code,1
42,401,92,2025-09-08T00:00:00Z,,,476.17,453.23,High,Home upgrade,Wishlist,False,False,Web,1
43,498,24,2025-10-28T00:00:00Z,,,19.59,17.23,Medium,Birthday present,Wishlist,False,True,Web,3
44,7,335,2025-06-14T00:00:00Z,,,996.32,1105.61,High,Birthday present,Wishlist,False,False,QR Code,1
45,277,156,2024-08-26T00:00:00Z,2025-02-02T00:00:00Z,,19.08,17.1,High,Wedding registry,Future Purchases,False,True,Android,1
46,293,376,2025-10-10T00:00:00Z,,,1032.57,954.12,Medium,,Wishlist,True,True,Web,2
47,167,306,2024-10-11T00:00:00Z,2025-03-27T00:00:00Z,,98.25,102.34,High,Christmas gift,Wishlist,False,True,Web,1
48,21,212,2024-07-22T00:00:00Z,,2025-04-08T00:00:00Z,57.67,50.3,High,,Future Purchases,False,False,QR Code,1
49,492,71,2025-01-07T00:00:00Z,,,110.38,99.68,Medium,,Wishlist,False,True,iOS,1
50,174,393,2025-11-10T00:00:00Z,,,254.29,235.24,Medium,Treat myself,Wishlist,False,False,Web,1
51,424,287,2025-02-19T00:00:00Z,,2025-06-01T00:00:00Z,404.97,364.26,Low,Wait for sale,Wishlist,False,False,Android,1
52,187,265,2025-03-22T00:00:00Z,2025-06-13T00:00:00Z,,81.57,80.73,Low,Compare prices first,Dream Items,False,False,Email Link,1
53,423,43,2025-08-15T00:00:00Z,,,259.85,229.8,Low,Compare prices first,Wishlist,False,False,iOS,1
54,42,32,2025-09-10T00:00:00Z,2025-12-06T00:00:00Z,,160.4,136.96,Low,Gift for dad,Wishlist,False,True,Android,1
55,136,188,2025-09-29T00:00:00Z,,,960.8,1048.9,High,Wait for sale,Gift Ideas,True,True,Android,2
56,432,408,2024-04-09T00:00:00Z,,,582.48,496.66,Medium,Wait for sale,Dream Items,False,False,Android,1
57,412,307,2025-01-18T00:00:00Z,,,126.97,111.19,High,For the kids,Dream Items,False,False,Mobile App,1
58,191,396,2024-08-06T00:00:00Z,,,81.59,89.47,Medium,,Wishlist,False,False,Email Link,1
59,27,359,2024-10-02T00:00:00Z,,,1029.18,901.68,Medium,Office supplies,Wishlist,False,True,Web,1
60,217,145,2024-02-22T00:00:00Z,,,136.37,141.45,Medium,,Wishlist,False,False,Android,2
61,48,7,2025-11-18T00:00:00Z,,,1181.48,1171.59,Medium,,Future Purchases,False,False,Social Media,3
62,64,54,2024-08-29T00:00:00Z,,,1494.0,1483.33,Medium,Gift for mom,Wishlist,True,True,Social Media,1
63,334,329,2025-08-27T00:00:00Z,,2025-12-11T00:00:00Z,755.73,665.09,Low,,Wishlist,False,False,iOS,3
64,321,115,2024-02-29T00:00:00Z,,,12.56,12.33,Medium,Need to save up,Wishlist,False,False,Android,1
65,219,216,2025-08-15T00:00:00Z,,,142.37,162.39,Low,,Gift Ideas,False,False,Web,1
66,135,36,2025-06-08T00:00:00Z,,2025-10-05T00:00:00Z,1213.75,1147.32,High,Maybe later,Wishlist,True,True,iOS,2
67,288,43,2025-05-06T00:00:00Z,,,259.85,232.69,High,Treat myself,Future Purchases,False,False,Email Link,1
68,370,214,2025-04-20T00:00:00Z,,,316.55,276.15,Medium,,Dream Items,False,True,Android,1
69,249,71,2025-11-01T00:00:00Z,,,110.38,110.35,High,Birthday present,Wishlist,False,False,Android,1
70,271,467,2025-01-23T00:00:00Z,,2025-03-27T00:00:00Z,75.23,64.75,High,Office supplies,Gift Ideas,False,True,Web,2
71,184,470,2024-09-21T00:00:00Z,,,731.75,637.01,Low,Compare prices first,Future Purchases,False,False,Android,1
72,439,221,2024-09-05T00:00:00Z,,2025-07-02T00:00:00Z,126.36,139.0,High,,Wishlist,False,False,Mobile App,1
73,213,371,2024-04-27T00:00:00Z,,,345.81,306.46,Medium,For the kids,Wishlist,False,True,Web,3
74,431,288,2024-07-30T00:00:00Z,,,31.48,31.56,Medium,,Gift Ideas,False,False,Web,1
75,18,275,2025-09-18T00:00:00Z,,,47.51,49.06,High,Christmas gift,Wishlist,False,False,Android,1
76,486,159,2025-06-30T00:00:00Z,,,32.23,36.97,High,,Wishlist,False,False,Email Link,1
77,287,268,2024-05-18T00:00:00Z,,,254.98,236.21,Medium,Anniversary gift,Wishlist,False,False,Android,2
78,233,165,2025-04-30T00:00:00Z,,,133.28,135.25,Low,Treat myself,Future Purchases,True,True,Mobile App,1
79,320,242,2025-07-09T00:00:00Z,,,142.79,128.68,High,,Wishlist,True,True,QR Code,1
80,202,35,2025-07-11T00:00:00Z,,,601.24,643.67,Medium,,Wishlist,False,False,Web,1
81,261,346,2025-03-07T00:00:00Z,2025-04-23T00:00:00Z,,166.63,144.12,Medium,Compare prices first,Gift Ideas,True,True,Email Link,5
82,454,41,2025-05-08T00:00:00Z,,,199.76,192.63,Low,,Wishlist,False,False,Web,3
83,114,157,2024-06-15T00:00:00Z,,,278.27,243.44,Medium,Office supplies,Wishlist,True,True,Web,1
84,99,271,2024-05-13T00:00:00Z,,,119.77,127.29,Medium,Gift for mom,Future Purchases,False,True,Email Link,1
85,445,320,2024-08-12T00:00:00Z,,,219.51,212.33,Medium,Gift for mom,Future Purchases,True,True,Android,1
86,52,64,2024-09-13T00:00:00Z,,,25.71,26.91,Medium,,Future Purchases,True,True,Mobile App,1
87,296,219,2024-02-22T00:00:00Z,,,183.66,183.99,Medium,Home upgrade,Future Purchases,False,True,Mobile App,1
88,154,249,2025-12-16T00:00:00Z,,2025-12-21T00:00:00Z,144.56,148.21,Low,Gift for dad,Wishlist,False,False,Web,1
89,32,483,2025-06-14T00:00:00Z,,,1130.4,1002.14,High,,Gift Ideas,False,False,Web,1
90,91,20,2023-12-27T00:00:00Z,,,142.38,131.16,Medium,Wedding registry,Wishlist,False,False,iOS,1
91,446,35,2024-07-21T00:00:00Z,,,601.24,566.48,Low,Maybe later,Wishlist,False,True,Web,1
92,445,478,2025-09-16T00:00:00Z,,,215.05,230.67,Low,Wedding registry,Dream Items,False,False,Web,1
93,371,456,2025-06-22T00:00:00Z,,,184.36,178.43,High,Compare prices first,Wishlist,False,False,Social Media,1
94,185,101,2024-08-05T00:00:00Z,2024-10-24T00:00:00Z,,153.81,171.13,Low,,Gift Ideas,False,False,Web,1
95,272,491,2025-07-18T00:00:00Z,,2025-12-09T00:00:00Z,1003.62,1007.6,Medium,Home upgrade,Future Purchases,False,False,Mobile App,1
96,71,191,2024-07-01T00:00:00Z,,,856.4,844.65,Low,,Wishlist,False,False,iOS,2
97,359,276,2025-07-10T00:00:00Z,,2025-07-30T00:00:00Z,179.81,184.16,Medium,,Dream Items,False,False,Mobile App,1
98,62,185,2024-04-30T00:00:00Z,,,1590.04,1458.22,Low,,Gift Ideas,False,False,Web,1
99,339,221,2025-03-22T00:00:00Z,,,126.36,131.84,Medium,Christmas gift,Future Purchases,False,False,Android,1
100,140,124,2025-06-13T00:00:00Z,2025-07-08T00:00:00Z,,228.97,215.1,Low,,Gift Ideas,False,False,iOS,1
101,386,56,2025-03-13T00:00:00Z,,,409.39,462.59,Medium,Wait for sale,Future Purchases,False,True,iOS,1
102,420,404,2025-07-24T00:00:00Z,,,92.6,104.84,Medium,,Wishlist,False,False,Mobile App,1
103,369,496,2025-03-11T00:00:00Z,,,62.5,56.69,High,Maybe later,Wishlist,False,False,QR Code,1
104,49,479,2025-06-24T00:00:00Z,,,218.28,222.24,Medium,,Wishlist,False,False,Android,1
105,224,308,2024-07-11T00:00:00Z,,,565.9,540.81,High,,Wishlist,False,False,Web,1
106,75,480,2025-06-05T00:00:00Z,,2025-07-06T00:00:00Z,53.57,53.64,Medium,,Wishlist,False,False,Android,1
107,411,332,2025-04-04T00:00:00Z,,,33.87,38.22,Medium,,Gift Ideas,False,False,Social Media,1
108,177,434,2025-05-13T00:00:00Z,,2025-06-25T00:00:00Z,521.01,484.03,Low,Office supplies,Gift Ideas,False,True,iOS,1
109,206,154,2025-10-11T00:00:00Z,,,382.99,404.38,Medium,Back to school,Gift Ideas,False,False,Web,1
110,417,425,2024-02-12T00:00:00Z,2024-06-16T00:00:00Z,,177.51,196.06,Medium,Compare prices first,Wishlist,False,False,Web,1
111,153,326,2025-07-23T00:00:00Z,2025-10-25T00:00:00Z,,698.87,716.4,Medium,,Gift Ideas,False,False,iOS,3
112,82,298,2024-11-04T00:00:00Z,,,1679.84,1431.78,Low,Need to save up,Future Purchases,True,True,Social Media,3
113,241,383,2024-08-05T00:00:00Z,,,546.58,542.32,Medium,Wedding registry,Wishlist,True,True,iOS,1
114,63,226,2025-07-10T00:00:00Z,2025-09-26T00:00:00Z,,621.86,656.86,Low,Wedding registry,Future Purchases,False,False,Web,2
115,260,22,2025-12-22T00:00:00Z,,,62.07,70.78,Medium,,Gift Ideas,False,False,Social Media,2
116,117,231,2025-09-29T00:00:00Z,,,1649.89,1598.02,Medium,Maybe later,Wishlist,False,True,Email Link,1
117,327,269,2024-01-05T00:00:00Z,,2024-03-06T00:00:00Z,249.37,226.85,High,Compare prices first,Wishlist,False,False,Web,1
118,298,264,2024-03-20T00:00:00Z,,2024-08-14T00:00:00Z,642.32,655.59,Low,Treat myself,Wishlist,False,False,QR Code,4
119,85,303,2025-12-10T00:00:00Z,,,67.5,60.2,High,,Wishlist,False,False,Android,1
120,18,428,2025-10-21T00:00:00Z,2025-10-30T00:00:00Z,,379.16,345.71,High,Wait for sale,Future Purchases,False,False,Social Media,1
121,443,303,2024-04-03T00:00:00Z,2024-08-16T00:00:00Z,,67.5,58.63,High,,Future Purchases,False,False,Android,2
122,119,400,2025-03-22T00:00:00Z,,2025-12-04T00:00:00Z,94.03,107.28,Medium,Gift for mom,Future Purchases,False,False,Social Media,1
123,426,92,2025-02-25T00:00:00Z,,2025-06-25T00:00:00Z,476.17,468.53,High,,Wishlist,True,True,Social Media,1
124,353,182,2024-11-12T00:00:00Z,,,488.84,532.99,Medium,Need to save up,Wishlist,False,False,Android,1
125,168,244,2025-09-18T00:00:00Z,,,738.47,644.2,Low,Christmas gift,Dream Items,False,False,Android,1
126,145,162,2025-08-22T00:00:00Z,,,2036.98,2058.07,Medium,,Gift Ideas,False,False,Social Media,2
127,96,159,2025-06-01T00:00:00Z,,,32.23,29.65,Medium,,Future Purchases,False,False,Web,1
128,496,47,2025-09-26T00:00:00Z,2025-10-11T00:00:00Z,,85.17,95.94,Low,Anniversary gift,Wishlist,False,False,iOS,1
129,38,19,2025-05-24T00:00:00Z,,,219.56,190.65,Medium,Housewarming gift,Gift Ideas,True,True,Web,1
130,88,473,2025-03-15T00:00:00Z,,,309.25,270.75,High,Birthday present,Dream Items,False,False,Email Link,2
131,409,401,2024-05-30T00:00:00Z,2024-06-22T00:00:00Z,,116.12,128.25,High,Maybe later,Wishlist,False,False,Web,1
132,437,375,2025-06-05T00:00:00Z,2025-08-03T00:00:00Z,,38.81,33.84,Medium,,Wishlist,False,False,iOS,1
133,19,81,2025-08-28T00:00:00Z,2025-12-05T00:00:00Z,,123.92,125.27,High,,Wishlist,False,True,Social Media,1
134,180,190,2024-01-30T00:00:00Z,,,130.25,133.97,Low,,Future Purchases,False,True,Web,2
135,24,143,2024-08-09T00:00:00Z,,,618.02,601.71,High,Birthday present,Future Purchases,True,True,Web,1
136,430,359,2024-03-10T00:00:00Z,,,1029.18,1090.67,Low,Back to school,Gift Ideas,False,False,Web,1
137,270,408,2025-05-17T00:00:00Z,,,582.48,594.92,Medium,Home upgrade,Future Purchases,False,False,Email Link,1
138,457,11,2024-12-11T00:00:00Z,,,496.19,542.26,Low,,Gift Ideas,False,False,Web,1
139,223,16,2024-02-10T00:00:00Z,2024-02-25T00:00:00Z,,692.72,701.28,High,Need to save up,Future Purchases,False,False,Email Link,1
140,45,87,2025-08-23T00:00:00Z,,,23.29,25.18,High,Need to save up,Wishlist,False,False,Email Link,1
141,423,110,2025-11-18T00:00:00Z,2025-12-24T00:00:00Z,,534.23,547.99,Medium,,Wishlist,False,True,Social Media,2
142,143,107,2025-03-25T00:00:00Z,,,84.07,74.69,Medium,,Wishlist,False,False,iOS,1
143,464,74,2025-06-07T00:00:00Z,,,746.97,837.62,Low,Gift for mom,Wishlist,False,False,iOS,1
144,341,256,2024-03-16T00:00:00Z,,,473.23,426.17,Low,,Wishlist,False,True,iOS,1
145,206,430,2025-07-21T00:00:00Z,,,574.94,517.63,High,,Future Purchases,False,False,Web,1
146,203,134,2024-02-03T00:00:00Z,,,82.81,84.79,Medium,Gift for mom,Wishlist,False,False,Web,1
147,469,155,2024-10-10T00:00:00Z,,,2193.18,2439.54,Medium,Treat myself,Gift Ideas,False,True,iOS,1
148,80,487,2025-10-22T00:00:00Z,2025-11-20T00:00:00Z,,424.39,430.06,Medium,,Wishlist,True,True,Email Link,1
149,341,34,2024-03-17T00:00:00Z,,,946.98,962.91,Medium,Christmas gift,Wishlist,True,True,Mobile App,2
150,137,17,2025-12-23T00:00:00Z,2025-12-25T00:00:00Z,,50.12,56.82,Medium,Need to save up,Wishlist,False,False,Mobile App,1
151,14,246,2025-02-05T00:00:00Z,2025-08-02T00:00:00Z,,709.94,652.64,Medium,,Wishlist,False,False,Social Media,2
152,227,296,2025-08-17T00:00:00Z,,,1627.17,1413.99,Medium,For the kids,Wishlist,False,False,Android,1
153,140,153,2025-08-22T00:00:00Z,,,432.84,393.04,High,Gift for mom,Gift Ideas,False,True,Mobile App,1
154,176,113,2025-05-13T00:00:00Z,,2025-11-29T00:00:00Z,206.93,205.28,Medium,,Gift Ideas,False,False,iOS,2
155,193,194,2025-06-09T00:00:00Z,,,339.09,310.97,Low,Back to school,Wishlist,False,False,Android,2
156,431,200,2024-11-01T00:00:00Z,,,899.94,829.2,High,,Gift Ideas,False,False,QR Code,1
157,299,75,2025-11-12T00:00:00Z,,,339.97,347.02,Medium,Office supplies,Future Purchases,False,False,Email Link,3
158,67,414,2025-02-05T00:00:00Z,,,340.19,345.07,Medium,Wait for sale,Future Purchases,False,False,Web,1
159,476,213,2024-09-01T00:00:00Z,,2024-12-02T00:00:00Z,61.84,67.7,High,,Wishlist,False,False,Web,1
160,117,47,2025-10-14T00:00:00Z,,,85.17,75.82,High,Gift for mom,Wishlist,False,False,QR Code,1
161,28,420,2024-07-24T00:00:00Z,,2024-12-22T00:00:00Z,348.82,397.54,High,,Wishlist,False,False,Email Link,1
162,162,486,2024-08-11T00:00:00Z,2025-01-09T00:00:00Z,,415.81,431.11,Medium,Maybe later,Wishlist,False,False,Web,1
163,310,104,2025-10-12T00:00:00Z,,,32.71,34.52,Low,,Wishlist,True,True,Web,1
164,371,106,2024-04-30T00:00:00Z,,2025-02-26T00:00:00Z,1032.83,989.41,Medium,,Dream Items,False,False,Web,1
165,372,230,2024-08-10T00:00:00Z,,,485.5,480.61,Low,,Future Purchases,False,False,iOS,2
166,107,381,2024-03-02T00:00:00Z,,,453.14,431.82,High,Gift for dad,Dream Items,False,False,iOS,1
167,303,401,2024-11-11T00:00:00Z,,,116.12,104.27,Low,For the kids,Wishlist,False,False,Web,2
168,65,439,2024-02-28T00:00:00Z,,2024-04-05T00:00:00Z,248.98,231.63,Medium,Wait for sale,Wishlist,False,False,Mobile App,4
169,455,257,2025-09-08T00:00:00Z,2025-12-20T00:00:00Z,,298.33,284.84,Medium,Wait for sale,Wishlist,False,True,Web,1
170,179,477,2024-11-26T00:00:00Z,,,75.86,71.05,Medium,Gift for mom,Wishlist,False,True,Social Media,3
171,275,436,2024-12-07T00:00:00Z,,,80.51,71.78,Low,,Gift Ideas,False,True,Web,1
172,78,324,2024-05-18T00:00:00Z,,,69.69,62.59,Low,,Wishlist,False,True,Mobile App,1
173,173,16,2024-02-10T00:00:00Z,,,692.72,634.24,Medium,Gift for dad,Wishlist,False,False,iOS,2
174,266,419,2025-02-26T00:00:00Z,2025-06-26T00:00:00Z,,45.56,47.52,Medium,Home upgrade,Dream Items,False,False,Social Media,1
175,327,467,2024-10-05T00:00:00Z,,,75.23,68.24,High,Christmas gift,Gift Ideas,False,False,Web,1
176,327,276,2025-04-28T00:00:00Z,2025-07-14T00:00:00Z,,179.81,180.3,Low,,Gift Ideas,False,False,Mobile App,1
177,3,269,2024-10-09T00:00:00Z,,,249.37,229.31,Medium,Back to school,Wishlist,True,True,Social Media,1
178,171,133,2025-06-11T00:00:00Z,2025-07-13T00:00:00Z,,81.01,72.59,High,,Wishlist,False,False,Android,1
179,92,292,2025-04-21T00:00:00Z,,,66.9,57.26,Medium,Housewarming gift,Future Purchases,False,True,Mobile App,1
180,329,475,2025-04-15T00:00:00Z,2025-07-07T00:00:00Z,,1839.85,1855.67,Medium,,Wishlist,True,True,iOS,1
181,463,85,2025-10-08T00:00:00Z,2025-12-08T00:00:00Z,,191.07,184.17,High,Housewarming gift,Wishlist,False,True,QR Code,1
182,318,222,2025-08-17T00:00:00Z,,2025-10-03T00:00:00Z,668.94,629.17,Low,Gift for dad,Wishlist,False,True,Social Media,3
183,48,171,2025-05-08T00:00:00Z,,2025-08-05T00:00:00Z,263.42,234.07,Medium,,Wishlist,False,False,Android,2
184,39,97,2025-11-17T00:00:00Z,,2025-11-18T00:00:00Z,122.94,118.07,Medium,Maybe later,Wishlist,False,False,Web,1
185,70,394,2025-03-16T00:00:00Z,2025-04-06T00:00:00Z,,238.97,252.4,Medium,,Wishlist,True,True,Mobile App,1
186,224,493,2025-07-25T00:00:00Z,,,369.54,359.5,High,For the kids,Wishlist,False,True,Android,1
187,178,377,2024-12-07T00:00:00Z,,,776.78,782.95,Medium,,Wishlist,True,True,Mobile App,1
188,194,28,2024-02-22T00:00:00Z,,2024-09-15T00:00:00Z,298.62,271.85,Medium,Treat myself,Future Purchases,False,False,Android,1
189,142,326,2025-12-09T00:00:00Z,,,698.87,595.59,Low,,Wishlist,True,True,Mobile App,1
190,386,394,2024-06-23T00:00:00Z,,,238.97,218.51,Medium,Back to school,Wishlist,True,True,Mobile App,1
191,328,370,2024-10-03T00:00:00Z,2025-01-13T00:00:00Z,,256.71,286.56,High,Anniversary gift,Wishlist,False,False,Web,1
192,193,63,2025-12-22T00:00:00Z,,2025-12-25T00:00:00Z,406.16,393.8,Medium,Maybe later,Dream Items,False,False,Web,1
193,358,121,2025-03-22T00:00:00Z,,,707.62,774.98,Medium,Need to save up,Wishlist,False,False,Web,3
194,322,171,2025-09-26T00:00:00Z,2025-12-14T00:00:00Z,,263.42,245.27,High,For the kids,Wishlist,False,False,Web,1
195,263,44,2025-08-24T00:00:00Z,,2025-11-15T00:00:00Z,326.93,327.6,Medium,Need to save up,Dream Items,False,False,Social Media,1
196,224,380,2025-04-27T00:00:00Z,,,729.31,655.43,Medium,,Wishlist,False,False,Mobile App,2
197,284,404,2025-09-09T00:00:00Z,,,92.6,103.93,Medium,Need to save up,Future Purchases,True,True,Web,1
198,425,31,2025-08-14T00:00:00Z,2025-09-21T00:00:00Z,,51.19,53.44,Medium,,Wishlist,False,False,iOS,1
199,266,443,2024-01-28T00:00:00Z,,2024-10-07T00:00:00Z,2097.24,2402.6,Medium,Gift for dad,Wishlist,False,False,QR Code,1
200,356,380,2025-02-01T00:00:00Z,,,729.31,818.7,Medium,,Wishlist,False,True,Email Link,1
201,454,487,2024-01-13T00:00:00Z,,,424.39,480.56,Medium,Compare prices first,Future Purchases,False,False,Mobile App,1
202,459,497,2025-12-20T00:00:00Z,,2025-12-22T00:00:00Z,298.38,257.46,Medium,,Wishlist,False,False,Android,1
203,457,396,2024-10-10T00:00:00Z,,2025-03-22T00:00:00Z,81.59,93.0,Low,Gift for mom,Dream Items,True,True,Social Media,1
204,463,148,2024-07-06T00:00:00Z,,,317.46,342.83,Medium,,Gift Ideas,False,False,Social Media,3
205,206,218,2024-11-14T00:00:00Z,,,500.46,484.79,Medium,,Wishlist,False,False,Web,1
206,64,462,2024-11-19T00:00:00Z,2025-03-24T00:00:00Z,,251.66,247.78,Medium,Christmas gift,Future Purchases,False,False,Social Media,1
207,159,211,2025-12-13T00:00:00Z,,,85.31,90.39,High,,Gift Ideas,True,True,Email Link,1
208,302,29,2025-10-10T00:00:00Z,2025-11-30T00:00:00Z,,129.61,136.2,Medium,,Wishlist,True,True,Android,1
209,286,107,2024-03-04T00:00:00Z,,,84.07,71.6,High,,Gift Ideas,False,False,Mobile App,2
210,232,87,2024-11-12T00:00:00Z,,,23.29,23.79,High,Compare prices first,Gift Ideas,False,False,Mobile App,1
211,389,75,2025-08-24T00:00:00Z,,,339.97,368.2,Medium,,Gift Ideas,False,False,iOS,1
212,103,188,2025-08-23T00:00:00Z,,,960.8,1001.28,Low,,Gift Ideas,False,False,Web,1
213,32,306,2024-10-24T00:00:00Z,,,98.25,91.34,High,,Wishlist,False,False,iOS,2
214,288,367,2025-06-12T00:00:00Z,,,383.26,419.85,Medium,,Future Purchases,True,True,iOS,1
215,231,9,2025-12-07T00:00:00Z,,,564.82,546.87,Low,,Future Purchases,False,False,Web,1
216,56,471,2025-04-27T00:00:00Z,,,403.72,421.41,High,,Wishlist,False,True,Web,1
217,38,142,2025-11-12T00:00:00Z,,,174.48,171.3,Medium,Wait for sale,Gift Ideas,True,True,Mobile App,1
218,383,461,2024-08-17T00:00:00Z,,,711.37,735.06,High,Wait for sale,Gift Ideas,True,True,Email Link,4
219,376,458,2025-08-14T00:00:00Z,,,113.9,112.58,Low,,Dream Items,True,True,Android,1
220,438,340,2025-01-18T00:00:00Z,2025-04-12T00:00:00Z,,1050.39,1163.0,Medium,Housewarming gift,Wishlist,False,True,iOS,1
221,476,104,2024-05-22T00:00:00Z,,,32.71,32.39,Medium,Birthday present,Wishlist,False,True,Mobile App,1
222,223,429,2024-08-02T00:00:00Z,2024-10-31T00:00:00Z,,25.2,24.7,Low,,Wishlist,False,False,Web,1
223,173,85,2025-06-18T00:00:00Z,,,191.07,175.44,High,,Dream Items,False,False,Mobile App,2
224,73,415,2025-09-01T00:00:00Z,,,158.1,163.78,Low,Birthday present,Gift Ideas,True,True,Android,1
225,482,61,2024-07-15T00:00:00Z,,,57.63,51.38,Medium,,Wishlist,False,False,Web,1
226,333,395,2025-11-30T00:00:00Z,,,355.98,333.21,Low,Wait for sale,Dream Items,False,False,iOS,1
227,196,449,2025-10-07T00:00:00Z,,,392.03,368.28,Medium,,Wishlist,False,False,Social Media,2
228,144,40,2024-10-02T00:00:00Z,2025-02-19T00:00:00Z,,28.74,28.55,Low,Wait for sale,Future Purchases,True,True,Mobile App,1
229,154,87,2025-05-18T00:00:00Z,2025-10-19T00:00:00Z,,23.29,24.67,High,Wedding registry,Future Purchases,True,True,iOS,1
230,407,161,2024-05-04T00:00:00Z,2024-08-10T00:00:00Z,,1381.37,1434.8,High,Christmas gift,Wishlist,False,False,Email Link,2
231,3,110,2024-11-08T00:00:00Z,,2024-11-12T00:00:00Z,534.23,517.2,High,Back to school,Wishlist,False,False,iOS,1
232,145,272,2024-09-29T00:00:00Z,,2025-02-02T00:00:00Z,177.44,197.09,Low,,Wishlist,False,False,Android,1
233,65,445,2025-05-17T00:00:00Z,,,1541.47,1395.9,Medium,,Wishlist,False,False,Web,1
234,255,86,2024-11-02T00:00:00Z,,2025-05-18T00:00:00Z,117.94,103.14,Low,Wait for sale,Gift Ideas,False,False,Web,1
235,19,80,2025-09-13T00:00:00Z,,,85.74,90.16,High,,Gift Ideas,False,False,Email Link,2
236,87,163,2024-04-30T00:00:00Z,,,119.59,113.03,Medium,,Wishlist,True,True,Web,1
237,204,161,2025-08-26T00:00:00Z,2025-11-06T00:00:00Z,,1381.37,1270.21,Medium,Compare prices first,Wishlist,False,False,Web,1
238,349,492,2025-09-07T00:00:00Z,,2025-11-10T00:00:00Z,136.92,147.64,Medium,Gift for dad,Future Purchases,True,True,Mobile App,1
239,125,261,2024-11-15T00:00:00Z,2024-12-07T00:00:00Z,,259.88,225.63,High,Back to school,Wishlist,False,False,QR Code,1
240,232,215,2024-12-15T00:00:00Z,,,20.42,23.43,High,Birthday present,Wishlist,False,True,Mobile App,1
241,95,476,2025-03-25T00:00:00Z,2025-05-21T00:00:00Z,,1452.42,1479.57,Medium,Wait for sale,Wishlist,False,False,Social Media,1
242,258,396,2024-05-12T00:00:00Z,,,81.59,90.48,High,Christmas gift,Gift Ideas,False,False,Mobile App,4
243,385,378,2025-03-13T00:00:00Z,2025-04-12T00:00:00Z,,100.56,102.12,Medium,Wedding registry,Future Purchases,True,True,Mobile App,2
244,118,40,2025-02-08T00:00:00Z,,2025-03-21T00:00:00Z,28.74,29.97,High,Back to school,Future Purchases,True,True,Android,1
245,87,239,2024-09-12T00:00:00Z,,,491.36,516.05,High,,Wishlist,False,False,Android,2
246,498,177,2025-09-18T00:00:00Z,2025-10-15T00:00:00Z,,46.41,49.59,Medium,Treat myself,Gift Ideas,False,False,iOS,1
247,443,376,2024-04-29T00:00:00Z,,,1032.57,943.85,Medium,,Future Purchases,False,False,Web,1
248,355,5,2024-04-24T00:00:00Z,2024-10-18T00:00:00Z,,993.19,903.41,Low,For the kids,Wishlist,False,False,iOS,1
249,162,90,2024-09-18T00:00:00Z,,2024-11-18T00:00:00Z,85.57,86.75,Medium,Need to save up,Dream Items,False,False,Web,1
250,64,206,2024-07-28T00:00:00Z,,,238.06,240.77,High,Compare prices first,Gift Ideas,False,False,Social Media,1
251,305,200,2025-07-11T00:00:00Z,,,899.94,879.27,Low,Wait for sale,Wishlist,False,True,Social Media,2
252,300,37,2025-05-04T00:00:00Z,,,660.53,610.23,Low,Maybe later,Wishlist,False,False,Web,1
253,125,129,2025-02-12T00:00:00Z,,,1432.08,1447.57,Medium,For the kids,Gift Ideas,False,False,Social Media,1
254,294,435,2024-09-12T00:00:00Z,,,77.03,84.47,Medium,Housewarming gift,Wishlist,False,False,iOS,2
255,297,447,2025-09-22T00:00:00Z,,2025-09-28T00:00:00Z,154.54,138.07,Medium,Anniversary gift,Dream Items,True,True,Web,1
256,446,169,2025-06-05T00:00:00Z,,,571.68,622.27,High,Treat myself,Wishlist,True,True,Web,1
257,400,110,2025-06-19T00:00:00Z,2025-08-17T00:00:00Z,,534.23,567.7,Medium,Wedding registry,Wishlist,False,False,iOS,2
258,114,491,2024-04-11T00:00:00Z,,,1003.62,1015.31,Medium,Housewarming gift,Gift Ideas,False,True,iOS,1
259,410,54,2024-10-06T00:00:00Z,,,1494.0,1340.96,Low,,Future Purchases,False,False,Web,2
260,406,454,2025-09-13T00:00:00Z,,,20.9,19.72,High,Treat myself,Gift Ideas,False,False,Web,1
261,249,49,2025-12-06T00:00:00Z,,2025-12-20T00:00:00Z,8.98,8.14,Medium,Housewarming gift,Wishlist,False,False,iOS,1
262,10,140,2024-02-13T00:00:00Z,,,1099.8,1263.22,Medium,Home upgrade,Wishlist,False,False,Web,1
263,82,118,2024-12-03T00:00:00Z,,2025-05-09T00:00:00Z,285.82,297.75,Medium,Wait for sale,Gift Ideas,False,False,Android,1
264,52,376,2025-02-21T00:00:00Z,2025-04-09T00:00:00Z,,1032.57,1093.53,Low,Christmas gift,Wishlist,False,False,iOS,1
265,394,374,2025-07-06T00:00:00Z,,2025-11-24T00:00:00Z,25.3,22.8,Medium,Home upgrade,Gift Ideas,False,False,Email Link,1
266,110,471,2024-09-26T00:00:00Z,2024-12-02T00:00:00Z,,403.72,398.88,Low,Christmas gift,Future Purchases,False,False,Android,1
267,144,415,2024-12-24T00:00:00Z,,,158.1,151.47,Low,Housewarming gift,Wishlist,True,True,iOS,1
268,28,121,2024-07-27T00:00:00Z,2024-12-02T00:00:00Z,,707.62,614.68,High,Housewarming gift,Gift Ideas,True,True,Mobile App,1
269,495,297,2025-02-07T00:00:00Z,,,173.45,156.75,Medium,For the kids,Wishlist,False,False,iOS,1
270,248,130,2024-10-19T00:00:00Z,,2025-08-11T00:00:00Z,745.47,843.3,Medium,Compare prices first,Gift Ideas,False,False,Mobile App,1
271,92,77,2025-05-05T00:00:00Z,,,46.43,40.5,High,,Dream Items,False,False,Web,4
272,309,32,2025-06-13T00:00:00Z,2025-07-23T00:00:00Z,,160.4,171.65,Medium,Christmas gift,Gift Ideas,False,False,Web,1
273,178,305,2025-01-13T00:00:00Z,,2025-03-01T00:00:00Z,378.28,365.63,Medium,Back to school,Future Purchases,True,True,Web,1
274,257,73,2025-07-24T00:00:00Z,,,104.94,90.96,Medium,Compare prices first,Wishlist,False,False,Mobile App,1
275,111,490,2024-08-26T00:00:00Z,,2025-02-19T00:00:00Z,1264.96,1204.49,Medium,Maybe later,Wishlist,False,False,iOS,2
276,298,310,2024-05-29T00:00:00Z,,,673.43,577.59,High,Gift for mom,Dream Items,False,False,Android,4
277,55,232,2024-04-20T00:00:00Z,,2025-03-10T00:00:00Z,1268.87,1197.72,Medium,Maybe later,Wishlist,False,False,Web,1
278,405,323,2024-07-29T00:00:00Z,2024-11-02T00:00:00Z,,283.09,257.6,Low,,Wishlist,True,True,Android,1
279,400,285,2025-09-26T00:00:00Z,,,126.67,120.85,Low,Christmas gift,Wishlist,False,False,Android,1
280,82,470,2024-02-23T00:00:00Z,2024-08-09T00:00:00Z,,731.75,837.29,Medium,For the kids,Future Purchases,False,False,Web,3
281,280,136,2024-06-20T00:00:00Z,,,302.25,346.05,Medium,Birthday present,Wishlist,False,True,iOS,1
282,219,325,2025-05-06T00:00:00Z,,,156.1,148.63,High,Gift for mom,Wishlist,False,False,Android,1
283,156,159,2025-09-27T00:00:00Z,2025-10-07T00:00:00Z,,32.23,36.73,High,Gift for mom,Wishlist,False,False,Web,4
284,172,7,2024-01-16T00:00:00Z,2024-06-17T00:00:00Z,,1181.48,1022.59,High,For the kids,Wishlist,False,False,Web,1
285,235,195,2024-01-22T00:00:00Z,,,998.01,872.21,Low,Gift for dad,Gift Ideas,False,False,Web,1
286,277,311,2024-09-22T00:00:00Z,,,104.55,104.65,Low,,Wishlist,False,True,Mobile App,1
287,37,14,2025-02-24T00:00:00Z,2025-08-21T00:00:00Z,,152.07,168.72,Low,,Wishlist,False,False,iOS,2
288,141,394,2025-03-01T00:00:00Z,,,238.97,249.92,Medium,Treat myself,Wishlist,False,True,Web,1
289,70,391,2025-08-13T00:00:00Z,,2025-12-24T00:00:00Z,44.4,38.16,Medium,,Wishlist,False,False,Web,1
290,221,313,2024-10-13T00:00:00Z,,2025-10-04T00:00:00Z,1217.0,1044.29,High,,Future Purchases,False,False,Social Media,2
291,98,160,2024-07-18T00:00:00Z,,2024-12-12T00:00:00Z,261.49,271.18,High,Need to save up,Dream Items,False,False,Android,1
292,94,221,2025-04-22T00:00:00Z,,2025-06-02T00:00:00Z,126.36,145.08,High,Housewarming gift,Wishlist,True,True,Web,1
293,330,380,2024-11-03T00:00:00Z,,,729.31,826.71,Low,,Future Purchases,False,False,Android,1
294,481,135,2025-02-24T00:00:00Z,,,80.26,88.01,Medium,Wait for sale,Wishlist,False,True,Mobile App,2
295,38,115,2025-11-11T00:00:00Z,2025-11-21T00:00:00Z,,12.56,14.28,Medium,,Dream Items,False,False,Social Media,1
296,297,454,2025-04-14T00:00:00Z,2025-07-17T00:00:00Z,,20.9,22.74,Medium,,Gift Ideas,False,True,Mobile App,1
297,232,251,2024-03-13T00:00:00Z,,2024-09-24T00:00:00Z,393.53,353.87,Medium,Birthday present,Gift Ideas,False,False,Web,1
298,426,41,2024-09-18T00:00:00Z,,,199.76,223.65,Medium,,Gift Ideas,False,True,Social Media,1
299,53,153,2024-01-15T00:00:00Z,,,432.84,369.21,Medium,Treat myself,Future Purchases,False,False,Web,3
300,40,116,2024-03-04T00:00:00Z,,,465.99,474.34,High,Birthday present,Gift Ideas,False,False,iOS,1
301,204,175,2025-05-12T00:00:00Z,,,1387.45,1236.34,High,Compare prices first,Wishlist,True,True,Web,2
302,379,464,2025-08-12T00:00:00Z,,2025-11-30T00:00:00Z,125.01,133.69,Medium,Maybe later,Gift Ideas,False,False,Web,1
303,325,56,2025-04-13T00:00:00Z,,,409.39,428.88,Low,Compare prices first,Wishlist,False,False,Web,1
304,229,270,2025-02-07T00:00:00Z,2025-07-25T00:00:00Z,,733.99,719.09,Medium,,Wishlist,False,True,iOS,1
305,288,38,2025-11-14T00:00:00Z,,,153.42,155.36,Medium,Office supplies,Gift Ideas,False,False,Email Link,1
306,300,462,2024-07-11T00:00:00Z,2024-10-16T00:00:00Z,,251.66,267.12,Medium,Wedding registry,Future Purchases,False,False,Android,1
307,106,39,2025-04-04T00:00:00Z,,,59.03,53.09,Medium,Housewarming gift,Gift Ideas,False,False,Web,2
308,49,145,2025-11-30T00:00:00Z,,,136.37,149.93,Medium,,Wishlist,True,True,QR Code,1
309,188,188,2025-11-08T00:00:00Z,,,960.8,889.14,Medium,,Wishlist,False,False,Email Link,1
310,3,43,2024-08-11T00:00:00Z,,,259.85,291.2,Low,Housewarming gift,Future Purchases,False,False,Social Media,1
311,165,370,2025-12-22T00:00:00Z,,,256.71,260.05,Low,,Wishlist,False,False,Web,2
312,415,215,2024-12-11T00:00:00Z,,,20.42,19.05,Medium,,Gift Ideas,False,True,Web,1
313,261,65,2025-08-31T00:00:00Z,,2025-09-24T00:00:00Z,61.02,52.84,Medium,Treat myself,Wishlist,True,True,QR Code,1
314,457,90,2024-10-15T00:00:00Z,2025-02-22T00:00:00Z,,85.57,88.23,High,,Gift Ideas,False,False,Web,1
315,221,273,2024-11-04T00:00:00Z,,,57.76,53.83,High,,Wishlist,False,False,Social Media,1
316,392,130,2024-04-14T00:00:00Z,,,745.47,831.78,Medium,Home upgrade,Wishlist,False,False,iOS,1
317,269,110,2025-10-15T00:00:00Z,,,534.23,550.85,Low,Maybe later,Wishlist,False,True,Email Link,1
318,438,476,2024-06-18T00:00:00Z,,2024-12-08T00:00:00Z,1452.42,1272.14,Medium,Home upgrade,Future Purchases,False,False,iOS,2
319,217,91,2024-11-11T00:00:00Z,,,59.47,52.21,Low,Need to save up,Wishlist,False,False,QR Code,2
320,294,441,2025-05-11T00:00:00Z,,2025-06-18T00:00:00Z,90.47,77.8,Medium,Housewarming gift,Wishlist,False,True,Web,1
321,257,427,2025-05-05T00:00:00Z,2025-08-16T00:00:00Z,,137.59,128.6,High,Back to school,Wishlist,False,False,Social Media,1
322,352,159,2024-03-10T00:00:00Z,,,32.23,28.17,Low,,Wishlist,False,False,Web,1
323,226,65,2024-12-27T00:00:00Z,,2025-01-17T00:00:00Z,61.02,56.28,Medium,Gift for mom,Dream Items,False,False,Web,4
324,418,255,2024-04-15T00:00:00Z,,,426.79,415.22,High,,Gift Ideas,False,False,Web,1
325,439,344,2025-08-17T00:00:00Z,,,2229.31,2046.68,High,Christmas gift,Wishlist,True,True,Android,1
326,347,332,2024-04-26T00:00:00Z,2024-07-07T00:00:00Z,,33.87,31.17,Low,For the kids,Wishlist,False,False,Web,3
327,465,391,2024-02-23T00:00:00Z,,,44.4,50.19,Medium,,Wishlist,True,True,Web,1
328,412,464,2024-08-16T00:00:00Z,,,125.01,107.21,High,Christmas gift,Wishlist,False,False,Web,2
329,79,111,2025-11-28T00:00:00Z,2025-12-21T00:00:00Z,,1148.98,1018.86,High,,Gift Ideas,False,True,iOS,3
330,233,496,2025-02-05T00:00:00Z,,,62.5,66.02,Medium,Maybe later,Gift Ideas,False,False,Social Media,3
331,116,483,2024-10-18T00:00:00Z,,,1130.4,1261.26,Low,Back to school,Gift Ideas,False,False,Mobile App,2
332,309,291,2024-11-11T00:00:00Z,2025-04-29T00:00:00Z,,44.4,41.53,Medium,,Wishlist,False,False,Social Media,2
333,455,89,2025-08-19T00:00:00Z,2025-10-15T00:00:00Z,,513.91,564.06,High,Wait for sale,Wishlist,False,False,Mobile App,1
334,138,414,2025-09-08T00:00:00Z,,2025-09-10T00:00:00Z,340.19,339.62,Medium,,Wishlist,False,False,Web,2
335,440,113,2025-09-05T00:00:00Z,,2025-11-09T00:00:00Z,206.93,221.21,High,,Wishlist,True,True,Web,1
336,453,423,2024-01-30T00:00:00Z,,,127.71,114.65,Medium,Compare prices first,Future Purchases,False,True,Mobile App,1
337,16,313,2025-10-24T00:00:00Z,,,1217.0,1202.79,Medium,For the kids,Dream Items,False,False,QR Code,1
338,237,372,2024-03-16T00:00:00Z,,2024-12-22T00:00:00Z,221.0,223.96,Medium,Wait for sale,Wishlist,False,False,Mobile App,1
339,365,494,2024-11-02T00:00:00Z,,,91.91,83.07,Medium,For the kids,Dream Items,False,False,Web,1
340,359,154,2024-02-28T00:00:00Z,2024-05-31T00:00:00Z,,382.99,384.32,High,For the kids,Dream Items,False,False,Web,1
341,123,134,2025-09-28T00:00:00Z,2025-10-30T00:00:00Z,,82.81,85.19,Low,,Wishlist,False,False,Email Link,1
342,18,476,2025-11-05T00:00:00Z,,,1452.42,1446.38,High,,Dream Items,False,False,Web,3
343,70,170,2025-06-28T00:00:00Z,,,244.27,258.21,Medium,Need to save up,Wishlist,False,True,Mobile App,1
344,89,63,2025-02-15T00:00:00Z,2025-05-14T00:00:00Z,,406.16,382.73,Medium,,Gift Ideas,False,False,QR Code,1
345,419,209,2025-01-09T00:00:00Z,,,170.8,153.69,Low,Anniversary gift,Dream Items,False,False,Web,1
346,93,35,2025-03-15T00:00:00Z,,,601.24,677.43,Medium,Treat myself,Wishlist,False,False,Android,1
347,31,2,2024-06-04T00:00:00Z,2024-06-15T00:00:00Z,,934.87,1072.79,High,,Wishlist,False,False,iOS,1
348,299,179,2025-12-01T00:00:00Z,,,235.24,215.0,Medium,,Wishlist,True,True,Web,1
349,264,113,2024-06-23T00:00:00Z,,,206.93,200.12,Medium,Wait for sale,Wishlist,False,True,iOS,1
350,5,328,2024-03-02T00:00:00Z,,,64.82,65.7,High,,Wishlist,False,False,iOS,1
351,493,469,2025-10-20T00:00:00Z,,2025-12-01T00:00:00Z,152.93,175.42,High,Back to school,Wishlist,False,False,QR Code,2
352,310,407,2024-04-13T00:00:00Z,,2024-07-02T00:00:00Z,261.02,242.75,Medium,,Wishlist,False,False,Android,1
353,168,122,2025-08-12T00:00:00Z,,,101.65,101.83,Medium,Home upgrade,Wishlist,True,True,Mobile App,1
354,302,295,2025-06-16T00:00:00Z,,,238.26,236.42,Low,Office supplies,Wishlist,False,False,Android,1
355,31,90,2024-04-19T00:00:00Z,2024-08-28T00:00:00Z,,85.57,88.66,Medium,Office supplies,Dream Items,False,True,iOS,1
356,298,130,2024-12-08T00:00:00Z,,,745.47,755.31,Low,Gift for mom,Future Purchases,False,False,Android,1
357,66,178,2025-11-22T00:00:00Z,,,1729.24,1908.34,Medium,Birthday present,Gift Ideas,False,False,iOS,1
358,145,262,2024-04-11T00:00:00Z,,,423.36,364.7,Medium,Compare prices first,Future Purchases,False,False,Web,1
359,354,500,2025-05-11T00:00:00Z,,,48.8,46.49,High,,Wishlist,True,True,Web,1
360,356,270,2025-04-11T00:00:00Z,2025-05-15T00:00:00Z,,733.99,751.95,High,Maybe later,Wishlist,False,False,Web,1
361,201,396,2025-12-16T00:00:00Z,,,81.59,92.52,Medium,Gift for dad,Future Purchases,False,False,Web,1
362,454,18,2024-11-18T00:00:00Z,2025-01-24T00:00:00Z,,397.05,390.92,Medium,Gift for mom,Wishlist,False,True,iOS,1
363,249,482,2025-10-27T00:00:00Z,,,52.11,59.48,Low,Anniversary gift,Gift Ideas,False,False,Web,1
364,279,494,2024-12-08T00:00:00Z,2025-04-15T00:00:00Z,,91.91,78.77,Low,Wedding registry,Future Purchases,False,True,Android,4
365,369,278,2025-11-13T00:00:00Z,,2025-11-24T00:00:00Z,71.92,71.08,High,,Wishlist,False,True,Social Media,1
366,75,424,2024-05-28T00:00:00Z,,,26.23,27.4,Low,,Wishlist,False,False,Web,4
367,334,453,2025-10-18T00:00:00Z,,,488.68,468.48,Low,Treat myself,Wishlist,False,False,Web,1
368,126,169,2024-02-25T00:00:00Z,,,571.68,504.52,High,,Wishlist,False,False,iOS,1
369,326,52,2024-10-18T00:00:00Z,,,105.12,94.14,Medium,,Wishlist,False,False,Mobile App,2
370,163,12,2024-11-05T00:00:00Z,,2025-04-07T00:00:00Z,224.0,231.06,High,Christmas gift,Wishlist,True,True,Web,1
371,294,429,2025-07-19T00:00:00Z,,2025-10-01T00:00:00Z,25.2,23.77,High,Compare prices first,Dream Items,False,False,iOS,1
372,42,387,2025-11-03T00:00:00Z,,,65.89,57.55,Medium,Wedding registry,Wishlist,False,False,Android,1
373,209,158,2024-02-17T00:00:00Z,,,207.38,216.6,Medium,Housewarming gift,Wishlist,True,True,Mobile App,1
374,251,145,2024-09-10T00:00:00Z,2025-01-04T00:00:00Z,,136.37,154.02,Low,,Wishlist,True,True,Social Media,1
375,348,342,2025-03-05T00:00:00Z,,,64.55,71.29,Medium,Office supplies,Wishlist,False,False,Mobile App,1
376,166,419,2025-09-28T00:00:00Z,,,45.56,43.17,Low,,Wishlist,False,False,Android,1
377,457,317,2024-03-06T00:00:00Z,2024-08-04T00:00:00Z,,184.64,203.64,Low,Treat myself,Wishlist,False,False,Android,1
378,242,415,2025-04-20T00:00:00Z,,,158.1,145.12,Medium,,Wishlist,False,False,QR Code,1
379,140,346,2024-07-02T00:00:00Z,,,166.63,191.15,Low,Need to save up,Wishlist,False,False,Social Media,2
380,164,378,2025-11-22T00:00:00Z,,,100.56,105.48,High,Anniversary gift,Dream Items,False,False,Email Link,1
381,172,171,2024-10-01T00:00:00Z,,,263.42,256.27,Medium,Anniversary gift,Wishlist,True,True,Android,1
382,257,210,2024-09-15T00:00:00Z,,,295.3,267.96,Medium,Wedding registry,Future Purchases,False,False,QR Code,1
383,359,491,2024-09-13T00:00:00Z,2024-11-06T00:00:00Z,,1003.62,1139.64,Low,,Wishlist,False,False,Social Media,3
384,438,219,2024-08-11T00:00:00Z,,2024-11-08T00:00:00Z,183.66,202.1,Low,,Wishlist,False,False,Web,1
385,102,454,2024-05-17T00:00:00Z,,2025-01-09T00:00:00Z,20.9,23.09,Medium,,Wishlist,False,True,Social Media,1
386,195,468,2025-04-27T00:00:00Z,,2025-08-19T00:00:00Z,87.01,85.59,Medium,,Wishlist,False,False,Web,1
387,107,464,2025-10-08T00:00:00Z,2025-11-14T00:00:00Z,,125.01,107.18,Medium,Gift for mom,Gift Ideas,False,True,Mobile App,3
388,185,331,2024-11-08T00:00:00Z,,2025-10-04T00:00:00Z,45.91,46.35,Medium,,Gift Ideas,False,False,Web,2
389,469,69,2025-07-11T00:00:00Z,,2025-07-25T00:00:00Z,64.86,58.33,Low,Need to save up,Wishlist,False,False,Android,1
390,179,120,2025-06-23T00:00:00Z,,,196.59,203.8,Medium,Gift for dad,Wishlist,True,True,Mobile App,1
391,238,233,2025-12-17T00:00:00Z,,,53.41,53.0,Medium,,Future Purchases,False,False,Android,1
392,352,274,2025-05-09T00:00:00Z,,,154.45,174.27,Medium,,Wishlist,False,False,Web,1
393,233,196,2024-11-18T00:00:00Z,,,290.04,288.37,High,Office supplies,Wishlist,False,True,Email Link,1
394,102,165,2025-10-14T00:00:00Z,2025-11-04T00:00:00Z,,133.28,145.91,Medium,Gift for mom,Dream Items,False,False,iOS,2
395,342,444,2025-12-02T00:00:00Z,,,80.53,75.3,Medium,Treat myself,Wishlist,False,False,Web,3
396,253,300,2025-05-03T00:00:00Z,,,281.9,268.66,Low,Back to school,Dream Items,False,True,Mobile App,1
397,304,366,2024-03-04T00:00:00Z,,,84.07,92.39,High,,Wishlist,False,False,Android,1
398,243,107,2024-06-22T00:00:00Z,2024-11-25T00:00:00Z,,84.07,72.12,Medium,Back to school,Wishlist,True,True,Web,1
399,476,298,2024-02-12T00:00:00Z,,,1679.84,1876.85,Medium,Anniversary gift,Gift Ideas,False,False,Android,1
400,438,475,2025-04-25T00:00:00Z,,,1839.85,2054.2,Medium,,Gift Ideas,False,False,Web,1
401,238,268,2025-06-04T00:00:00Z,2025-09-03T00:00:00Z,,254.98,251.34,Medium,,Dream Items,False,False,Mobile App,5
402,341,51,2025-03-09T00:00:00Z,,,188.65,204.63,High,Treat myself,Wishlist,False,False,Mobile App,1
403,349,83,2024-01-17T00:00:00Z,,,35.12,38.6,High,Home upgrade,Dream Items,False,True,Android,1
404,195,339,2024-09-25T00:00:00Z,,,256.77,255.16,Medium,,Wishlist,False,True,Mobile App,1
405,116,208,2024-11-08T00:00:00Z,,2025-10-14T00:00:00Z,4.24,3.67,Medium,Housewarming gift,Future Purchases,False,True,Android,3
406,340,191,2025-12-08T00:00:00Z,2025-12-21T00:00:00Z,,856.4,948.4,Low,,Future Purchases,False,False,Android,1
407,27,199,2024-08-23T00:00:00Z,,2025-05-19T00:00:00Z,140.84,161.78,Medium,,Gift Ideas,False,False,iOS,1
408,465,329,2025-01-21T00:00:00Z,,,755.73,848.17,Medium,Housewarming gift,Wishlist,False,False,Web,1
409,108,104,2025-03-20T00:00:00Z,,,32.71,27.94,High,,Wishlist,False,False,Mobile App,1
410,470,368,2025-09-15T00:00:00Z,2025-12-11T00:00:00Z,,211.98,202.89,High,,Future Purchases,False,False,Email Link,1
411,370,31,2025-05-30T00:00:00Z,,,51.19,56.51,High,,Wishlist,False,False,iOS,1
412,144,273,2024-06-06T00:00:00Z,,,57.76,55.12,High,Anniversary gift,Gift Ideas,False,False,iOS,3
413,497,185,2024-12-26T00:00:00Z,2025-02-14T00:00:00Z,,1590.04,1662.24,Medium,Back to school,Dream Items,False,False,Android,1
414,241,295,2025-10-14T00:00:00Z,,,238.26,266.69,Low,Anniversary gift,Wishlist,True,True,Mobile App,2
415,138,393,2025-02-16T00:00:00Z,2025-06-13T00:00:00Z,,254.29,250.8,Medium,,Future Purchases,False,False,Web,1
416,10,201,2024-02-05T00:00:00Z,2024-04-01T00:00:00Z,,460.71,514.05,Low,Need to save up,Gift Ideas,False,False,Mobile App,1
417,127,415,2025-08-29T00:00:00Z,,2025-12-16T00:00:00Z,158.1,167.23,Medium,Treat myself,Wishlist,False,False,Web,1
418,317,93,2024-03-16T00:00:00Z,,,899.07,1003.42,Medium,Treat myself,Future Purchases,False,False,QR Code,2
419,200,121,2024-03-01T00:00:00Z,2024-04-25T00:00:00Z,,707.62,601.6,Medium,Treat myself,Gift Ideas,False,True,Mobile App,4
420,271,381,2024-12-25T00:00:00Z,,,453.14,397.31,Medium,Wedding registry,Wishlist,False,False,Mobile App,1
421,135,412,2025-12-01T00:00:00Z,,,366.17,330.72,Medium,,Future Purchases,False,False,Mobile App,1
422,452,252,2024-06-18T00:00:00Z,2024-07-16T00:00:00Z,,323.84,338.33,Medium,,Future Purchases,True,True,Web,2
423,36,52,2025-11-02T00:00:00Z,,,105.12,95.64,Low,Need to save up,Future Purchases,False,False,Android,1
424,42,453,2025-08-12T00:00:00Z,,2025-12-12T00:00:00Z,488.68,496.97,High,Maybe later,Wishlist,False,False,iOS,1
425,137,120,2024-10-30T00:00:00Z,,,196.59,195.44,Low,,Gift Ideas,False,True,Web,1
426,389,278,2025-09-05T00:00:00Z,2025-10-05T00:00:00Z,,71.92,63.49,Medium,,Gift Ideas,True,True,iOS,1
427,98,176,2025-01-29T00:00:00Z,2025-04-20T00:00:00Z,,318.15,363.94,Medium,Home upgrade,Gift Ideas,False,False,Mobile App,1
428,153,41,2025-10-24T00:00:00Z,,,199.76,212.36,Medium,,Gift Ideas,False,False,QR Code,1
429,428,224,2025-08-26T00:00:00Z,,,376.73,334.29,High,Treat myself,Wishlist,True,True,Email Link,2
430,250,282,2024-03-30T00:00:00Z,,,13.98,15.79,Medium,For the kids,Wishlist,False,False,Web,3
431,425,463,2024-06-29T00:00:00Z,,,62.85,64.61,Medium,Housewarming gift,Dream Items,True,True,Web,3
432,415,492,2025-09-12T00:00:00Z,2025-11-16T00:00:00Z,,136.92,118.85,Low,,Dream Items,False,False,Mobile App,1
433,55,381,2024-07-04T00:00:00Z,,,453.14,491.71,High,For the kids,Gift Ideas,False,False,Web,1
434,171,239,2025-07-08T00:00:00Z,2025-08-07T00:00:00Z,,491.36,494.2,Medium,Home upgrade,Wishlist,False,False,iOS,2
435,289,5,2023-12-28T00:00:00Z,,,993.19,889.2,Medium,Office supplies,Wishlist,False,False,Web,1
436,390,188,2025-12-24T00:00:00Z,,,960.8,848.06,Medium,Christmas gift,Wishlist,False,False,QR Code,1
437,62,91,2025-06-06T00:00:00Z,2025-09-12T00:00:00Z,,59.47,68.17,Low,Compare prices first,Wishlist,False,False,Android,1
438,492,137,2024-08-31T00:00:00Z,,,20.16,22.48,High,Wedding registry,Wishlist,False,True,Mobile App,1
439,31,104,2025-08-18T00:00:00Z,,,32.71,28.11,Low,,Future Purchases,False,False,iOS,2
440,279,491,2025-08-30T00:00:00Z,2025-12-15T00:00:00Z,,1003.62,1059.96,Medium,Treat myself,Future Purchases,False,True,Web,1
441,488,499,2025-11-10T00:00:00Z,2025-11-27T00:00:00Z,,114.7,123.36,Medium,,Gift Ideas,False,False,Android,1
442,469,153,2025-01-22T00:00:00Z,,,432.84,431.37,High,Anniversary gift,Wishlist,False,False,iOS,1
443,315,319,2025-06-02T00:00:00Z,,,226.96,210.51,Medium,Compare prices first,Future Purchases,True,True,Web,2
444,342,28,2025-12-20T00:00:00Z,,,298.62,255.61,Medium,,Dream Items,False,False,Social Media,1
445,398,346,2025-09-30T00:00:00Z,2025-12-05T00:00:00Z,,166.63,173.03,Low,Compare prices first,Wishlist,False,False,Web,1
446,455,359,2025-09-13T00:00:00Z,,2025-12-01T00:00:00Z,1029.18,1071.46,Medium,Anniversary gift,Wishlist,False,True,Social Media,1
447,439,469,2024-12-25T00:00:00Z,,2025-06-20T00:00:00Z,152.93,175.72,Low,Gift for dad,Dream Items,False,True,Android,2
448,380,118,2025-11-02T00:00:00Z,,,285.82,245.5,High,Wait for sale,Wishlist,False,False,Web,1
449,493,231,2025-01-23T00:00:00Z,,,1649.89,1587.14,Medium,Treat myself,Future Purchases,False,False,Mobile App,1
450,9,408,2025-01-11T00:00:00Z,2025-06-18T00:00:00Z,,582.48,528.87,Medium,,Wishlist,False,False,Web,1
451,363,312,2024-04-26T00:00:00Z,2024-06-19T00:00:00Z,,101.5,89.45,Medium,Maybe later,Gift Ideas,True,True,Web,1
452,428,5,2025-10-04T00:00:00Z,,,993.19,1060.39,Medium,,Gift Ideas,False,True,iOS,1
453,322,50,2024-12-23T00:00:00Z,,,175.24,198.41,Medium,,Wishlist,False,False,Web,1
454,198,273,2024-01-02T00:00:00Z,,,57.76,62.08,Medium,Christmas gift,Gift Ideas,False,False,Email Link,1
455,21,373,2024-05-06T00:00:00Z,2024-09-08T00:00:00Z,,180.89,187.39,Low,,Wishlist,False,False,QR Code,3
456,448,8,2024-03-04T00:00:00Z,,,870.7,872.75,Low,,Gift Ideas,False,False,Web,1
457,342,229,2025-02-15T00:00:00Z,,,1479.14,1450.71,High,Compare prices first,Future Purchases,True,True,Email Link,1
458,90,179,2024-12-23T00:00:00Z,,,235.24,220.58,Medium,Need to save up,Gift Ideas,False,False,Web,1
459,293,74,2025-08-13T00:00:00Z,2025-11-05T00:00:00Z,,746.97,832.1,Low,,Future Purchases,False,False,iOS,1
460,116,226,2025-04-24T00:00:00Z,2025-07-20T00:00:00Z,,621.86,677.42,Medium,Home upgrade,Wishlist,False,True,Mobile App,1
461,241,262,2024-11-29T00:00:00Z,,,423.36,448.15,Low,Birthday present,Wishlist,False,False,Social Media,1
462,203,137,2025-10-29T00:00:00Z,,,20.16,20.95,Medium,,Wishlist,True,True,Email Link,1
463,436,411,2025-06-02T00:00:00Z,,,84.88,72.58,Low,,Wishlist,False,False,Web,1
464,44,424,2024-12-25T00:00:00Z,,,26.23,25.16,Low,,Future Purchases,False,False,Web,2
465,450,229,2024-10-27T00:00:00Z,,,1479.14,1546.52,Medium,,Dream Items,True,True,Social Media,2
466,327,422,2024-06-11T00:00:00Z,,,771.74,850.23,Medium,,Gift Ideas,False,False,Mobile App,2
467,325,6,2024-02-15T00:00:00Z,,,119.78,124.48,Medium,,Future Purchases,False,True,iOS,2
468,218,321,2024-08-16T00:00:00Z,,,82.28,84.65,Low,Anniversary gift,Wishlist,False,True,Web,1
469,77,336,2024-09-23T00:00:00Z,2024-09-30T00:00:00Z,,1612.21,1599.89,Medium,Gift for mom,Wishlist,False,False,Web,2
470,193,198,2025-11-05T00:00:00Z,,,275.96,316.17,Medium,For the kids,Wishlist,False,False,Web,1
471,74,120,2025-12-19T00:00:00Z,,2025-12-24T00:00:00Z,196.59,218.44,Medium,,Wishlist,False,False,iOS,1
472,418,409,2024-09-13T00:00:00Z,,,882.4,1005.46,High,Maybe later,Gift Ideas,False,False,Email Link,1
473,142,447,2024-05-22T00:00:00Z,,,154.54,158.96,Medium,,Gift Ideas,False,True,Web,5
474,223,389,2024-08-25T00:00:00Z,,,327.83,364.96,Medium,Maybe later,Future Purchases,False,False,Android,1
475,491,143,2024-03-24T00:00:00Z,2024-08-30T00:00:00Z,,618.02,605.75,High,Housewarming gift,Gift Ideas,False,False,Mobile App,1
476,496,238,2025-09-16T00:00:00Z,,,1813.44,1723.47,Low,For the kids,Wishlist,False,True,Web,1
477,184,405,2025-02-20T00:00:00Z,,,1372.84,1475.63,Medium,Gift for mom,Future Purchases,False,True,Web,1
478,5,414,2025-12-21T00:00:00Z,,,340.19,378.35,High,Gift for mom,Future Purchases,False,False,Android,1
479,409,500,2024-02-20T00:00:00Z,,,48.8,43.24,Medium,Need to save up,Dream Items,False,False,Android,1
480,393,309,2024-06-30T00:00:00Z,,,91.44,84.58,Medium,Need to save up,Wishlist,False,False,Android,1
481,372,260,2025-10-19T00:00:00Z,2025-11-20T00:00:00Z,,234.03,232.49,Low,Compare prices first,Wishlist,False,False,Android,3
482,229,213,2025-05-13T00:00:00Z,,,61.84,65.57,Medium,Housewarming gift,Wishlist,False,True,Mobile App,1
483,279,77,2025-03-14T00:00:00Z,,,46.43,39.89,Low,,Future Purchases,False,True,iOS,1
484,460,488,2025-07-15T00:00:00Z,,,127.93,129.26,High,Home upgrade,Future Purchases,False,False,Social Media,1
485,47,402,2025-04-26T00:00:00Z,2025-06-13T00:00:00Z,,224.2,212.33,High,Gift for mom,Wishlist,False,False,Android,1
486,374,479,2024-04-28T00:00:00Z,,,218.28,243.2,Low,Back to school,Wishlist,False,False,Social Media,1
487,232,416,2024-11-17T00:00:00Z,,,287.28,298.86,Medium,For the kids,Future Purchases,True,True,Android,1
488,53,414,2024-07-09T00:00:00Z,,,340.19,360.44,Medium,,Future Purchases,True,True,Mobile App,1
489,183,78,2024-05-05T00:00:00Z,,,88.98,86.81,Low,Christmas gift,Gift Ideas,False,False,Web,1
490,454,350,2024-11-06T00:00:00Z,,,359.85,334.43,High,Gift for mom,Gift Ideas,False,True,Mobile App,1
491,227,427,2024-04-20T00:00:00Z,,,137.59,135.16,Low,,Wishlist,False,False,iOS,2
492,494,12,2025-09-14T00:00:00Z,,,224.0,249.13,Medium,Gift for mom,Wishlist,False,True,Android,3
493,432,102,2024-04-19T00:00:00Z,,2024-11-13T00:00:00Z,580.65,577.52,Medium,,Future Purchases,False,False,iOS,1
494,427,381,2025-08-02T00:00:00Z,,,453.14,418.45,Low,Christmas gift,Wishlist,False,False,iOS,1
495,493,414,2025-05-16T00:00:00Z,2025-10-15T00:00:00Z,,340.19,348.21,Low,,Wishlist,True,True,Web,1
496,9,441,2025-03-01T00:00:00Z,,,90.47,98.45,Low,,Dream Items,False,False,Social Media,1
497,310,232,2023-12-26T00:00:00Z,,,1268.87,1339.54,Medium,,Wishlist,False,True,Social Media,2
498,300,349,2024-10-30T00:00:00Z,,,635.35,605.14,Medium,,Gift Ideas,False,False,Web,1
499,257,176,2024-01-09T00:00:00Z,,,318.15,321.84,Low,Anniversary gift,Wishlist,False,False,iOS,1
500,243,445,2025-01-04T00:00:00Z,,2025-10-30T00:00:00Z,1541.47,1536.54,High,Treat myself,Gift Ideas,False,True,Web,1
501,272,293,2025-06-09T00:00:00Z,,,137.28,130.78,High,Anniversary gift,Gift Ideas,False,False,Web,2
502,258,54,2025-01-29T00:00:00Z,,2025-09-22T00:00:00Z,1494.0,1523.32,Low,Wedding registry,Future Purchases,False,False,Email Link,1
503,286,37,2024-10-29T00:00:00Z,2025-02-11T00:00:00Z,,660.53,588.51,Low,Wedding registry,Future Purchases,False,False,Android,1
504,221,245,2025-03-11T00:00:00Z,,,100.81,109.8,High,Wait for sale,Wishlist,False,False,Social Media,1
505,381,75,2024-01-21T00:00:00Z,,,339.97,363.66,High,,Gift Ideas,False,True,Web,1
506,235,306,2024-02-03T00:00:00Z,,,98.25,86.59,High,Christmas gift,Wishlist,True,True,Email Link,1
507,486,454,2025-09-17T00:00:00Z,,,20.9,22.09,Medium,Need to save up,Future Purchases,False,True,Web,5
508,201,227,2025-07-12T00:00:00Z,,,152.3,154.22,Low,Gift for mom,Wishlist,False,False,Email Link,1
509,321,203,2025-10-07T00:00:00Z,,,94.19,89.57,High,Home upgrade,Gift Ideas,False,False,Web,3
510,370,453,2025-10-21T00:00:00Z,2025-12-07T00:00:00Z,,488.68,515.08,Low,Compare prices first,Dream Items,False,False,Social Media,2
511,214,371,2024-02-04T00:00:00Z,,,345.81,351.52,Medium,Need to save up,Wishlist,False,False,iOS,1
512,101,487,2025-11-05T00:00:00Z,,,424.39,443.29,Medium,,Dream Items,False,True,iOS,2
513,72,417,2024-09-27T00:00:00Z,,2025-04-05T00:00:00Z,41.57,36.64,Medium,Christmas gift,Wishlist,False,True,Mobile App,1
514,483,499,2024-07-13T00:00:00Z,,,114.7,119.7,Medium,Wait for sale,Gift Ideas,False,False,Web,5
515,137,354,2025-09-09T00:00:00Z,,,156.7,138.89,Low,Office supplies,Future Purchases,False,False,iOS,1
516,394,92,2025-10-29T00:00:00Z,,2025-11-09T00:00:00Z,476.17,487.69,High,Gift for mom,Future Purchases,False,False,iOS,2
517,67,73,2025-09-11T00:00:00Z,,,104.94,105.52,High,,Dream Items,False,False,iOS,1
518,107,13,2024-04-30T00:00:00Z,2024-07-29T00:00:00Z,,119.0,132.97,Medium,Gift for dad,Gift Ideas,False,True,QR Code,2
519,176,409,2025-04-21T00:00:00Z,,,882.4,940.77,Medium,Maybe later,Wishlist,False,False,Mobile App,2
520,201,134,2025-11-20T00:00:00Z,,,82.81,88.85,Low,Compare prices first,Wishlist,False,True,Web,1
521,116,119,2024-05-24T00:00:00Z,,,222.7,219.62,Medium,Need to save up,Wishlist,True,True,Web,1
522,179,327,2024-08-29T00:00:00Z,,,160.21,162.88,Medium,Wedding registry,Dream Items,True,True,Web,1
523,174,196,2025-09-29T00:00:00Z,,,290.04,251.38,Medium,Wait for sale,Gift Ideas,False,True,Web,1
524,392,331,2025-01-30T00:00:00Z,2025-02-17T00:00:00Z,,45.91,50.72,Medium,Need to save up,Wishlist,False,False,iOS,1
525,108,75,2025-07-12T00:00:00Z,,,339.97,346.32,Medium,Home upgrade,Wishlist,False,False,Android,3
526,412,486,2024-02-12T00:00:00Z,,,415.81,456.43,High,,Gift Ideas,False,False,QR Code,1
527,247,485,2025-01-24T00:00:00Z,,,493.06,560.02,Medium,,Gift Ideas,True,True,Web,2
528,491,225,2025-09-23T00:00:00Z,,,11.07,12.46,Medium,,Wishlist,False,False,Mobile App,1
529,409,349,2025-03-12T00:00:00Z,,,635.35,596.3,High,,Future Purchases,True,True,Web,1
530,196,460,2025-02-04T00:00:00Z,,2025-11-10T00:00:00Z,265.23,238.04,Low,Birthday present,Wishlist,False,False,Mobile App,1
531,110,34,2024-10-02T00:00:00Z,,,946.98,986.72,Low,,Wishlist,False,False,Mobile App,2
532,174,321,2025-06-30T00:00:00Z,,,82.28,87.66,Medium,Home upgrade,Gift Ideas,False,False,Social Media,1
533,88,40,2024-02-04T00:00:00Z,,,28.74,27.12,Medium,Gift for mom,Dream Items,False,False,iOS,1
534,472,317,2024-02-11T00:00:00Z,,2024-05-03T00:00:00Z,184.64,198.0,Medium,,Wishlist,False,False,iOS,1
535,223,168,2025-01-22T00:00:00Z,,,352.24,392.05,Low,Wedding registry,Wishlist,False,False,Social Media,1
536,171,16,2025-11-09T00:00:00Z,2025-12-09T00:00:00Z,,692.72,682.64,High,,Future Purchases,False,False,Android,1
537,117,255,2025-12-19T00:00:00Z,,2025-12-20T00:00:00Z,426.79,384.63,Medium,,Dream Items,False,False,Mobile App,1
538,38,26,2025-05-03T00:00:00Z,,,1484.84,1689.57,Medium,Back to school,Wishlist,False,False,QR Code,1
539,465,256,2024-09-09T00:00:00Z,2024-09-19T00:00:00Z,,473.23,480.34,Low,,Wishlist,False,False,Web,1
540,309,434,2024-08-29T00:00:00Z,,,521.01,451.01,High,,Gift Ideas,False,True,QR Code,1
541,95,227,2024-03-14T00:00:00Z,2024-06-30T00:00:00Z,,152.3,165.23,Low,Need to save up,Wishlist,False,False,Android,1
542,460,419,2025-12-22T00:00:00Z,2025-12-25T00:00:00Z,,45.56,43.94,Medium,,Future Purchases,False,True,Social Media,2
543,473,394,2025-12-11T00:00:00Z,,,238.97,241.83,Medium,Christmas gift,Wishlist,False,False,Android,3
544,471,177,2025-08-19T00:00:00Z,,,46.41,46.66,High,Gift for dad,Gift Ideas,False,False,iOS,1
545,283,256,2025-11-12T00:00:00Z,,,473.23,496.88,Low,,Wishlist,False,False,Web,1
546,461,182,2024-06-10T00:00:00Z,2024-10-30T00:00:00Z,,488.84,419.94,High,Need to save up,Dream Items,False,False,Mobile App,2
547,249,451,2025-10-14T00:00:00Z,,,127.31,109.56,Low,Office supplies,Wishlist,False,False,iOS,2
548,138,232,2025-04-27T00:00:00Z,,2025-08-22T00:00:00Z,1268.87,1419.31,Medium,Compare prices first,Future Purchases,False,False,Android,1
549,394,58,2025-02-25T00:00:00Z,2025-07-16T00:00:00Z,,68.4,71.19,Medium,,Gift Ideas,False,True,Web,1
550,15,475,2025-04-30T00:00:00Z,,,1839.85,1954.99,Low,,Future Purchases,True,True,Web,1
551,37,359,2024-04-17T00:00:00Z,,,1029.18,1124.36,Medium,Housewarming gift,Wishlist,False,False,Web,1
552,235,449,2025-02-27T00:00:00Z,,2025-10-30T00:00:00Z,392.03,434.15,Medium,Housewarming gift,Dream Items,False,False,Android,1
553,176,130,2024-07-26T00:00:00Z,,,745.47,833.45,Low,Gift for mom,Wishlist,False,False,Web,1
554,325,342,2025-10-01T00:00:00Z,2025-12-12T00:00:00Z,,64.55,64.63,Low,Need to save up,Wishlist,False,False,Email Link,1
555,65,145,2025-09-06T00:00:00Z,2025-10-27T00:00:00Z,,136.37,116.06,Medium,Need to save up,Future Purchases,False,False,iOS,1
556,490,491,2024-01-06T00:00:00Z,,,1003.62,1039.75,Medium,Anniversary gift,Future Purchases,False,False,Web,5
557,272,373,2025-08-06T00:00:00Z,,,180.89,158.62,High,,Gift Ideas,False,False,iOS,1
558,246,296,2025-07-27T00:00:00Z,,2025-11-21T00:00:00Z,1627.17,1420.13,Medium,For the kids,Future Purchases,True,True,Web,1
559,486,200,2024-02-19T00:00:00Z,,,899.94,935.54,Low,Maybe later,Gift Ideas,False,False,Android,1
560,222,52,2025-06-09T00:00:00Z,,2025-10-26T00:00:00Z,105.12,109.29,High,Gift for dad,Gift Ideas,False,False,Social Media,2
561,287,473,2024-03-22T00:00:00Z,,2025-02-27T00:00:00Z,309.25,327.71,Low,Back to school,Wishlist,False,False,Social Media,1
562,54,191,2024-11-06T00:00:00Z,,2025-02-19T00:00:00Z,856.4,913.13,Medium,,Wishlist,False,False,Android,1
563,304,149,2024-12-31T00:00:00Z,,,82.18,81.21,Medium,Gift for mom,Gift Ideas,True,True,Android,2
564,484,382,2024-10-22T00:00:00Z,,,230.76,236.96,Low,Housewarming gift,Future Purchases,False,False,iOS,1
565,195,420,2025-04-23T00:00:00Z,2025-05-05T00:00:00Z,,348.82,385.86,Medium,,Dream Items,False,False,Android,1
566,281,387,2025-08-08T00:00:00Z,,,65.89,69.14,Low,,Gift Ideas,False,False,Email Link,1
567,339,385,2025-05-17T00:00:00Z,,,485.58,477.63,Medium,Christmas gift,Gift Ideas,False,False,Web,1
568,393,54,2025-11-03T00:00:00Z,2025-11-27T00:00:00Z,,1494.0,1505.06,High,Gift for mom,Future Purchases,False,False,QR Code,1
569,486,303,2024-01-21T00:00:00Z,,,67.5,62.88,Medium,Maybe later,Gift Ideas,False,True,Mobile App,1
570,107,240,2024-08-25T00:00:00Z,2024-10-11T00:00:00Z,,323.63,283.84,Medium,,Wishlist,False,False,QR Code,1
571,296,69,2024-08-29T00:00:00Z,,2024-11-06T00:00:00Z,64.86,67.86,Medium,Home upgrade,Wishlist,False,False,Social Media,1
572,435,153,2024-11-19T00:00:00Z,2025-02-25T00:00:00Z,,432.84,483.89,Medium,Gift for dad,Dream Items,False,False,Mobile App,1
573,447,338,2024-03-06T00:00:00Z,,,21.79,18.93,Low,,Wishlist,True,True,Email Link,1
574,318,317,2024-06-23T00:00:00Z,,,184.64,191.02,High,Home upgrade,Wishlist,False,True,Web,1
575,388,444,2025-08-20T00:00:00Z,,2025-12-04T00:00:00Z,80.53,80.77,High,,Wishlist,False,False,iOS,1
576,68,27,2025-04-17T00:00:00Z,2025-08-21T00:00:00Z,,266.52,236.6,Low,,Wishlist,False,False,Email Link,1
577,470,259,2025-10-15T00:00:00Z,,,153.81,162.08,Low,,Wishlist,False,False,Web,2
578,216,113,2025-01-19T00:00:00Z,,2025-08-20T00:00:00Z,206.93,190.24,Medium,,Dream Items,False,True,QR Code,1
579,199,366,2024-10-24T00:00:00Z,,,84.07,72.51,Medium,,Wishlist,False,True,Email Link,1
580,166,48,2024-03-29T00:00:00Z,2024-06-30T00:00:00Z,,746.22,854.08,Medium,Compare prices first,Gift Ideas,True,True,iOS,1
581,206,340,2025-10-28T00:00:00Z,,,1050.39,1091.48,Medium,Home upgrade,Wishlist,True,True,Social Media,1
582,401,40,2025-07-27T00:00:00Z,,,28.74,26.26,Medium,Anniversary gift,Gift Ideas,False,False,QR Code,1
583,154,160,2025-04-21T00:00:00Z,,,261.49,266.57,High,Compare prices first,Gift Ideas,False,False,Mobile App,1
584,159,233,2025-07-21T00:00:00Z,,,53.41,50.5,Medium,,Wishlist,False,False,Web,2
585,380,104,2025-05-22T00:00:00Z,,,32.71,35.3,High,,Gift Ideas,False,False,Web,1
586,195,180,2025-01-30T00:00:00Z,2025-03-06T00:00:00Z,,26.12,26.31,Medium,Christmas gift,Gift Ideas,False,False,Web,2
587,138,68,2025-09-21T00:00:00Z,,,145.25,126.25,Low,Anniversary gift,Future Purchases,False,False,Email Link,1
588,32,345,2025-06-05T00:00:00Z,,,151.88,165.47,Medium,Christmas gift,Wishlist,False,False,iOS,1
589,354,96,2024-03-16T00:00:00Z,,,656.65,748.78,High,,Future Purchases,True,True,Web,2
590,223,102,2025-10-10T00:00:00Z,,,580.65,633.21,Medium,Gift for mom,Gift Ideas,False,False,iOS,2
591,278,390,2025-12-11T00:00:00Z,2025-12-19T00:00:00Z,,98.86,84.42,High,,Wishlist,True,True,iOS,1
592,218,130,2025-11-23T00:00:00Z,,,745.47,682.9,Medium,Office supplies,Wishlist,False,True,Social Media,1
593,261,19,2025-02-12T00:00:00Z,2025-04-22T00:00:00Z,,219.56,193.36,Medium,,Wishlist,False,False,Social Media,1
594,471,462,2025-11-05T00:00:00Z,2025-11-19T00:00:00Z,,251.66,236.24,Low,For the kids,Dream Items,False,False,Android,1
595,330,479,2024-02-01T00:00:00Z,,,218.28,250.81,Medium,Christmas gift,Wishlist,False,False,Mobile App,1
596,173,199,2025-07-17T00:00:00Z,,,140.84,142.23,Medium,,Future Purchases,False,True,iOS,2
597,126,159,2025-09-19T00:00:00Z,2025-10-08T00:00:00Z,,32.23,31.01,Medium,Maybe later,Gift Ideas,False,True,Android,1
598,380,261,2025-09-09T00:00:00Z,,,259.88,226.64,Medium,Office supplies,Wishlist,False,False,Social Media,3
599,65,287,2025-10-25T00:00:00Z,,,404.97,376.88,High,Wedding registry,Gift Ideas,False,False,Social Media,1
600,346,105,2025-04-05T00:00:00Z,,2025-10-11T00:00:00Z,24.47,22.39,Low,Gift for mom,Wishlist,False,False,iOS,5
601,424,6,2025-06-17T00:00:00Z,,,119.78,134.48,Medium,For the kids,Wishlist,True,True,Android,2
602,475,394,2024-10-22T00:00:00Z,,,238.97,213.36,High,,Future Purchases,False,False,Email Link,1
603,473,53,2025-11-17T00:00:00Z,,,1144.2,1123.9,High,,Future Purchases,False,False,Web,1
604,136,321,2025-09-23T00:00:00Z,2025-11-15T00:00:00Z,,82.28,76.29,High,Compare prices first,Wishlist,False,False,QR Code,1
605,56,288,2025-08-19T00:00:00Z,,,31.48,30.39,Low,,Wishlist,False,True,iOS,1
606,232,283,2024-04-23T00:00:00Z,2024-05-02T00:00:00Z,,1198.51,1047.96,Medium,Housewarming gift,Wishlist,False,False,Web,1
607,344,311,2025-11-06T00:00:00Z,2025-11-25T00:00:00Z,,104.55,116.53,Medium,,Gift Ideas,False,False,Android,1
608,108,421,2025-01-26T00:00:00Z,,2025-04-30T00:00:00Z,1704.26,1562.67,Medium,Christmas gift,Wishlist,False,False,Android,1
609,483,50,2024-09-26T00:00:00Z,,,175.24,191.05,Low,Back to school,Wishlist,False,False,Android,2
610,43,449,2025-11-09T00:00:00Z,,,392.03,381.1,Medium,,Future Purchases,False,False,Social Media,1
611,484,324,2024-08-30T00:00:00Z,,2025-04-04T00:00:00Z,69.69,65.51,Medium,,Wishlist,True,True,Mobile App,1
612,70,327,2025-07-31T00:00:00Z,,2025-11-14T00:00:00Z,160.21,183.5,Low,Maybe later,Wishlist,True,True,Android,1
613,308,190,2024-06-09T00:00:00Z,,,130.25,134.69,Medium,Wedding registry,Wishlist,False,True,Web,1
614,241,338,2025-07-28T00:00:00Z,2025-12-20T00:00:00Z,,21.79,19.99,Low,Need to save up,Dream Items,False,False,Social Media,1
615,488,27,2025-09-01T00:00:00Z,2025-11-18T00:00:00Z,,266.52,303.46,High,,Gift Ideas,False,False,Web,2
616,187,287,2024-12-25T00:00:00Z,,,404.97,390.49,Medium,Wedding registry,Wishlist,False,False,Web,1
617,279,209,2025-08-12T00:00:00Z,,2025-12-24T00:00:00Z,170.8,149.67,Low,Birthday present,Wishlist,False,False,Web,2
618,203,314,2025-12-14T00:00:00Z,,,373.53,392.15,High,,Wishlist,False,False,Web,1
619,328,155,2025-12-08T00:00:00Z,2025-12-16T00:00:00Z,,2193.18,2094.66,Medium,Wait for sale,Gift Ideas,False,False,iOS,3
620,36,202,2025-03-16T00:00:00Z,2025-04-30T00:00:00Z,,367.03,396.72,High,,Wishlist,False,False,Email Link,1
621,223,261,2024-07-13T00:00:00Z,2024-08-10T00:00:00Z,,259.88,234.98,Medium,,Wishlist,False,False,Web,1
622,473,433,2025-11-28T00:00:00Z,,,210.06,211.88,Medium,,Gift Ideas,False,False,iOS,5
623,16,301,2025-02-11T00:00:00Z,,2025-03-23T00:00:00Z,33.97,37.66,Medium,,Wishlist,False,False,Web,1
624,428,326,2025-07-06T00:00:00Z,,2025-10-30T00:00:00Z,698.87,742.62,Low,For the kids,Dream Items,False,True,Web,2
625,140,18,2025-12-15T00:00:00Z,,,397.05,435.26,Low,Christmas gift,Future Purchases,False,True,Mobile App,1
626,165,140,2025-04-25T00:00:00Z,2025-07-24T00:00:00Z,,1099.8,999.19,Medium,,Wishlist,False,False,Mobile App,1
627,484,293,2025-03-18T00:00:00Z,,,137.28,157.21,Medium,Back to school,Future Purchases,False,False,Web,1
628,238,460,2024-05-14T00:00:00Z,,,265.23,283.03,Low,,Wishlist,False,False,Social Media,2
629,144,412,2025-09-06T00:00:00Z,,,366.17,367.32,Medium,,Gift Ideas,False,False,Web,1
630,62,125,2024-12-23T00:00:00Z,,,287.02,297.99,Low,,Wishlist,True,True,Mobile App,2
631,366,176,2024-11-01T00:00:00Z,2025-02-08T00:00:00Z,,318.15,317.17,Medium,Housewarming gift,Wishlist,False,False,Web,1
632,29,57,2025-05-08T00:00:00Z,,,864.44,960.5,Medium,Maybe later,Dream Items,False,False,Web,1
633,412,318,2024-11-01T00:00:00Z,2025-04-17T00:00:00Z,,568.37,499.62,Low,Gift for dad,Wishlist,False,False,Web,1
634,258,70,2025-07-27T00:00:00Z,,,114.91,112.84,Medium,Housewarming gift,Future Purchases,False,True,Email Link,1
635,128,473,2025-06-15T00:00:00Z,,,309.25,273.65,Medium,Wedding registry,Wishlist,False,False,Web,1
636,124,218,2024-05-12T00:00:00Z,,,500.46,553.68,Medium,Birthday present,Wishlist,False,False,Web,1
637,179,215,2025-04-13T00:00:00Z,,,20.42,21.0,Medium,For the kids,Future Purchases,False,False,Web,1
638,471,208,2025-12-04T00:00:00Z,,,4.24,3.87,Medium,Wait for sale,Wishlist,False,False,iOS,2
639,62,45,2025-05-23T00:00:00Z,,,217.29,197.44,Medium,,Wishlist,False,False,Web,1
640,314,100,2025-09-22T00:00:00Z,,,212.59,228.41,Medium,,Gift Ideas,False,False,Email Link,1
641,148,466,2024-08-06T00:00:00Z,2024-11-13T00:00:00Z,,937.33,866.52,Medium,Wait for sale,Wishlist,False,False,QR Code,1
642,138,126,2025-11-30T00:00:00Z,,,712.64,611.3,High,,Wishlist,False,False,iOS,2
643,316,23,2024-03-26T00:00:00Z,,,254.81,282.21,Medium,Maybe later,Wishlist,False,False,Mobile App,1
644,237,327,2025-09-22T00:00:00Z,2025-12-24T00:00:00Z,,160.21,160.25,Medium,,Gift Ideas,True,True,Web,1
645,65,232,2024-07-02T00:00:00Z,,,1268.87,1147.62,Medium,Birthday present,Wishlist,True,True,Web,1
646,43,437,2025-04-27T00:00:00Z,2025-08-23T00:00:00Z,,335.9,314.42,Low,Home upgrade,Wishlist,True,True,Mobile App,2
647,460,31,2025-10-20T00:00:00Z,2025-11-21T00:00:00Z,,51.19,45.14,High,Wait for sale,Wishlist,False,False,iOS,2
648,464,204,2024-04-08T00:00:00Z,,,553.08,528.83,Medium,Need to save up,Future Purchases,False,True,Android,1
649,284,285,2024-01-03T00:00:00Z,,,126.67,132.3,Low,Compare prices first,Wishlist,False,True,Web,2
650,299,60,2025-10-08T00:00:00Z,2025-11-20T00:00:00Z,,125.84,127.88,Medium,Office supplies,Gift Ideas,False,False,Web,1
651,315,209,2025-06-12T00:00:00Z,,2025-12-11T00:00:00Z,170.8,175.92,Medium,Back to school,Future Purchases,False,False,Mobile App,1
652,29,472,2025-08-25T00:00:00Z,2025-09-30T00:00:00Z,,66.06,66.52,Medium,Back to school,Gift Ideas,False,False,Web,1
653,14,307,2025-05-07T00:00:00Z,,,126.97,134.84,Medium,Back to school,Future Purchases,False,False,Web,1
654,123,306,2024-09-10T00:00:00Z,,2025-07-22T00:00:00Z,98.25,110.35,Medium,Back to school,Wishlist,False,False,Web,1
655,111,470,2025-01-29T00:00:00Z,,,731.75,834.79,Medium,,Gift Ideas,False,False,Android,3
656,361,468,2025-11-29T00:00:00Z,,,87.01,83.26,Low,Office supplies,Wishlist,False,True,Web,1
657,72,491,2025-07-15T00:00:00Z,2025-12-20T00:00:00Z,,1003.62,911.84,Medium,Need to save up,Future Purchases,False,False,iOS,1
658,482,386,2025-05-21T00:00:00Z,2025-09-29T00:00:00Z,,279.9,294.8,Medium,Anniversary gift,Wishlist,False,False,Email Link,1
659,376,188,2025-07-09T00:00:00Z,,,960.8,1038.95,Medium,,Wishlist,False,True,QR Code,1
660,412,191,2024-09-09T00:00:00Z,,,856.4,780.56,Low,Housewarming gift,Gift Ideas,False,False,Social Media,1
661,470,452,2025-09-13T00:00:00Z,,2025-11-29T00:00:00Z,192.56,216.33,High,,Dream Items,False,False,Mobile App,3
662,384,175,2025-11-13T00:00:00Z,2025-11-30T00:00:00Z,,1387.45,1544.13,Medium,Gift for mom,Wishlist,False,False,Web,1
663,389,500,2024-09-14T00:00:00Z,,,48.8,50.52,Medium,,Future Purchases,False,False,Social Media,1
664,330,255,2025-06-02T00:00:00Z,,,426.79,454.76,Low,For the kids,Wishlist,False,False,Web,2
665,318,356,2025-11-20T00:00:00Z,,2025-12-14T00:00:00Z,390.7,437.53,Medium,,Gift Ideas,False,True,Web,1
666,142,394,2024-10-14T00:00:00Z,,,238.97,221.87,Low,,Wishlist,False,False,Mobile App,2
667,325,144,2025-05-07T00:00:00Z,2025-09-21T00:00:00Z,,1082.93,1039.22,High,,Future Purchases,False,True,Web,1
668,168,61,2025-09-23T00:00:00Z,,,57.63,59.49,Medium,Gift for dad,Future Purchases,False,False,Mobile App,1
669,179,386,2024-12-24T00:00:00Z,,,279.9,292.24,High,Home upgrade,Dream Items,False,False,iOS,2
670,475,464,2025-07-27T00:00:00Z,2025-11-01T00:00:00Z,,125.01,122.23,High,Need to save up,Wishlist,False,False,Mobile App,2
671,498,80,2024-02-17T00:00:00Z,,,85.74,93.77,Low,Birthday present,Wishlist,False,False,Social Media,1
672,300,27,2025-12-15T00:00:00Z,,2025-12-24T00:00:00Z,266.52,250.96,Medium,,Wishlist,False,True,Social Media,1
673,247,154,2025-03-26T00:00:00Z,2025-07-31T00:00:00Z,,382.99,352.7,Medium,,Wishlist,False,False,Web,1
674,304,258,2024-09-01T00:00:00Z,,,477.87,519.25,High,,Wishlist,False,False,Mobile App,1
675,278,357,2024-07-17T00:00:00Z,,,1366.23,1486.93,High,Gift for dad,Future Purchases,False,False,QR Code,1
676,495,315,2024-04-24T00:00:00Z,,,947.54,848.28,Medium,,Dream Items,False,False,Social Media,1
677,27,232,2025-09-30T00:00:00Z,2025-11-11T00:00:00Z,,1268.87,1443.77,Low,For the kids,Wishlist,False,False,iOS,1
678,445,282,2025-10-05T00:00:00Z,,,13.98,15.95,High,,Wishlist,False,False,QR Code,4
679,305,470,2025-10-16T00:00:00Z,,,731.75,688.36,Medium,,Future Purchases,False,True,Web,1
680,101,325,2024-12-16T00:00:00Z,2024-12-23T00:00:00Z,,156.1,140.77,Medium,Anniversary gift,Dream Items,False,False,Email Link,1
681,296,7,2024-07-30T00:00:00Z,,,1181.48,1178.02,Medium,Treat myself,Dream Items,False,False,Web,1
682,308,207,2025-08-28T00:00:00Z,,,46.8,52.95,High,,Wishlist,True,True,Web,1
683,204,320,2024-01-24T00:00:00Z,,,219.51,217.01,Low,Office supplies,Future Purchases,False,False,Mobile App,1
684,184,321,2025-09-27T00:00:00Z,,,82.28,88.4,Medium,Office supplies,Gift Ideas,False,False,Web,1
685,432,2,2025-06-22T00:00:00Z,,,934.87,879.87,Low,Housewarming gift,Gift Ideas,False,True,Mobile App,1
686,184,25,2024-10-31T00:00:00Z,,,1421.95,1523.51,Medium,Compare prices first,Wishlist,False,False,Android,1
687,26,411,2024-09-30T00:00:00Z,,,84.88,82.67,Low,Gift for mom,Wishlist,False,False,Web,2
688,105,260,2024-09-13T00:00:00Z,,,234.03,229.5,Medium,,Wishlist,False,False,Web,1
689,454,435,2025-06-02T00:00:00Z,2025-10-28T00:00:00Z,,77.03,81.19,High,Home upgrade,Wishlist,False,False,Social Media,1
690,303,143,2024-06-24T00:00:00Z,,,618.02,695.37,Medium,Home upgrade,Wishlist,False,False,Social Media,1
691,3,370,2024-10-29T00:00:00Z,,,256.71,252.22,Medium,Birthday present,Wishlist,False,False,Mobile App,1
692,91,316,2025-03-19T00:00:00Z,,,91.48,99.22,Medium,Birthday present,Future Purchases,False,False,Social Media,1
693,141,302,2025-06-12T00:00:00Z,,,142.59,144.48,Low,,Gift Ideas,False,False,Android,1
694,212,308,2025-07-30T00:00:00Z,,,565.9,586.3,Medium,Need to save up,Wishlist,False,True,iOS,1
695,401,114,2025-11-02T00:00:00Z,,,249.98,270.99,Medium,,Dream Items,False,False,Social Media,1
696,285,295,2024-02-26T00:00:00Z,,,238.26,226.17,High,Christmas gift,Wishlist,False,False,Android,1
697,164,47,2025-09-04T00:00:00Z,,,85.17,88.2,Medium,Compare prices first,Wishlist,False,False,Web,1
698,345,489,2024-10-16T00:00:00Z,,2025-09-25T00:00:00Z,150.92,146.83,Low,Compare prices first,Wishlist,False,False,iOS,2
699,307,233,2024-06-13T00:00:00Z,2024-10-31T00:00:00Z,,53.41,46.31,High,Maybe later,Gift Ideas,False,False,QR Code,1
700,214,79,2025-07-17T00:00:00Z,,,41.54,38.24,High,Birthday present,Dream Items,False,False,iOS,2
701,251,104,2024-09-10T00:00:00Z,,2024-11-22T00:00:00Z,32.71,30.29,Medium,Birthday present,Gift Ideas,False,False,iOS,1
702,425,26,2024-06-21T00:00:00Z,2024-08-16T00:00:00Z,,1484.84,1586.73,Medium,Christmas gift,Wishlist,False,False,Web,1
703,389,84,2024-09-22T00:00:00Z,,,1161.5,989.09,Medium,,Wishlist,False,True,Web,1
704,476,458,2024-05-08T00:00:00Z,2024-08-30T00:00:00Z,,113.9,113.34,Low,Anniversary gift,Wishlist,False,False,Android,1
705,13,4,2025-10-10T00:00:00Z,,,147.53,152.38,Medium,Back to school,Wishlist,False,False,Android,1
706,48,447,2025-09-16T00:00:00Z,,2025-10-10T00:00:00Z,154.54,132.53,Low,,Future Purchases,False,False,Web,3
707,370,392,2025-01-12T00:00:00Z,2025-06-28T00:00:00Z,,598.09,534.06,High,,Dream Items,False,False,Web,1
708,381,416,2025-02-12T00:00:00Z,,,287.28,297.57,Medium,,Wishlist,False,False,Android,2
709,38,432,2024-04-15T00:00:00Z,2024-10-05T00:00:00Z,,48.65,43.03,Medium,Birthday present,Future Purchases,False,False,Web,5
710,314,373,2024-01-19T00:00:00Z,,,180.89,164.12,Medium,Christmas gift,Gift Ideas,False,False,Android,1
711,10,461,2024-01-24T00:00:00Z,,,711.37,809.88,Medium,Christmas gift,Wishlist,False,True,Email Link,1
712,1,259,2025-05-07T00:00:00Z,,,153.81,141.55,High,,Gift Ideas,False,False,Android,1
713,367,38,2025-08-20T00:00:00Z,2025-09-24T00:00:00Z,,153.42,175.32,High,For the kids,Wishlist,False,True,Web,1
714,253,110,2025-11-13T00:00:00Z,2025-12-05T00:00:00Z,,534.23,571.87,Medium,Treat myself,Gift Ideas,False,False,Social Media,1
715,353,104,2025-03-18T00:00:00Z,,,32.71,30.37,Medium,Home upgrade,Gift Ideas,False,False,iOS,1
716,151,425,2025-08-24T00:00:00Z,,,177.51,201.4,Low,,Future Purchases,False,False,Mobile App,1
717,115,181,2024-04-20T00:00:00Z,,2025-04-05T00:00:00Z,28.97,32.92,Low,,Wishlist,True,True,Mobile App,1
718,135,134,2025-03-10T00:00:00Z,,,82.81,81.59,Medium,,Gift Ideas,False,False,Android,1
719,204,223,2024-01-04T00:00:00Z,,,282.68,300.43,Medium,Maybe later,Wishlist,False,True,Email Link,2
720,4,439,2025-11-26T00:00:00Z,,2025-12-23T00:00:00Z,248.98,230.77,Medium,Gift for dad,Wishlist,False,False,Social Media,1
721,25,447,2024-10-12T00:00:00Z,2024-11-08T00:00:00Z,,154.54,173.14,Low,Need to save up,Wishlist,False,False,iOS,1
722,342,407,2023-12-29T00:00:00Z,,,261.02,283.82,High,Treat myself,Gift Ideas,False,False,QR Code,1
723,288,99,2025-07-26T00:00:00Z,2025-08-25T00:00:00Z,,932.42,920.62,High,Home upgrade,Wishlist,True,True,Mobile App,2
724,253,345,2025-09-14T00:00:00Z,2025-12-01T00:00:00Z,,151.88,139.48,Low,Wedding registry,Wishlist,False,False,Social Media,2
725,435,376,2025-11-29T00:00:00Z,,,1032.57,1096.72,Medium,,Wishlist,False,False,QR Code,1
726,94,378,2024-04-13T00:00:00Z,,,100.56,98.1,High,Gift for mom,Gift Ideas,False,False,iOS,1
727,113,115,2025-12-19T00:00:00Z,,,12.56,14.33,Medium,Housewarming gift,Wishlist,False,True,Web,1
728,321,408,2024-06-13T00:00:00Z,,,582.48,652.92,Medium,Anniversary gift,Wishlist,False,False,Social Media,1
729,357,67,2024-01-31T00:00:00Z,2024-06-24T00:00:00Z,,60.49,60.83,Medium,,Wishlist,False,False,iOS,5
730,436,450,2024-12-13T00:00:00Z,,,152.76,160.46,Low,Office supplies,Wishlist,True,True,Social Media,2
731,465,131,2024-07-28T00:00:00Z,2024-12-27T00:00:00Z,,15.41,15.35,Medium,Birthday present,Wishlist,False,True,Social Media,1
732,48,127,2025-11-17T00:00:00Z,,2025-12-17T00:00:00Z,104.13,111.76,Medium,Compare prices first,Wishlist,True,True,Android,1
733,384,315,2025-07-29T00:00:00Z,,,947.54,917.57,Medium,Need to save up,Wishlist,False,False,Web,1
734,486,108,2025-06-30T00:00:00Z,,,274.85,236.12,Low,Anniversary gift,Wishlist,False,True,iOS,1
735,230,48,2024-05-02T00:00:00Z,,,746.22,651.62,Medium,Anniversary gift,Wishlist,False,False,Email Link,1
736,286,429,2025-05-16T00:00:00Z,,2025-09-30T00:00:00Z,25.2,22.86,Low,Office supplies,Wishlist,False,True,iOS,1
737,325,242,2024-08-12T00:00:00Z,2024-12-25T00:00:00Z,,142.79,162.78,Low,Compare prices first,Future Purchases,False,False,Android,1
738,432,397,2024-10-15T00:00:00Z,,,214.11,182.05,High,,Gift Ideas,True,True,iOS,1
739,10,430,2024-10-20T00:00:00Z,,,574.94,624.39,Medium,,Gift Ideas,False,True,Mobile App,1
740,150,222,2024-03-11T00:00:00Z,,2024-03-21T00:00:00Z,668.94,590.32,Medium,,Future Purchases,False,False,iOS,1
741,369,33,2024-09-11T00:00:00Z,,,62.37,66.44,Low,Home upgrade,Gift Ideas,False,False,iOS,2
742,446,440,2024-11-03T00:00:00Z,,,216.11,189.77,High,Anniversary gift,Dream Items,False,False,Social Media,1
743,70,103,2025-08-29T00:00:00Z,,2025-10-11T00:00:00Z,408.53,359.3,Low,,Wishlist,False,True,QR Code,1
744,425,483,2025-08-04T00:00:00Z,,,1130.4,1231.32,Low,,Wishlist,False,True,Web,1
745,127,1,2025-12-15T00:00:00Z,,2025-12-24T00:00:00Z,509.16,514.53,Medium,,Gift Ideas,False,False,Social Media,1
746,89,142,2025-08-12T00:00:00Z,2025-09-14T00:00:00Z,,174.48,182.08,Medium,,Gift Ideas,False,False,iOS,3
747,413,290,2024-04-17T00:00:00Z,,,90.32,84.03,Medium,Maybe later,Gift Ideas,False,False,Mobile App,1
748,346,108,2025-12-24T00:00:00Z,,,274.85,264.28,Medium,Christmas gift,Wishlist,False,False,Android,2
749,417,265,2024-06-13T00:00:00Z,,,81.57,86.83,Medium,Maybe later,Dream Items,False,False,Social Media,1
750,153,273,2025-09-19T00:00:00Z,,2025-10-14T00:00:00Z,57.76,59.23,Low,Housewarming gift,Gift Ideas,False,False,Email Link,1
751,415,194,2025-09-07T00:00:00Z,,,339.09,380.82,High,Gift for dad,Wishlist,False,False,Social Media,1
752,408,342,2025-11-17T00:00:00Z,,,64.55,56.26,Low,Housewarming gift,Gift Ideas,False,True,Web,3
753,396,68,2025-09-29T00:00:00Z,2025-11-15T00:00:00Z,,145.25,153.6,Low,Back to school,Dream Items,False,False,iOS,1
754,464,325,2025-08-13T00:00:00Z,,2025-11-05T00:00:00Z,156.1,134.17,Medium,Home upgrade,Wishlist,False,False,Web,1
755,56,24,2024-02-21T00:00:00Z,,,19.59,20.59,Medium,,Wishlist,False,False,iOS,1
756,302,350,2025-06-06T00:00:00Z,,,359.85,409.67,Low,,Dream Items,False,False,Web,1
757,137,271,2024-02-12T00:00:00Z,2024-03-04T00:00:00Z,,119.77,136.85,Low,,Gift Ideas,True,True,Web,1
758,26,496,2025-05-25T00:00:00Z,,,62.5,66.19,High,Home upgrade,Gift Ideas,False,True,Web,1
759,43,19,2025-12-02T00:00:00Z,2025-12-12T00:00:00Z,,219.56,221.66,Medium,,Wishlist,False,False,Web,1
760,15,359,2024-02-06T00:00:00Z,2024-02-18T00:00:00Z,,1029.18,1044.27,Medium,,Dream Items,False,True,Mobile App,1
761,111,40,2025-03-03T00:00:00Z,,,28.74,32.33,Medium,Need to save up,Future Purchases,False,False,Android,1
762,400,425,2024-09-05T00:00:00Z,2024-10-16T00:00:00Z,,177.51,202.33,High,For the kids,Wishlist,False,False,Web,1
763,465,212,2024-09-17T00:00:00Z,,,57.67,63.61,High,,Future Purchases,False,False,Android,1
764,419,434,2024-07-08T00:00:00Z,,,521.01,538.09,Low,,Wishlist,False,True,Mobile App,1
765,40,152,2024-01-31T00:00:00Z,,,78.76,71.8,Low,,Gift Ideas,False,False,iOS,4
766,48,333,2025-08-26T00:00:00Z,,,441.65,384.72,Low,Home upgrade,Dream Items,False,False,Mobile App,2
767,67,338,2025-04-17T00:00:00Z,,,21.79,22.33,Low,,Wishlist,False,True,iOS,2
768,87,462,2025-04-11T00:00:00Z,,2025-06-24T00:00:00Z,251.66,240.41,Low,Housewarming gift,Dream Items,False,False,iOS,1
769,157,106,2025-05-07T00:00:00Z,2025-06-22T00:00:00Z,,1032.83,932.45,Low,Gift for mom,Future Purchases,False,False,iOS,2
770,277,204,2024-02-21T00:00:00Z,,,553.08,629.64,Medium,,Future Purchases,False,False,Social Media,2
771,101,74,2024-06-25T00:00:00Z,,,746.97,648.41,Low,Gift for dad,Wishlist,False,False,Web,1
772,196,401,2024-09-10T00:00:00Z,2025-01-06T00:00:00Z,,116.12,107.73,High,Wedding registry,Gift Ideas,False,True,Android,1
773,171,488,2025-08-25T00:00:00Z,,,127.93,119.42,Low,,Wishlist,True,True,Web,2
774,258,283,2025-04-03T00:00:00Z,2025-08-30T00:00:00Z,,1198.51,1147.52,Medium,,Gift Ideas,True,True,Android,1
775,330,218,2025-09-23T00:00:00Z,,,500.46,461.43,Medium,,Gift Ideas,False,False,Web,1
776,21,146,2024-12-17T00:00:00Z,,,612.21,689.09,Medium,Wedding registry,Wishlist,False,False,iOS,2
777,435,467,2025-06-19T00:00:00Z,,,75.23,64.26,Medium,Gift for dad,Gift Ideas,False,True,QR Code,1
778,199,255,2024-10-18T00:00:00Z,,,426.79,385.72,Medium,,Wishlist,False,False,iOS,1
779,432,436,2025-10-13T00:00:00Z,2025-11-04T00:00:00Z,,80.51,84.36,Medium,Need to save up,Wishlist,False,False,Mobile App,1
780,44,327,2025-06-08T00:00:00Z,2025-12-02T00:00:00Z,,160.21,166.58,High,,Future Purchases,False,False,Web,1
781,270,288,2024-12-17T00:00:00Z,,2025-06-29T00:00:00Z,31.48,33.1,Medium,Birthday present,Dream Items,True,True,Mobile App,2
782,472,66,2025-10-27T00:00:00Z,2025-12-23T00:00:00Z,,203.17,177.05,High,Wait for sale,Wishlist,False,False,Web,1
783,423,317,2025-01-22T00:00:00Z,,,184.64,179.52,High,,Dream Items,False,False,Mobile App,2
784,119,420,2025-04-10T00:00:00Z,,,348.82,365.74,Medium,,Gift Ideas,False,True,Web,2
785,204,97,2024-07-01T00:00:00Z,2024-07-12T00:00:00Z,,122.94,122.76,High,Gift for dad,Future Purchases,False,False,Web,1
786,393,441,2025-05-28T00:00:00Z,,,90.47,94.89,Medium,Anniversary gift,Wishlist,False,False,Android,1
787,327,14,2025-08-08T00:00:00Z,,2025-12-14T00:00:00Z,152.07,159.41,Medium,,Wishlist,False,False,Web,1
788,27,134,2024-01-23T00:00:00Z,2024-02-01T00:00:00Z,,82.81,88.78,High,Need to save up,Wishlist,False,False,Mobile App,1
789,183,204,2024-08-04T00:00:00Z,,2025-03-12T00:00:00Z,553.08,607.96,Low,,Wishlist,False,True,Email Link,1
790,331,343,2025-04-06T00:00:00Z,,2025-08-31T00:00:00Z,150.74,135.97,Low,,Gift Ideas,False,False,Social Media,1
791,180,99,2025-12-21T00:00:00Z,,,932.42,923.81,Medium,,Future Purchases,False,False,Web,1
792,7,468,2025-06-10T00:00:00Z,,,87.01,98.57,Low,Birthday present,Wishlist,False,False,iOS,3
793,363,444,2024-03-11T00:00:00Z,,,80.53,87.63,Low,,Wishlist,True,True,Android,1
794,401,394,2025-06-12T00:00:00Z,,,238.97,220.23,Medium,Back to school,Gift Ideas,False,False,Social Media,1
795,493,232,2025-03-19T00:00:00Z,,2025-04-18T00:00:00Z,1268.87,1373.9,Medium,Birthday present,Dream Items,False,True,QR Code,3
796,287,181,2023-12-27T00:00:00Z,2024-03-01T00:00:00Z,,28.97,26.71,Medium,Compare prices first,Gift Ideas,False,False,Web,2
797,2,285,2025-02-21T00:00:00Z,,,126.67,144.12,Medium,Treat myself,Wishlist,False,False,Web,1
798,329,131,2024-02-10T00:00:00Z,,,15.41,15.59,High,Christmas gift,Wishlist,False,False,Web,1
799,28,48,2025-01-16T00:00:00Z,2025-06-14T00:00:00Z,,746.22,818.91,Medium,,Gift Ideas,False,False,iOS,1
800,206,498,2024-12-05T00:00:00Z,,,534.57,482.03,Medium,,Wishlist,False,False,iOS,1
